wall_time_s,monotonic_time_s,sim_time_s,left_ankle_pitch_joint_qpos_rad,left_ankle_roll_joint_qpos_rad,right_ankle_pitch_joint_qpos_rad,right_ankle_roll_joint_qpos_rad,left_ankle_pitch_joint_qvel_rad_s,left_ankle_roll_joint_qvel_rad_s,right_ankle_pitch_joint_qvel_rad_s,right_ankle_roll_joint_qvel_rad_s,vy_body_mps
1791433644.135545,5574.702924659,0.001,-3.9032015691133995e-07,6.722365840855724e-06,-4.1763813053869826e-07,-6.850762257787081e-06,-0.0003903201569113399,0.006722365840855725,-0.00041763813053869825,-0.006850762257787081,3.0284054517871486e-06
1791433644.1600468,5574.727421159,0.02100000000000001,3.156100378822591e-07,1.3430944860790796e-05,3.3826688236401266e-07,-1.3629056506500084e-05,0.00017436007722987061,-0.0002833399994336791,0.00018306775667018352,0.00029612338776865694,3.50050276219234e-05
1791433644.1847904,5574.752148526,0.04100000000000003,6.202869135482007e-07,2.4487743685051222e-05,5.960066345190663e-07,-2.4912931537651058e-05,2.373646290302749e-05,0.0006747476840019429,2.0676803359851255e-05,-0.0006894308122796793,3.6058910161665036e-05
1791433644.2088492,5574.77620602,0.06100000000000005,1.2094684747060915e-06,3.800264046060365e-05,1.1780092494555758e-06,-3.8662176329089544e-05,2.3408068501783734e-05,0.0006762054110770059,2.4808598176296023e-05,-0.0006858060616932255,2.36090732181848e-05
1791433644.2329838,5574.800338302,0.08100000000000006,1.5569199667365268e-06,5.150753088068075e-05,1.5446067395965155e-06,-5.236668854574373e-05,1.7449196640335236e-05,0.0006738183619770932,1.7360079925516726e-05,-0.000684962392285306,1.7780590003130867e-05
1791433644.2571125,5574.824472146,0.10100000000000008,1.9801475222336385e-06,6.495315326387732e-05,1.9492629381100653e-06,-6.605483461813624e-05,2.249156540779401e-05,0.000671276444519764,2.1370318713039003e-05,-0.000683616361853527,9.943769427912564e-06
1791433644.2811716,5574.848525945,0.1210000000000001,2.3944834481310684e-06,7.836784234162636e-05,2.353139156452295e-06,-7.970160439630271e-05,1.939272369155636e-05,0.0006702286430319361,1.9399153565512068e-05,-0.0006811843241822243,-4.040354165219309e-06
1791433644.3050547,5574.872411572,0.1410000000000001,-0.0003175513752306788,0.00020395765740923932,-0.0003144845698454578,-0.00020473407932028846,-0.09581384528854187,0.025087952182844604,-0.09484049431426664,-0.025240855332528237,-0.00019584087162588577
1791433644.3289754,5574.896324193,0.16100000000000012,-0.0020759626226371716,0.0006931723225075132,-0.002033197355614136,-0.0007106746866032819,-0.03723875369504149,0.019655233380771773,-0.03479023872335481,-0.02070228447828134,-0.0004339020294881857
1791433644.3530533,5574.920403449,0.18100000000000013,-0.0022966575655287325,0.000978294698805714,-0.002206802328323541,-0.0010165701157065418,-0.005827242939645673,0.01116591819238952,-0.003635800082733811,-0.012232661011621241,-0.00045485129611846307
1791433644.3769846,5574.94434888,0.20100000000000015,-0.0025916631738787774,0.0012121858993617192,-0.0024588813640377535,-0.0012753021169157012,-0.023475321148816113,0.013633594209480975,-0.021252213837074693,-0.01507621867649887,-0.0005039189263573398
1791433644.4009302,5574.968281666,0.22100000000000017,-0.003270748966829153,0.001568652687935382,-0.003087573926065698,-0.0016646353137981936,-0.0428475470052766,0.021749962131488908,-0.03999836035790544,-0.023529331234447518,-0.000577637037722807
1791433644.4247377,5574.992093075,0.2410000000000002,-0.004192097731982431,0.0020538307821077106,-0.003943367309340296,-0.0021862994893843764,-0.044837237613088915,0.025113750864350314,-0.04116953562467974,-0.026946344585832466,-0.000643751779823732
1791433644.448312,5575.015664344,0.2610000000000002,-0.004922467091899182,0.0025007548978405853,-0.004592629116258508,-0.002669662556448284,-0.027264919761123753,0.017802509331018127,-0.022896850585847724,-0.019623342227154277,-0.0007249768494183706
1791433644.4719152,5575.039269338,0.2810000000000002,-0.005318438072038157,0.0027532256361218377,-0.004895492082378629,-0.002959652404055511,-0.0151793727520248,0.00979562195758259,-0.01026121084246938,-0.011755709702775292,-0.0008280334517767733
1791433644.495615,5575.06297044,0.3010000000000002,-0.005569915258997872,0.0029959171104723065,-0.005041540005328221,-0.003244661425512458,-0.010330602181891158,0.016509993113857813,-0.0046959747761192135,-0.01877973805072128,-0.0009398145861246276
1791433644.5194376,5575.086810104,0.32100000000000023,-0.005665018422011877,0.0034593660767294875,-0.005037971466552464,-0.003788100119956166,0.008264561365698813,0.02600543336748075,0.010376287619966708,-0.033920506346045466,-0.002497150230172059
1791433644.5436106,5575.110983216,0.34100000000000025,-0.012955412783745372,0.00425078554257153,-0.01312281520208242,-0.004693145862147331,-0.46174559002233945,0.04863003417534167,-0.3995701519608984,-0.051903493298494516,-0.0013778116796927518
1791433644.569899,5575.137274752,0.36100000000000027,-0.02227448054828223,0.005272263977416646,-0.022292144329271672,-0.005733283093149699,-0.48502281599140257,0.047396862987567435,-0.4832214271010175,-0.04789883926192775,-0.0013794410634847788
1791433644.5945234,5575.161897443,0.3810000000000003,-0.03284909889126397,0.006068565360297578,-0.03286402429843237,-0.006581043462541874,-0.5738183579329806,0.03660217773616621,-0.5749122471678237,-0.04122794701593624,-0.001511603453719005
1791433644.61906,5575.186435786,0.4010000000000003,-0.045359800708894234,0.006932650072700816,-0.04540026163513595,-0.007563739034660352,-0.6706054957257718,0.05282834410675181,-0.6715486460574004,-0.05952199094777885,-0.0018002640320565872
1791433644.6435544,5575.210921205,0.4210000000000003,-0.059676470389633585,0.008314289774179369,-0.059716894788947344,-0.009087616320568955,-0.7546749983989455,0.08572232254324089,-0.7538198215808676,-0.09308567142642188,-0.0019369800606350315
1791433644.6683662,5575.235729253,0.44100000000000034,-0.07552703680029225,0.010430659907868003,-0.07554045664280203,-0.011346938649358224,-0.8243557626706954,0.12297148166743788,-0.8228475046429515,-0.12968746201809922,-0.002153867777707038
1791433644.6927109,5575.260066299,0.46100000000000035,-0.09262644576355221,0.013149678380875853,-0.09261598791959329,-0.014185367605198602,-0.8811526323279345,0.1441149116609346,-0.8803494196667726,-0.1493867392461111,-0.0023871168674753102
1791433644.7170017,5575.284372033,0.48100000000000037,-0.11081478880816352,0.016054077258224723,-0.11079860273909146,-0.017183131807123827,-0.9358253915111074,0.1413931124738097,-0.9359954102340903,-0.14570553632860958,-0.0025183089931995494
1791433644.7411869,5575.308546674,0.5010000000000003,-0.1299931228472996,0.018810680681533676,-0.12999055185809746,-0.02003254945877696,-0.9784407941395116,0.13518321891320276,-0.9795901505087816,-0.14049654321157037,-0.0025313769433106437
1791433644.7654192,5575.332777045,0.5210000000000004,-0.14998780354876814,0.02149884258718115,-0.15001899677017444,-0.022850347785589725,-1.0202859598327954,0.13610371068442728,-1.0227466732436203,-0.14361149295259779,-0.0025339664871372324
1791433644.7900627,5575.357450911,0.5410000000000004,-0.17103253136511326,0.02439461557554105,-0.17112481911244992,-0.025913541701687998,-1.0838581323822596,0.15544607931044402,-1.087101688673576,-0.16444422201834938,-0.002569581330103118
1791433644.8142896,5575.381645123,0.5610000000000004,-0.1934017876491338,0.02781663452892647,-0.19354930869430784,-0.029520692338667495,-1.1475458535732916,0.18587327518138108,-1.1496551474088605,-0.1951202433262413,-0.0026104967856843656
1791433644.8381598,5575.405507745,0.5810000000000004,-0.21686343716249143,0.03183108996954839,-0.21703557590318845,-0.03370980337871733,-1.1932327426651397,0.21244416300013574,-1.1937259282260475,-0.22055497520320105,-0.00262050467923999
1791433644.8618798,5575.429234089,0.6010000000000004,-0.2410814563600749,0.03624621348898224,-0.24125332846593334,-0.03827137975147844,-1.2259441112871576,0.22638520456543892,-1.2256495152398217,-0.23304511113384443,-0.00257852782981017
1791433644.8858223,5575.453181402,0.6210000000000004,-0.2659475027616234,0.040856876602607346,-0.26611411939780866,-0.043005362413056136,-1.2603511995128795,0.23450420910871822,-1.260220956478641,-0.2403487037217408,-0.002479723852406923
1791433644.9099357,5575.477292433,0.6410000000000005,-0.2916157270055363,0.0456964977220881,-0.2917839372025127,-0.04795862275970472,-1.3064330632823837,0.25099417181081624,-1.3066636797505202,-0.2565590048735809,-0.002314657516972155
1791433644.9338624,5575.501233022,0.6610000000000005,-0.3183667601190214,0.05099711474014259,-0.31853806775410953,-0.05336869884058103,-1.3688848566901475,0.27837985612485144,-1.368853042491859,-0.2837236053329122,-0.002045718567620689
1791433644.9580388,5575.525394062,0.6810000000000005,-0.3465936947584868,0.05685662499831624,-0.34675630504044225,-0.05932785729551166,-1.4536376108811595,0.3057943485094047,-1.4527758504641257,-0.3103391636721899,-0.0016041145280788374
1791433644.982428,5575.549797533,0.7010000000000005,-0.37678179316348487,0.06323297867544642,-0.3769185690989449,-0.06577561421725582,-1.557031972185079,0.3282246479818593,-1.5559884648752504,-0.32957056559611914,-0.0004189063823074108
1791433645.0070343,5575.574403797,0.7210000000000005,-0.4053471016858406,0.0643365400103104,-0.4108729467381732,-0.06302366280840405,-0.8319026190785906,0.6950813897897574,-0.6397712722422467,-2.229886685951112,0.014724232574522303
1791433645.0317357,5575.59910425,0.7410000000000005,-0.44149979782763193,0.0693043471781139,-0.4425041125997746,-0.07019885334989501,-1.6086649664016313,0.6461793384525578,-1.8934053871632748,-0.27712476647637063,0.017438339601765857
1791433645.0559769,5575.623336569,0.7610000000000006,-0.48133127052750946,0.06582503709002471,-0.48608946526430313,-0.06411506746376724,-2.1850098848070116,-0.29797393984365306,-2.3193061892849456,0.11855640278512196,0.006477315482751205
1791433645.080213,5575.647573829,0.7810000000000006,-0.5241930179080656,0.06340467539637511,-0.5247296488701333,-0.05997894017200311,-1.8681403666652308,-0.4495878594487533,-2.5066277296267874,0.589399005023267,0.00705114210220029
1791433645.1047099,5575.672082842,0.8010000000000006,-0.5737755219066246,0.05142068439378883,-0.5725828628877876,-0.04974873576510153,-3.003121891990859,-0.7480261968996691,-2.8417329217464418,0.7812476491144846,0.002993080529874697
1791433645.1290355,5575.696389963,0.8210000000000006,-0.6318967817496722,0.04022129780440996,-0.6301671767847944,-0.03638390068928849,-2.2271854036038152,0.2786325798215509,-1.854327325859615,-0.21853698751573214,-0.00043942298515895547
1791433645.1530406,5575.720399193,0.8410000000000006,-0.7025568435428797,0.03284392355537227,-0.6942028631191075,-0.02870503150819107,-3.7563230028458805,-0.3971227078882482,-1.3786460753280445,1.5738884130925168,-0.012409151521030932
1791433645.1771884,5575.744544789,0.8610000000000007,-0.7544965139477501,0.015456660338120444,-0.7476239249637371,-0.012260738515748092,-3.4818530517306856,-0.4860983886702785,-3.3867984068419315,0.5372565615338152,-0.02110387067405309
1791433645.2013538,5575.768709934,0.8810000000000007,-0.8209538204606917,0.003807420353167596,-0.8096475445260429,0.001327866217883462,-2.8866489756816383,-0.6417994779243753,-2.999456574589751,0.6265248614961795,-0.01440897882301906
1791433645.2254045,5575.792757932,0.9010000000000007,-0.885476232820822,-0.00893915785478342,-0.8721801876032507,0.014821530639025004,-3.3190884711131527,-0.6150699159961679,-3.209365678891038,0.6763167732108386,0.0008116202397569524
1791433645.249426,5575.816783847,0.9210000000000007,-0.9448856705196663,-0.01920221453213775,-0.9299079978500971,0.026223269173101374,-2.917585719435047,-0.5128432988816165,-2.850832541475812,0.5554736547940441,0.004587861254037779
1791433645.2734616,5575.840817337,0.9410000000000007,-1.0007818357046134,-0.02904919111034319,-0.9848502383981411,0.036633313394843985,-2.642372359084783,-0.45987469449809426,-2.6145057818124147,0.4782153540833296,0.007826622761509663
1791433645.297447,5575.86480868,0.9610000000000007,-1.0122654949355796,-0.010233020845993866,-1.011952877748309,0.017908218722185055,0.00900033458579496,0.32435273949469134,-0.012206960457302591,-1.7258557384156807,0.0010042695035792524
1791433645.3214176,5575.888767393,0.9810000000000008,-1.0121440369513162,-0.008633564235183612,-1.011872668393678,0.0004984816115575105,0.00639358422208855,0.12256968154085465,0.07137233178429961,-0.13370765234379564,-0.0019240133886268304
1791433645.3498247,5575.917190443,1.0020000000000004,-1.0119900556483725,-0.00591814405822444,-1.0007796721123323,-0.002697878281195111,0.007998830453131,0.13554304595463382,0.5943871342435304,-0.1523115353083576,-0.0023427144336592622
1791433645.3746552,5575.942020428,1.0229999999999981,-1.0094946909589309,-0.003403575302690543,-0.9883937860446622,-0.0060083879703392,0.29457477462371057,0.09217898327505807,0.6113962853519751,-0.16015263568258023,-0.004649737274425059
1791433645.4000444,5575.967421069,1.0439999999999958,-1.0037287123097265,-0.0012717095060238387,-0.9753599277997321,-0.009394181582857044,0.26427482100306116,0.1049004886157671,0.6259470478676146,-0.16038040521459085,-0.007663787316996861
1791433645.4249077,5575.992268095,1.0649999999999935,-0.9981268324897364,0.0008874342187253392,-0.9621006993833054,-0.012757547546339882,0.26904993782816755,0.10254989376225247,0.6377285080269762,-0.16151345462603423,-0.010136661101583325
1791433645.4497604,5576.017115342,1.0859999999999912,-1.0148656487256218,0.0005368550275802274,-0.9850614980108274,-0.020179928643973253,-2.8076887594473146,-0.13669826388901188,-3.440399497267634,-0.4104664240446461,-0.009826540960502306
1791433645.474397,5576.041749845,1.1069999999999889,-1.0127280039163502,-0.0017219600772191434,-1.0112653761866568,-0.028949839890541836,0.02539088184583358,-0.032516543579880874,0.8001732442441284,-0.1460330596223578,0.003244025451342289
1791433645.4989495,5576.066305039,1.1279999999999866,-1.0113876441969156,-0.005173675530740983,-0.9998440541536111,-0.014976720770770351,0.13566118111305564,-0.2552792250462905,0.23286523326376707,0.8296366943055852,-0.10203179267531844
1791433645.5236337,5576.090997269,1.1489999999999843,-1.0128020226337213,-0.007507084810961984,-1.012061619499971,0.0033746359046258815,-0.19847503441237546,-0.07496772243775908,-0.016794324134054333,1.2255955371920286,-0.018713292946826488
1791433645.5481894,5576.11554436,1.169999999999982,-1.0126845317694948,-0.010530239870075517,-1.012516581809202,0.010390215406173658,0.03952320433628149,-0.16020664192280804,0.001344019409920301,-0.6071567725347439,0.014408064914183692
1791433645.5728438,5576.140200743,1.1909999999999796,-1.012232474618303,-0.012362672292706071,-1.0121451778874653,0.005910439767686114,0.00982420921825209,0.02649822001961922,0.03020255140634616,0.6090734918400836,0.08206634769440004
1791433645.5974693,5576.164822636,1.2119999999999773,-1.0121427184894969,-0.009270551831471402,-1.008860202489208,0.007500269337751995,0.002730982381220565,0.20979093363922843,0.32328062048926004,-0.1531072283384609,0.07514537847859908
1791433645.6221144,5576.189478578,1.232999999999975,-1.012246498435887,-0.002132221144346193,-1.0055329511741304,0.0010666769482538282,0.010161852999238,0.2563890815087954,-0.17646000997467903,-0.5403758641964266,0.04833405192965926
1791433645.647151,5576.214534266,1.2539999999999727,-1.0121919698301387,-0.0003654620702927369,-1.0094152880761866,-0.0055533518713879,-0.009192743702296169,0.07622665247467814,-0.1611856045569633,-0.22655169902087216,0.030978593237180607
1791433645.672051,5576.239425201,1.2749999999999704,-1.0122784016661017,-0.0002031969666010026,-1.0106309951791705,-0.010088623987168867,-0.005489659234729147,0.0020828078951248444,0.03139953681336681,-0.22116782844543742,0.01991915129708058
1791433645.697037,5576.26439443,1.295999999999968,-1.0124993071422055,0.0037712897370499876,-1.0096406079529345,-0.015531537341199888,-0.025301183516719533,-0.08629744308467374,0.002541719196117483,-0.3001675014660721,-0.006245392528738375
1791433645.7219849,5576.289341473,1.3169999999999658,-1.0121387457667586,0.00691263512714881,-0.9996630305918939,-0.014607137766066033,0.037930832572686285,0.26978329567340886,0.09792106747114937,-0.24587872197023672,0.04721075493379603
1791433645.7469487,5576.314299257,1.3379999999999634,-1.0067933136146807,0.011435825107522436,-1.0012876766939351,-0.01753356007356514,0.21010113458542284,0.04609017459980274,0.14857727808235993,0.22177286004303648,-0.06298218048907746
1791433645.7718537,5576.339217004,1.3589999999999611,-1.0072291251527592,0.012068258368118302,-0.9998414707726547,-0.015426691530121812,-0.024571045674746994,0.009102947419922982,0.04852361938686964,0.061867209868358426,-0.14251035786406407
1791433645.7970595,5576.364416015,1.3799999999999588,-1.0065071110229291,0.011417790901587215,-0.9986889533808735,-0.015146893222861701,0.0058543835862255676,-0.03293973694460049,0.03080018606988269,0.021139932512644358,-0.16859826144162282
1791433645.8214915,5576.388861975,1.4009999999999565,-1.0062212490441746,0.010812573293314743,-0.9980745616483713,-0.014200673526553922,0.02802961352638047,-0.027438523925785833,0.04035847396364808,0.04916538860568282,-0.1913710948708257
1791433645.849991,5576.417361422,1.4219999999999542,-1.0061996737587273,0.0105613310641702,-0.9957219066394172,-0.012827358111680367,0.0186073324999843,0.08593519108877068,0.022392377726571027,0.06116566888225963,-0.14288505069426266
1791433645.8747342,5576.442093653,1.4429999999999519,-1.0069213947642779,0.010692799639092221,-0.9934676746622249,-0.011425529410590463,-0.08805042056720193,-0.07199176420671155,0.22072446336494547,0.08084978897852863,-0.056189393961636004
1791433645.900118,5576.467496153,1.4639999999999496,-1.0073916255851743,0.009999537018441947,-0.9949624718789738,-0.010478608979641013,0.014404691677709486,-0.053358601846361715,0.04203968399973905,0.04698882498390811,-0.03637233572373466
1791433645.9249709,5576.492333195,1.4849999999999473,-1.0072042717495246,0.00995351942104728,-0.9936350681783935,-0.00967084811079735,0.0035373030847175094,0.007563389109799458,-0.054382054686089816,0.06379950684825605,-0.046062502651525734
1791433645.94977,5576.517135374,1.505999999999945,-1.0088314592548568,0.010184334553754731,-0.9935379339839291,-0.005721738147622632,-0.09666070788814965,0.08307236365446212,0.1158187595486317,-0.31530646315531297,-0.020329460298994052
1791433645.974591,5576.541946927,1.5269999999999426,-1.0081364778722846,0.009477683001674855,-0.9916403917059083,-0.006486698542073867,0.09984253193031611,-0.07759356144046431,0.10735152568456921,0.06741899385077366,-0.01530541227460585
1791433645.9990387,5576.566393017,1.5479999999999403,-1.0086509591810233,0.008775572391956268,-0.9910380620710837,-0.004877994329268438,-0.020442260947251087,-0.014877692207337066,0.12443707349839096,0.05162406385024024,0.015238706996520683
1791433646.0238464,5576.591223363,1.568999999999938,-1.0089324687921866,0.008409189958757515,-0.9900465818791051,-0.003016351312391182,-0.032472698144147785,0.009504018486163545,-0.04382686609074398,0.05764903248784557,0.04574887488854203
1791433646.048636,5576.615999617,1.5899999999999357,-1.009439310888252,0.007875719920308213,-0.9908832315740392,-0.002101662073614782,-0.12739957169901567,0.07281601539708003,-0.06963828940928943,0.06923558815990656,0.026597836165564413
1791433646.0731878,5576.64053801,1.6109999999999334,-1.0106184166512835,0.0071041868240000255,-0.9907273248815176,-0.0012445176630357184,-0.025528333848012914,-0.11105231515816696,0.09184002072334393,0.09644485309104159,-0.021168979095169387
1791433646.0974917,5576.664840254,1.631999999999931,-1.0108317638878752,0.007168201371121216,-0.9890954757213871,-0.00024237492224293085,-0.26595373853018167,-0.20877591767408096,0.014883075254029056,0.23939646924997426,-0.13051804484440568
1791433646.1220138,5576.689368928,1.6529999999999287,-1.0104727450412425,0.005832908503948819,-0.9884251373898313,0.0019164856004016083,0.10595265532078535,-0.03742836214222207,-0.20899183184540435,0.00367278047037772,-0.17946335681176334
1791433646.1467283,5576.714077942,1.6739999999999264,-1.009603017218549,0.0031722174180378346,-0.9863287879548581,0.008052784214642566,-0.27299503937997155,0.07919918190566805,-0.14572071611291923,-0.42031722822833895,-0.05971601629924906
1791433646.1710796,5576.738429766,1.6949999999999241,-1.0119265723070971,0.004641149137389808,-0.9885173536632228,0.005223551976053666,0.00011879865507001541,-0.025167247450454018,0.1293544614194241,0.007225427460462281,0.029323089521458914
1791433646.1954124,5576.762760502,1.7159999999999218,-1.0119334448365185,0.004080223015694424,-0.9881463695008859,0.0057189133564255765,-0.0003597771187443299,-0.03823408528341825,-0.004709536336704932,0.05906535672679215,-0.0009785984714774547
1791433646.2198172,5576.787169967,1.7369999999999195,-1.0119372656978272,0.00300816322548848,-0.9880466954569614,0.007185555146628277,-0.00027322387029326785,-0.053359339026110016,-0.0024687615259910848,0.06484219899065519,-0.002199000546006921
1791433646.244119,5576.811473338,1.7579999999999172,-1.0119497672759357,0.0022496433251513698,-0.9877584592750513,0.008725597012000106,-0.0007358815602513323,-0.0185878260420212,0.031856003395223285,0.08278081676932421,0.0004892977774201403
1791433646.2685664,5576.835942277,1.7789999999999149,-1.0119583275852613,0.001821937977342721,-0.9875361261434253,0.010243096809616135,-1.696926022222008e-05,-0.021856751722546808,0.004021039077568611,0.0680930311407589,-0.005958684591117597
1791433646.3010666,5576.868449145,1.7999999999999126,-1.0119551237884015,0.0010075498535368794,-0.9876092294049276,0.011464573588795875,0.0002151529458301473,-0.03455683994161358,-0.023432038016290766,0.05229994005684939,-0.006680884597900496
1791433646.3320067,5576.899373425,1.8209999999999102,-1.01195960307682,0.00031479499125011896,-0.9877522027242644,0.012622318576544214,-0.007193605719119431,0.04028349744026357,0.009566890976267488,0.06744895128565698,0.006626853685561819
1791433646.3662584,5576.933632472,1.841999999999908,-1.0119549756100608,0.00042765602532061485,-0.9876885239026717,0.013892505401711254,0.0011432021854479025,-0.02095546846271499,0.0060499133623195984,0.06019547835545397,0.007713235756415853
1791433646.3917322,5576.959108315,1.8629999999999056,-1.0119181729844822,-0.00042279967149281677,-0.9873188768697921,0.013480767067376309,0.0012255807332181927,-0.07662167784163074,0.051068257203978444,-0.20225827529329038,-0.0008099190386804835
1791433646.4167788,5576.984165487,1.8839999999999033,-1.0119533255798197,-0.00028518518558998254,-0.9875123196182711,0.015572600022234824,-0.0033931146027887447,0.015262582023487334,-0.22635021867237018,-0.006885550978200081,-0.00854100708722264
1791433646.4423122,5577.009688052,1.904999999999901,-1.0119218871934303,-0.001267886797238297,-0.9895489844085925,0.056271745446375226,0.0010326023756542604,-0.047994112237042336,0.14261484607385072,0.17052270815806647,-0.0265700460292449
1791433646.4677663,5577.035138386,1.9259999999998987,-1.0110877426540716,-0.001408138742817787,-0.9917680054654762,0.03467375065644837,0.023367860458791048,-0.027184585097258962,-0.03895408218618602,0.29213419568541554,-0.0077299925058337245
1791433646.4930036,5577.060366007,1.9469999999998964,-1.0089140816921756,-0.0057146157519253685,-0.9917681675662151,0.04012844309483052,0.025941055169113707,0.08354277464907683,-0.06372486123426178,0.3872127790472416,-0.008253093647447775
1791433646.5184343,5577.085801792,1.967999999999894,-1.0107577883237546,-0.0032774197076146927,-0.9930515148170692,0.049720728508110316,-0.015197591499821627,0.013794064743443952,0.20615055874859503,0.16139514664435717,-0.008858057400218012
1791433646.5437,5577.111064003,1.9889999999998917,-1.0106243656000138,-0.003928947960208537,-0.9884308657860207,0.05384684525720136,0.005282101921492881,-0.041950967965547994,0.09574428658302087,0.23622801624469264,-0.0012663261070318902
1791433646.568903,5577.136263894,2.0099999999998897,-1.0105737860457045,-0.004922999315810795,-0.985334521390423,0.0604179848877094,0.00993832831545507,-0.04665448380172232,0.17256267005943712,0.2040042035827766,0.0012742253312878532
1791433646.593981,5577.161337101,2.0309999999998873,-1.0104758465802468,-0.005972602660716609,-0.9810325338957083,0.06648248841770352,0.0016899722004572212,-0.04956265011681899,0.1875101892215436,0.12241732619762397,-8.443601831118815e-05
1791433646.61898,5577.186337711,2.051999999999885,-1.0104794561690065,-0.007044384565955784,-0.9772256059206814,0.06914238764375737,-0.0021258422636263514,-0.05162637277251937,0.19947521959975645,0.2287354753911906,-0.0012921764552480597
1791433646.6445715,5577.211940351,2.0729999999998827,-1.010573518588352,-0.008135982241728039,-0.9723695421833893,0.07442828909922891,-0.005998031891858609,-0.05151514427365276,0.20792505296173222,0.24309509930144582,-0.002055389508827044
1791433646.669739,5577.237101936,2.0939999999998804,-1.010738461433936,-0.009268020116385636,-0.9677778987251461,0.08197860336791582,-0.003017816186224329,-0.049239256913179985,0.2488529116194403,0.312322620356007,-0.0017529161707913507
1791433646.6948702,5577.262226728,2.114999999999878,-1.010996987890837,-0.01039984112271693,-0.9618197587071966,0.08819907723478716,-0.01368627732724869,-0.05387874611240192,0.3628481165176198,0.2725021793522365,0.0010535200900101012
1791433646.7199056,5577.287260816,2.1359999999998758,-1.0121099096232449,-0.010752458935571496,-0.9567311196204656,0.09188543545774064,0.03942438140908675,0.0855362412311936,0.2341305339332463,0.19879366233923637,0.00332430507167593
1791433646.7449596,5577.312317115,2.1569999999998735,-1.0119309138940566,-0.012169788500184008,-0.9504719108027334,0.10076151606750446,0.0011165191051653737,-0.07091499141113383,0.339588024077904,0.6773531375714018,0.0012364698503161966
1791433646.76999,5577.337346745,2.177999999999871,-1.0119369351927783,-0.014321282968554056,-0.9434811214865039,0.10927536371388752,-0.0005752057139155348,-0.045755316032903066,0.32981689020640703,0.2120513122911979,0.003642270728251728
1791433646.7951267,5577.362487428,2.198999999999869,-1.0119506462976668,-0.015409403388025494,-0.9360957413486503,0.11521858948766153,-0.0006841177677224761,-0.05807361434105692,0.3764288195009563,0.37186034436953436,0.005438873096366433
1791433646.8292785,5577.39664351,2.2199999999998665,-1.011963693411597,-0.016694753049945634,-0.9277861327012306,0.1239894241125606,-0.0005296814601165935,-0.06370511916493156,0.4083796946997301,0.4357702726212977,0.003984462881175406
1791433646.8564718,5577.423833843,2.240999999999864,-1.011971513709449,-0.018076280837968205,-0.9188957589115048,0.1333657801073634,-0.00021585216100371496,-0.06751152426449544,0.4368047876367427,0.45954261347933845,0.0017388419895636323
1791433646.890809,5577.458204732,2.261999999999862,-1.0119721838643683,-0.01953009525821719,-0.9094130336198475,0.1433545445430114,0.000135570780434054,-0.0707877763909493,0.4657753698882513,0.4888573926077646,0.00021301152075476503
1791433646.9249513,5577.492333314,2.2829999999998596,-1.011965802125386,-0.021051890766651777,-0.8992705696446878,0.153910970694402,0.0004495039495168691,-0.07362670514728313,0.49652920112151877,0.516293883692256,0.00011996517485572508
1791433646.9499543,5577.517317491,2.3039999999998573,-1.011953223367984,-0.022663125970122714,-0.8884528418581366,0.16511014873564833,0.0006023983036305797,-0.07845645297560898,0.5328303810479721,0.5489002936732159,0.0008737653824569615
1791433646.9779675,5577.545335024,2.324999999999855,-1.011937309699689,-0.024356312744376597,-0.8769479827508306,0.17700861723894665,0.0007998108721318426,-0.0844324062591125,0.5567560943304777,0.5792863838407154,0.00028551813769418864
1791433647.0051632,5577.5725391,2.3459999999998526,-1.0119205279815304,-0.026191434904040425,-0.8646370592096411,0.18954173658434578,0.0006677834229960164,-0.09043311071886564,0.599293886941812,0.5985726463274447,0.00047073179313486454
1791433647.058105,5577.625485406,2.3669999999998503,-1.0116389547369504,-0.02745903278272708,-0.8516436448594286,0.2023744945641466,0.0481986645393986,-0.057502535614400406,0.6337829859603415,0.6250254446757336,0.0008656678600127785
1791433647.1001568,5577.667533573,2.387999999999848,-1.0110042240483519,-0.027681378910030315,-0.8378844113152977,0.21593568851362147,0.05508956049398752,-0.05935044941387364,0.6690969854678479,0.6661486383677866,-0.0010213037724456106
1791433647.1255965,5577.692967925,2.4089999999998457,-1.0098786063752412,-0.02883200320133006,-0.8234209310203979,0.23010744676106276,0.038227764549486905,-0.04521669083444095,0.710821744162931,0.6550837218881723,-0.002376979142393419
1791433647.1503248,5577.717692531,2.4299999999998434,-1.0091274649878477,-0.02973033283388342,-0.8082336984394985,0.24468428348945942,0.03250093661397809,-0.03916871981385493,0.7336961865945959,0.7089180464554322,-0.002583915247439926
1791433647.1750581,5577.742416867,2.450999999999841,-1.0085227685162124,-0.03045284781079337,-0.7924240549863307,0.2600448126630321,0.02637043968745035,-0.030969723878780754,0.7711313972288167,0.741638250231226,-0.0008056174903842521
1791433647.1997104,5577.76706552,2.4719999999998388,-1.0079945620225768,-0.031807735306691516,-0.7759009363229157,0.2756360511234196,0.0267796618553709,-0.02334629168285487,0.8063988212458034,0.7588545885738903,0.002344226722724574
1791433647.2253358,5577.79268814,2.4929999999998365,-1.0075087323559617,-0.032297947335190307,-0.7586496749845687,0.29186050816639736,0.021768665223461076,-0.022552903342763515,0.837544511255319,0.7808324169329386,0.0032935389193112946
1791433647.2499726,5577.817329676,2.513999999999834,-1.007104078294782,-0.03269994943620403,-0.7406568737060043,0.3083355069808237,0.016548749981087678,-0.017449135615160472,0.8845399516447365,0.7776037272391118,0.0027106520168583277
1791433647.275393,5577.842769085,2.534999999999832,-1.00677256162521,-0.03304759718661657,-0.7225930247926535,0.3250716257915113,0.01396789147730057,-0.014285520091642974,0.7929060910883531,0.7989137368469063,0.001986077348632832
1791433647.300623,5577.867992074,2.5559999999998295,-1.0065429082902722,-0.033277018330598526,-0.7042300341679323,0.34239522268715283,0.009917727232713973,-0.006968345605225088,0.9040939898959991,0.8262104766524107,0.004128661766847869
1791433647.3256297,5577.892989372,2.576999999999827,-1.0063665488032747,-0.033454718042789156,-0.6852469880153685,0.3597769743180846,0.0051651610740538175,-0.005466721918397123,0.9019912393727166,0.8478159126370393,0.006044340971507154
1791433647.3503218,5577.917671106,2.597999999999825,-1.0062600807483566,-0.0335894234615064,-0.6660286538313309,0.37726507646936536,0.0026212197362817293,-0.003361949097714344,0.9168834041910727,0.8394277580260766,0.007309767398829406
1791433647.3749337,5577.94227945,2.6189999999998226,-1.006705084083649,-0.03332464989435486,-0.6467657003416132,0.3953631926100971,0.05400652030416914,-0.006213505093693765,0.917105804056166,0.8665738272113267,-7.741442026331518e-05
1791433647.3996978,5577.967090644,2.6399999999998203,-1.0059547561725233,-0.03339233444096999,-0.6274743328772575,0.4135043174007674,-0.0013013106731495098,0.005587750258663477,0.9283778579752329,0.8650164600373021,-0.003669378688650717
1791433647.4245584,5577.991918045,2.660999999999818,-1.0060424159917463,-0.033232805387507475,-0.6078588571325566,0.43178118161314855,-0.007428982439321823,0.00959903444544247,0.9434586677372017,0.8735407378372793,-0.0023788684163978456
1791433647.4544866,5578.021850242,2.6819999999998156,-1.0062424824357974,-0.033014648030058096,-0.5886618156554991,0.4367193708706557,-0.010404742648514903,0.011322464603857255,0.8639525661316568,0.02635190297813337,-0.0001816729130971204
1791433647.4790244,5578.04638184,2.7029999999998133,-1.0064861243442866,-0.03274168059121371,-0.5732341105233015,0.43747677346238034,-0.012129460118967119,0.014121156017161117,0.5903849445989323,0.033446850598515106,0.0008061351503435535
1791433647.503458,5578.070817035,2.723999999999811,-1.0067543245817585,-0.032420488154384114,-0.5642681609824928,0.43742127925349783,-0.013409544207900392,0.01638556556093832,0.29156658305831296,-0.035339229726249,0.000634165988572754
1791433647.527983,5578.095344,2.7449999999998087,-1.0070511900476429,-0.03205206984755746,-0.5599913964659003,0.43656068801467846,-0.014805119418683487,0.018537617214226514,0.15090155290797766,-0.029858362169312293,1.7138317964427002e-05
1791433647.5523717,5578.119724441,2.7659999999998064,-1.0073800859228326,-0.03164889132397001,-0.5567366632137242,0.43392368629989,-0.016612364739721237,0.019468349872197206,0.18186476552846115,-0.48774630519458456,-0.0004549759546617322
1791433647.5768063,5578.144168233,2.786999999999804,-1.0096472636932239,-0.031908670896348634,-0.5526895309004726,0.4189976868801515,-0.013598630363256717,0.057607684235088163,0.20408291018497937,-0.6457449600939438,0.004007079109047867
1791433647.6017156,5578.169084858,2.8079999999998018,-1.0088026410225215,-0.031059301343762922,-0.5478301782191858,0.4072675954431086,-0.017327941306817495,0.03725622556314538,0.2545325673062184,-0.5290233960631034,0.009712289291447254
1791433647.6265078,5578.19386934,2.8289999999997995,-1.0092506326452464,-0.03033578993353103,-0.5420744658816997,0.3969917937987521,-0.023876172020611854,0.033262514306805,0.2918924904553661,-0.4466550067299444,0.012124682664420251
1791433647.651907,5578.219276076,2.849999999999797,-1.0039221499864213,-0.035977848773834926,-0.5289827008444659,0.3830075372325219,0.792011199652046,0.09458819756049874,0.32499954442619694,-1.3918539805891113,0.1709484392919506
1791433647.6775784,5578.244952326,2.870999999999795,-0.9872462772754784,-0.0241629041228166,-0.5359521525363649,0.36236285526780265,1.1692996733999794,1.1871805920860694,-1.099884998628103,-1.4664016675973497,0.04433741380114765
1791433647.7027836,5578.270133879,2.8919999999997925,-0.9500390466073412,0.009536679051790307,-0.5697154762607053,0.3156349943203184,2.7940911057680093,1.7633628540268556,-2.394444281834367,-3.0591689411397636,-0.03303895873578138
1791433647.7277226,5578.295073881,2.91299999999979,-0.8792503506373357,0.06180447705066331,-0.6216708811238618,0.2280892395608951,4.294482320734918,2.929021540063233,-2.8331431558417655,-5.11820750539409,-0.14865209451075587
1791433647.7522967,5578.319639925,2.933999999999788,-0.7673390273045981,0.13984548245238973,-0.6753802518360689,0.09784540781939567,6.208932152690479,4.349216255237452,-2.174363522969556,-7.100807804712688,-0.23061192066127773
1791433647.7768846,5578.344229737,2.9549999999997856,-0.6128039422007495,0.2374021908111383,-0.702521303997414,-0.06403673363464274,8.200722477511707,4.89359075704358,-0.12600184113937887,-8.125839925284705,-0.27254213011263734
1791433647.8016193,5578.368975818,2.9759999999997833,-0.4209999506479095,0.3355213518060743,-0.6817736310519031,-0.2383385297094458,10.114928818739276,3.9937004214301055,2.3591323876973496,-8.470623469968148,-0.13239043446164064
1791433647.8260972,5578.393445593,2.996999999999781,-0.20706498523947023,0.41246965992972495,-0.6055715517924931,-0.4145703488480705,10.502515431185575,2.792334018927943,5.594059547912948,-6.694613556825383,0.09736549335823318
1791433647.8506603,5578.418013095,3.0179999999997786,0.029766029243165085,0.4358205959111196,-0.44919787055260557,-0.44528317405338513,11.719929841112641,-0.23860704029457244,7.137421746740871,-0.5087028546582569,0.2586355276507454
1791433647.8753486,5578.442698538,3.0389999999997763,0.28174887065345505,0.40512868155841314,-0.3261231119018517,-0.45125363670830115,12.335459084030862,-2.4961787532719053,4.942874101768882,0.0014213820153852127,0.4844518395847434
1791433647.900362,5578.467732659,3.059999999999774,0.5082907070401741,0.2944138135082307,-0.22413879092982653,-0.44395042609560487,8.008745814392988,-8.895897593634652,5.465949153858559,0.6150688782022857,0.4410721810282873
1791433647.9257975,5578.493153684,3.0809999999997717,0.6143039393468315,0.09179033911604545,-0.07907617285230788,-0.39224010607282567,0.051317194958205276,-8.671061848139962,8.79821713095517,4.7327909042845455,0.021576039382028216
1791433647.9548614,5578.522220805,3.1019999999997694,0.6154111612592194,-0.08265800825651445,0.12412446641686004,-0.3136795118033312,-0.19670382429731176,-5.46817959007255,10.602661342013914,2.937965600564745,-0.4529373204771463
1791433647.9796789,5578.547043588,3.122999999999767,0.6055160179459117,-0.23588062797964482,0.35199555148611605,-0.2747746364525465,-2.671709493843262,-7.694987450092595,9.739115773049791,1.1153263321972597,-0.6668555983113597
1791433648.0045364,5578.571894289,3.1439999999997648,0.476350622380364,-0.34653363247413965,0.5372312549412521,-0.26571131211393967,-5.831970285854455,-4.669567021541626,7.938277093352873,-0.019879537561322158,-0.8402715703577875
1791433648.0294244,5578.596786873,3.1649999999997624,0.36808093955805143,-0.43758024777928717,0.6094804716977853,-0.2074734567884509,-4.7506067011077535,-3.930017213085454,2.7277585826238835,2.680477686892778,-0.9194871799355908
1791433648.0541222,5578.621472712,3.18599999999976,0.2694282530309029,-0.4435981805468234,0.6114880754829627,-0.1659386980638334,-3.507897658041166,-0.29920547698628214,-0.02393862308506059,1.3418181096483022,-0.6764915941146467
1791433648.0788715,5578.646219639,3.206999999999758,0.23719886218016933,-0.44539208495813776,0.5985580051524909,-0.1482458126496662,0.21216617566848672,0.0666434582406793,-2.8252453952141674,0.5037370730159939,-0.22697903358734997
1791433648.1033707,5578.670715305,3.2279999999997555,0.26566774044478675,-0.4406764850536292,0.5142057434438653,-0.13972191416701144,2.606744644499883,0.3077397425377756,-4.399049469376134,0.42558829913637275,0.24094310534754348
1791433648.1280031,5578.695351593,3.248999999999753,0.3251569697363036,-0.42160502986000703,0.3976648910357423,-0.13617163303642732,2.627912908646082,2.7060832161603283,-5.346161607092118,-0.009804069035647343,0.4794860261305351
1791433648.1524704,5578.719818739,3.269999999999751,0.39637092597920737,-0.39275810267306116,0.23760094736186996,-0.1372908824107376,1.657523819446796,2.6976650967386857,-9.735476550859797,-0.17740649286746948,0.8322889877637921
1791433648.1790972,5578.746482164,3.2909999999997486,0.43355927895375496,-0.3550105102359069,0.04330016453360885,-0.14522162114176196,0.6979631801899542,1.186998356124742,-9.931504179641436,-0.7277761605280837,1.3008279529262432
1791433648.2046585,5578.772057862,3.3119999999997463,0.4314331579583973,-0.356550244984665,-0.18541104938356334,-0.18576147390981185,-1.5211980661003965,-0.8535539160622964,-11.119170508382057,-2.734705048832373,1.8866979468081224
1791433648.230161,5578.797547527,3.332999999999744,0.38847987682302615,-0.3945297090307084,-0.38891359860236185,-0.26688714820791865,-2.8065718904964787,-2.558358531309196,-8.455866191745754,-4.83441492926447,2.2494673546582766
1791433648.2573025,5578.824671048,3.3539999999997416,0.302691994662324,-0.43791874715713586,-0.5235366070680804,-0.38406604652497517,-5.885767360897472,-0.34424603486939,-4.612883157320888,-6.158440372288837,2.145494926148101
1791433648.2829108,5578.850265859,3.3749999999997393,0.18236566662041703,-0.44627555734312113,-0.5467134810109964,-0.4383665059166885,-5.296621964878108,-0.21916303399003018,2.0402464768488326,-0.07492765370698061,1.481824605223438
1791433648.3077345,5578.8750889,3.395999999999737,0.07770028377946245,-0.44528251616554354,-0.48246797646206296,-0.44090465853839433,-4.908637752490687,0.29046823533209964,3.911774897315667,-0.12065475375617332,0.4815438071892497
1791433648.332598,5578.899955962,3.4169999999997347,-0.03816475081315583,-0.4304605692950772,-0.3940168763582718,-0.4426327990903326,-6.414634944544032,2.4862247521266005,4.2756328077590675,-0.029903450021308405,-0.11635121628258172
1791433648.3574934,5578.924848876,3.4379999999997324,-0.21047994018425725,-0.3539486813872329,-0.30064360784586447,-0.4426066272677461,-9.16514000652642,3.9426969609254385,4.942954158951296,0.05506305657483876,-0.04560070860041756
1791433648.382421,5578.949796305,3.45899999999973,-0.41854137357973376,-0.27677110713114744,-0.18061190412285555,-0.4393118670014608,-9.814037717832257,3.358875108251653,6.4655501958445445,0.2127216390942097,-0.5387848985601595
1791433648.4078205,5578.975186844,3.4799999999997278,-0.6361295488566274,-0.2164033518592354,-0.014642279444462405,-0.4339874530180004,-8.28941655406256,1.747256587428426,8.766704713488526,1.051422742951205,-0.6008415097751855
1791433648.434635,5579.002028578,3.5009999999997254,-0.7841883488340968,-0.20821819907005304,0.17158438059369474,-0.3937144249857472,-6.0455869623526315,-0.5991416415495994,8.784464613872695,2.6182836621939223,-0.8130552789136317
1791433648.4643567,5579.031724007,3.521999999999723,-0.859116855775895,-0.1932469035122479,0.3381099384109218,-0.32944993889080176,-0.11455406541256577,2.2040797502280904,7.596862673870418,3.1550034071693744,-1.6038021597421672
1791433648.4932175,5579.060600666,3.542999999999721,-0.846531600587247,-0.17751547373925802,0.47578995584344896,-0.26411057605912175,1.162294078932312,-0.052369465947213506,5.927817218590754,2.404770459045909,-2.4860475823430157
1791433648.5208592,5579.088318215,3.5639999999997185,-0.798168556516845,-0.1947234333841795,0.5773295507828724,-0.22567271031759223,3.0559707677671035,-1.1136175046790076,3.9063129114039863,0.7333620423221219,-2.8384052689485295
1791433648.5464761,5579.113843693,3.584999999999716,-0.7146808774369143,-0.21996350479717686,0.6192841289828389,-0.19606630058874178,3.7836704512563757,-0.3846909085767138,-7.847818190650384,-1.675457216152628,-1.9316897982475258
1791433648.5711787,5579.138553471,3.605999999999714,-0.5999929951973783,-0.2572629198560959,0.5630709603212697,-0.23040367897416394,6.601483908742001,-1.7216321695720502,-1.8919022045357514,-2.044766241589557,-1.2607002242909562
1791433648.5980337,5579.165393989,3.6269999999997116,-0.4455986474380807,-0.2866149367423883,0.6073705719323931,-0.23390745981988062,8.278413428980224,-1.1800964643649567,-2.403548322157869,-2.860090517513326,-0.06359348355849906
1791433648.6241133,5579.191478099,3.6479999999997093,-0.25399637073009274,-0.29091140810131283,0.5343255462491209,-0.24796049997277328,10.123107722678395,0.7579466036928137,-3.6309015512985883,-0.4297310223647902,1.1445589042592323
1791433648.6504626,5579.21786246,3.668999999999707,-0.019459543478567085,-0.24706482235825156,0.49688559363578655,-0.2727414494958785,12.322160971467184,3.308124007407543,-0.5705416913330243,-0.4901148563899047,3.1437480535552553
1791433648.679417,5579.246878361,3.6899999999997046,0.2556955462141509,-0.14715167762249892,0.4613969121015436,-0.2797702184101461,15.967675598740472,2.047147847821222,-5.524853431117945,2.343607930498301,0.6185991947758268
1791433648.7045588,5579.2719269,3.7109999999997023,0.6067560716033782,-0.0468431218653984,0.36483915423410174,-0.29454532821055784,17.694612289374444,5.794820739207015,-4.134341172223275,-1.003979962787149,0.45701664221457367
1791433648.729578,5579.296933437,3.7319999999997,0.6190351873318737,0.02799505788583925,0.25082414702861483,-0.31191019956122706,-0.005149667676187382,-4.647783030357959,-6.31212643999045,-1.3261993155370102,0.5674593564184938
1791433648.7554426,5579.322800377,3.7529999999996977,0.6134896576531438,-0.06946643524771846,0.09897347966984119,-0.32695238750937256,-0.4128823745551735,-6.749135338670555,-7.8800043530864246,-0.5954066522365589,0.5026847553423345
1791433648.7806015,5579.34795249,3.7739999999996954,0.41930123566679106,-0.2000749829602777,-0.0828103768465324,-0.3318072284722488,-13.357702985796687,-6.46234210965811,-8.771583476370552,0.061032874734959885,0.5726189607812028
1791433648.8054378,5579.372791431,3.794999999999693,0.14251439662697912,-0.37333961560686924,-0.2531658371084295,-0.31871342061977703,-13.138847203606451,-9.69729555022419,-7.330381999449158,0.7707629476474835,0.13927395153648178
1791433648.8317132,5579.399099013,3.8159999999996908,-0.1259697389373439,-0.4542215398372128,-0.38884348555501713,-0.3050890716187895,-11.267094033122214,-0.8345930272821902,-5.674659322513846,0.30656339751551315,-0.49716349209894223
1791433648.8565788,5579.423931396,3.8369999999996884,-0.3337198913952986,-0.45694150439492426,-0.48867670522571743,-0.314101805401399,-9.851739997737495,0.4649360537449482,-3.7441790870318905,-1.2110591305427034,-0.336909484864682
1791433648.8823493,5579.449724674,3.857999999999686,-0.5502956419976475,-0.43953859318597194,-0.5494736577838654,-0.3711769636011245,-9.580424826712198,1.0480750435044701,-1.148257790558526,-3.118483016809048,1.1357977119978908
1791433648.9081025,5579.475472533,3.878999999999684,-0.7403782523453796,-0.28811306676523873,-0.5422604934732944,-0.43804124413018325,-8.380011759870486,7.554227900492756,2.561925838639179,0.04497956003725566,1.7035762729872583
1791433648.9366145,5579.504003564,3.8999999999996815,-0.8786427800099708,-0.15808752072066645,-0.4828693746381566,-0.4435552787880807,-4.998972637019235,4.693257239254987,2.818112073951715,-0.1423534516021082,1.5579376613387628
1791433648.9624562,5579.529910995,3.920999999999679,-0.9565810447191609,-0.08584591762652757,-0.43219258714889097,-0.4440174402304227,-2.3619947637731475,2.415383796505502,2.384530375095241,0.06842711633093126,1.3701837195247681
1791433648.994376,5579.561758875,3.941999999999677,-0.9843914796694286,-0.057821687215151144,-0.37478367490317266,-0.44064641136746124,-0.8220508925856653,1.0042825244955678,3.341892406690879,0.1998085868423352,0.6970708904833562
1791433649.019371,5579.586767886,3.9629999999996746,-0.9805254700723577,-0.060898664555925866,-0.28105812492704446,-0.4363422389360272,0.6175208057349659,-0.5894283701201009,5.7207064337221185,0.13183966948663042,-0.13194123863154775
1791433649.044716,5579.612080225,3.9839999999996722,-0.9905678454422328,-0.08515931468405022,-0.1400904268567482,-0.4309343590118008,5.305913187164096,0.180287986178993,12.661052106014443,-0.7577045654264168,-0.7995770962710281
1791433649.06882,5579.636181396,4.003999999999672,-0.9260618062642658,-0.15937117956963698,0.01656498839556211,-0.4392536964177092,1.5500463052263251,-4.104763157664247,8.25603004250655,-0.17362487682130578,-0.6869368990994653
1791433649.0931835,5579.660548393,4.0239999999996785,-0.776135327961945,-0.2754812422267878,0.16767032047320782,-0.4417062596849615,6.4091545225513595,-6.549010794025465,6.726373883579763,-0.05577207080515028,-0.3935237154468118
1791433649.116919,5579.684283112,4.043999999999685,-0.6090910267610057,-0.4159797808955831,0.2858255971013022,-0.44138788084533637,8.968462721028288,-8.10909576406408,5.303393020925625,0.07566499179231186,-0.3016631487317797
1791433649.1409593,5579.708310764,4.063999999999692,-0.44057927432590954,-0.4484429931453404,0.34189888915545585,-0.43037389919711,7.53949945272445,-0.5182285132417809,1.3842041167206918,1.786918280359921,-0.24229089677255983
1791433649.1673012,5579.73466357,4.0839999999996985,-0.29722565248855864,-0.4502878109848947,0.3454840401890145,-0.40377221234954946,7.380055985395623,0.37590616038717545,-0.66989816669189,0.5510044108793961,-0.4579603062091838
1791433649.194369,5579.76174066,4.103999999999705,-0.11967701780267873,-0.43185490474868127,0.3107377907021815,-0.410586203573349,10.148659661248862,3.070620494565462,-2.5634035718039065,-0.9931763747198136,-0.9958370108577138
1791433649.219746,5579.787117079,4.123999999999712,0.09882323423008259,-0.3342002890163368,0.2483976626503765,-0.43699410417139767,11.906894241032964,4.144530254126075,-4.333969509895966,0.10841558001923596,-1.2675893374515683
1791433649.243667,5579.81103393,4.143999999999719,0.3554241537132848,-0.27399135220364595,0.15140235532793783,-0.4407917304777687,13.469643281236838,1.9689991859351315,-4.745352412715529,-0.1448272652981944,-1.187625210044874
1791433649.2685142,5579.835878142,4.163999999999725,0.617014413977617,-0.22092511765103998,0.03846189473181419,-0.4389738175791894,7.597166892878819,9.12877675744297,-6.384529899477563,0.2613772793185589,-1.0508669765879892
1791433649.3005188,5579.867894105,4.183999999999732,0.6154580867697954,-0.030883284075854788,-0.10251423448291729,-0.39469573082728093,0.1513242008489347,7.136385149799124,-6.654101717036073,5.748946883687712,-0.6230783395195201
1791433649.324947,5579.892327467,4.203999999999739,0.6167144593592953,0.07788891591858364,-0.22942358189490436,-0.321210357436268,-0.013654525245820611,4.386235268088002,-9.559693890966074,4.296758370660512,0.19235201532488228
1791433649.34948,5579.916869832,4.223999999999745,0.6134116945601376,0.1109115909942458,-0.39036939984886904,-0.18849944330411894,-0.21194580585103392,1.5017254913910907,-8.047808347956986,7.472593233384824,0.5535123030628412
1791433649.3768847,5579.944258608,4.243999999999752,0.5565034463063856,0.14463423570392767,-0.567527014857149,-0.023571128806407944,-6.560874439346677,1.5765065008343275,-9.302839576304953,8.759523089057032,0.8099630471224111
1791433649.4018068,5579.969184168,4.263999999999759,0.4297963730860177,0.17313062122125727,-0.7215010714844491,0.16225009358434103,-6.682111017998638,0.8435903024097359,-5.772180391555943,9.339979901322891,1.0767994851670575
1791433649.4261384,5579.993515455,4.283999999999765,0.27992478979864593,0.17709962340320376,-0.7651308939313645,0.2765216598884763,-8.143397590441177,-0.5917846935225332,3.2695517134420324,0.0037760029128608708,1.2990700816227945
1791433649.4506493,5580.018169964,4.303999999999772,0.09844972676010977,0.1456897151631088,-0.6962529349718404,0.29611098425099,-10.004400552710289,-2.448018926707936,4.068216459832819,1.8081105097898298,1.1433491898620056
1791433649.4753358,5580.042713935,4.323999999999779,-0.11545303926789346,0.07315688479481763,-0.6079476167121353,0.3270806802974183,-11.064299620330171,-4.788460672120043,5.32786834229968,1.5734601729341362,0.8143030499314095
1791433649.499423,5580.066777261,4.343999999999785,-0.3348485138519747,-0.04844848303682087,-0.4908323126268908,0.34439403849058586,-10.357504907155397,-7.257733615356164,6.399030501279714,-0.051415009173693946,0.5232960090246396
1791433649.523373,5580.090730136,4.363999999999792,-0.515150197652643,-0.21585029334492825,-0.3488863480128227,0.31831443931397263,-7.39564374861198,-8.933754323651012,7.8619363146082994,-2.4791667419573797,0.30194648695702
1791433649.5509138,5580.118274962,4.383999999999799,-0.6187286384736354,-0.39684980011537685,-0.17360564229013148,0.2501960691636458,-2.111579098059636,-12.761306549661171,8.918467160722514,0.8026019510576798,-0.3649192567352102
1791433649.5832376,5580.150594445,4.403999999999805,-0.5849740949285894,-0.43714379315239016,0.044076599022815674,0.13527676562028834,2.924870689733317,0.25048453886513844,11.862463082504553,-6.262746603066134,-0.9087703392520687
1791433649.6091118,5580.176472933,4.423999999999812,-0.5132279042539379,-0.44060250182914984,0.2911571979241699,-0.004781430789447064,4.579181797867949,-0.37125445543091085,12.314240514788782,-7.5868189782305695,-0.9024633887557093
1791433649.6352127,5580.202578187,4.443999999999819,-0.4216211938662917,-0.4442658716771091,0.5187974406412683,-0.16872852461821225,4.657794996881378,0.0041910361558548034,9.638690229995447,-8.614992426203951,-0.9854760985363126
1791433649.6591744,5580.226539413,4.463999999999825,-0.31764406664074313,-0.43955758186981586,0.557532810783838,-0.21759828247386,6.083624783183868,0.4628298908605856,-3.6184348019901607,1.221466815455924,-1.073921420870831
1791433649.688258,5580.255630103,4.483999999999832,-0.17860834262766606,-0.38316816902223866,0.47249511515854836,-0.21627054406389443,7.763450307558652,4.434958765019862,-4.753037786548686,-0.814307288572358,-1.1097731787493506
1791433649.7133486,5580.28073251,4.503999999999839,0.003118770426871543,-0.2771809497036614,0.3697683106223239,-0.25586697876100917,9.810276873067316,5.234649385136299,-7.2263760331074,-2.737698903755212,-0.6687492178087555
1791433649.7384102,5580.305782469,4.5239999999998455,0.22769869638146328,-0.16446220256709057,0.2170195671703356,-0.3348982466545836,12.275210306908063,5.989875790208356,-8.555531343329525,-4.4544283022065665,-0.17887324540134897
1791433649.7644567,5580.331924453,4.543999999999852,0.4945775784411819,-0.03646689611190439,0.039152493488820064,-0.44009026573084037,14.167183328541835,6.820207370694771,-8.904655966434612,-5.709097533062419,-0.057026116921534364
1791433649.7887137,5580.356073443,4.563999999999859,0.6159007657022479,0.10150323066682813,-0.1348000421288615,-0.4471095160663286,0.049011303474397305,-2.0091737625336,-9.110881197750029,-0.17132990337848286,-0.09115665647884236
1791433649.8126993,5580.380059154,4.5839999999998655,0.6156590353158452,0.06573717514804235,-0.3463256713635543,-0.44277423121526127,-0.07143762152337693,-0.8976418761490815,-12.014817193501992,0.48120602750514174,-0.10815966130175017
1791433649.8366003,5580.403951673,4.603999999999872,0.6132000514014657,0.06183723594152679,-0.6041957424045191,-0.3987159964333113,-0.1459228576496237,0.49041423783496585,-12.56708144369249,5.426646454500811,-0.09614419980417663
1791433649.8631856,5580.430539469,4.623999999999879,0.5967746630944827,0.09430543550854192,-0.8250906181513548,-0.20891158960111297,-2.9169232840827575,2.7929181615026732,-10.3000463861147,9.90310008911043,-0.13568928353446755
1791433649.8879333,5580.455286396,4.6439999999998856,0.5490045126733466,0.16569126717495797,-0.9992881682410283,-0.022144533570785437,-1.4452764150242499,4.242082066948161,-6.888499108999853,8.202959092030085,-0.09099942111588956
1791433649.9120324,5580.479385084,4.663999999999892,0.530255611465004,0.25973943856745396,-1.0120496324970296,0.002659388206460218,-0.3019852721204309,4.851347140107826,0.019102143159542843,-0.5943606747277865,-0.19251149564618172
1791433649.9372926,5580.504646332,4.683999999999899,0.4913036102119071,0.3051432737961544,-0.9992243179800165,-0.015311467129083458,-1.8528948462400372,1.6420231043951263,1.107086881422847,-1.2146420114608703,-0.30875190339820924
1791433649.9610124,5580.528367694,4.703999999999906,0.4571399657389168,0.3348039961788481,-0.9692707979253584,-0.04936306140188843,-1.9144128949608352,1.412160403255815,1.9773928363743258,-1.9924927264085266,-0.5466915978253626
1791433649.9851067,5580.552471474,4.723999999999912,0.4057199200232644,0.3629824815896232,-0.920558010354452,-0.10608244756159306,-4.429402575830897,0.462465218974478,2.4428204446674577,-5.708236384369302,-0.6851225581970363
1791433650.0088453,5580.576209375,4.743999999999919,0.32992770303930924,0.3913916794914861,-0.8542829625230418,-0.1803969783274757,-4.16396129069717,1.2956425333513277,4.682510325105159,-4.948138345754164,-0.2561775605716534
1791433650.0330691,5580.600500359,4.763999999999926,0.2295545637518142,0.40754009822966714,-0.7531833419017312,-0.26655856594216276,-5.801790980698053,0.31550208020728854,5.461834712540532,-3.31777434557524,-0.16689259333647855
1791433650.0583851,5580.625750421,4.783999999999932,0.10106995388753236,0.4023301860512992,-0.6606151846060514,-0.35107768131327927,-6.606837052581499,-1.319852062269301,2.3179529266516665,-6.521014836838528,-0.056628707949007664
1791433650.0825338,5580.64989896,4.803999999999939,-0.05988173814630211,0.37197089039879233,-0.5563489595496046,-0.4140377911346759,-8.857946888807241,-2.4333513225109886,5.651145351020934,-2.4300051320915967,-0.005801815029430258
1791433650.1069329,5580.674296486,4.823999999999946,-0.25569463668618553,0.3040788608753241,-0.438767709837345,-0.4373330828810805,-10.523582674348848,-4.414794602563776,5.880332703274961,-0.07231430149899125,0.11674673434927546
1791433650.1312432,5580.698645909,4.843999999999952,-0.4746972538337431,0.19841010987590718,-0.3056488602131823,-0.43646028978870327,-10.436968543631657,-6.412114011622757,7.226752925850297,0.16644634271414702,0.09830597137330706
1791433650.155546,5580.722921122,4.863999999999959,-0.6643102855146664,0.0625470862181521,-0.1492419596704878,-0.3872401166355499,-8.673816346936539,-7.0294567193347,9.180973310397764,4.14180775097071,0.048758167971922756
1791433650.1792212,5580.746594474,4.883999999999966,-0.8095747745590851,-0.07637409238368076,0.05706303033339957,-0.2834747385684649,-5.860954828874547,-6.55496598003646,11.256393107253949,5.509359692938454,-0.033796011870318936
1791433650.2044122,5580.771788221,4.903999999999972,-0.8873011716027636,-0.18323756625759996,0.2972158196272034,-0.1762949410793704,0.08916952551476787,0.56468081088729,12.286919707293633,4.697752416312827,-0.17632678457051146
1791433650.2319908,5580.799365653,4.923999999999979,-0.8464985386797568,-0.1724983122894254,0.532976992945686,-0.09236614187405848,2.3264324105467615,0.2422262892600301,11.123674769122134,3.2506194124648737,-0.32787621820302204
1791433650.256388,5580.823802106,0.001,-3.9032015691133995e-07,6.722365840855724e-06,-4.1763813053869826e-07,-6.850762257787081e-06,-0.0003903201569113399,0.006722365840855725,-0.00041763813053869825,-0.006850762257787081,3.0284054517871486e-06
1791433650.2805345,5580.847904082,0.02100000000000001,-0.005936168620964962,0.004674471423739765,-0.011640592177235119,-0.006039796245837016,-0.777200116848505,0.45086688275930054,-0.8776041455845908,-0.28383710138972373,-0.038680642945181455
1791433650.3044145,5580.871779417,0.04100000000000003,-0.03019383645762608,0.01834639627776961,-0.03462439571727619,-0.011299993745589054,-1.4800475108681306,0.8880981617081807,-1.1529298950547915,-0.2159152069085174,-0.03284302774927994
1791433650.328248,5580.895617904,0.06100000000000005,-0.06295481390477556,0.03863638945721255,-0.059335501872801774,-0.01555520949455429,-1.6658920664994898,1.103023957320662,-1.2541700478925422,-0.20972488611932363,-0.030679464375942593
1791433650.3524687,5580.919829918,0.08100000000000006,-0.09673422645395519,0.06073494039033407,-0.08508431212876573,-0.019684323122149266,-1.6440909325786943,1.0638957305932377,-1.3138147857947813,-0.21547313361424242,-0.022598205328407277
1791433650.3763425,5580.943698284,0.10100000000000008,-0.13038755241927386,0.08010875373887288,-0.11264232340177825,-0.0234494275288187,-1.714581510254829,0.8504634403369926,-1.4786649434679107,-0.1674989259684579,-0.0005232563375725138
1791433650.4014547,5580.969202859,0.1210000000000001,-0.16671721650834612,0.09424003538274507,-0.14456377733321665,-0.025837659073725885,-1.8858694862009855,0.5578824250780394,-1.7008782460357508,-0.06790406705865284,0.02887076890171719
1791433650.4288642,5580.996242943,0.1410000000000001,-0.23879134907157207,0.097685454288073,-0.19205063153955715,-0.02229859609995717,-7.031144559861005,0.10693244384565675,-5.619185070721023,0.583744877512607,0.056334648445547884
1791433650.4550624,5581.022449793,0.16100000000000012,-0.3103440300853092,0.025687309700087462,-0.3059949856121092,-0.019557827848622658,-2.252064102122151,-1.4939544795169564,-3.0315906516432096,0.357538207294058,0.06537895831505917
1791433650.4836068,5581.05099413,0.18100000000000013,-0.3612918336177228,-0.010326172565972108,-0.34766359139470543,-0.006804717056172202,-3.384926705887835,-3.4730848087212385,-2.4135911082512704,1.0378709285272585,0.015125641178572713
1791433650.5108602,5581.078247996,0.20100000000000015,-0.39184079989756193,-0.061611412430647404,-0.4104989048445768,0.0009866980647263732,0.7520089163174557,-1.5862275476282117,-1.428411214404299,-0.24947952892013547,0.00028571043523745366
1791433650.5351994,5581.102554984,0.22100000000000017,-0.38650452155704484,-0.06587588179124587,-0.4062393955775276,-0.00040795506013050175,-0.33796916671359784,0.5799030076943044,1.2728815455130253,0.08904830180971604,0.02893427902110365
1791433650.5617511,5581.129113776,0.2410000000000002,-0.38824990577685065,-0.06291184048426993,-0.3998174705529642,0.001196801794788317,0.4298980360402976,0.736980509721159,-0.22746428954054076,-0.12322736907845896,0.015590482190955492
1791433650.586079,5581.153440433,0.2610000000000002,-0.3744577051052988,-0.04883183156553228,-0.39377235780299075,-0.001728152628408134,0.6263778003209328,0.5813287894309447,0.799545148303124,0.050982320864484384,-0.008893654794586325
1791433650.609993,5581.177345994,0.2810000000000002,-0.37800321429355016,-0.02827606644743649,-0.37831481804456313,0.004134164837656447,-0.5289259880595628,1.0248746986796973,0.4938148704591958,0.4008659616894454,-0.010353707669555179
1791433650.636416,5581.203790655,0.3010000000000002,-0.37281143927103,-0.024901232135004992,-0.37762784957497897,0.0054729481894733355,0.3275797962385001,-0.006511058606579856,-0.2856374751359538,-0.37789892228302213,0.009756182196982257
1791433650.661095,5581.228477014,0.32100000000000023,-0.36640802241868126,-0.01850540655392998,-0.37906147199817175,-0.00025019345470400606,0.6750063786603079,-0.6325823741470407,0.281007416774522,-0.11124722526064834,0.029998098761463907
1791433650.68593,5581.253301814,0.34100000000000025,-0.350982112132832,-0.025387595179534907,-0.3704658301136517,0.00037279807220989424,0.8466474028489156,-0.34958613683591905,0.467938407085429,0.10242763358929056,0.025294957553759087
1791433650.709579,5581.276939156,0.36100000000000027,-0.3373518221193529,-0.03385603613540615,-0.36071535054608445,0.0022402226725589686,0.514590472746596,-0.2936802876976726,0.5249437940340285,0.07725025413719903,0.01371608682094692
1791433650.7350907,5581.302460479,0.3810000000000003,-0.32926940559974704,-0.035416253126631984,-0.3500445624186023,0.003624725966748468,0.3366931127082083,0.0440974351747159,0.5295639881813048,0.05990052143573616,0.00835711268490102
1791433650.7590485,5581.326422803,0.4010000000000003,-0.3238265614014427,-0.03375269021519481,-0.3398230791712021,0.004410561797098401,0.20070727873398808,0.11074672218436388,0.47999478907113635,0.019866052576795315,0.0005930695242910188
1791433650.7866976,5581.354065159,0.4210000000000003,-0.32188323900062704,-0.03107257645180566,-0.3315417246109536,0.004329968972269027,0.0037557078224591794,0.146932957634066,0.34763714799190903,-0.026276824861184805,-0.0019211627943059204
1791433650.81095,5581.378306071,0.44100000000000034,-0.32083190828995284,-0.028353501241015627,-0.32583171535989464,0.0036333306195483663,0.277109107387025,0.09646698583105923,0.24899409464520422,-0.025874673657997792,0.0020060037474954585
1791433650.8346672,5581.402022702,0.46100000000000035,-0.3142396908886276,-0.02718309176851098,-0.32068950453383344,0.0033731712206851706,0.304946545303144,0.0424532501460349,0.268745282798829,0.0038494762066478977,0.008046853565075361
1791433650.8610709,5581.428437191,0.48100000000000037,-0.3085180192860955,-0.026212244210587925,-0.3156641539013846,0.003766129944607536,0.29821905199529697,0.05378794800046254,0.23237047482927667,0.0251379331053138,0.009679373245736901
1791433650.8925428,5581.459904225,0.5010000000000003,-0.30175948919880796,-0.025523307940353172,-0.3109827667362976,0.004135113418831175,0.36245502808711444,0.007910744183086363,0.2462352674150704,0.01322760755731832,0.008121533211709223
1791433650.921305,5581.488673531,0.5210000000000004,-0.29511661745177437,-0.025669713172676755,-0.3059053869262506,0.004379230442490967,0.2884276462205749,-0.00657846552929962,0.2547210512415631,0.011071262316525794,0.00738952928364528
1791433650.9470859,5581.514451648,0.5410000000000004,-0.29017885211691746,-0.025440030359489194,-0.30111078988201556,0.004514117504247364,0.22007511194954513,0.026369401030551704,0.22393567711061663,0.0018135960450783293,0.005612128262124346
1791433650.973819,5581.541198657,0.5610000000000004,-0.2859955546846488,-0.024824925325958598,-0.29684991186809917,0.004479274555851466,0.20754479833926331,0.028380284307037297,0.2072806223031178,-0.0024151009256853776,0.0038305518587056085
1791433650.998415,5581.565779529,0.5810000000000004,-0.28182797305353546,-0.0244668856280279,-0.29287601279466496,0.00448472353109894,0.2052934741052451,0.0077328366492021225,0.1874352981363432,0.0014693477511710975,0.0023490487599152517
1791433651.0226598,5581.590065002,0.6010000000000004,-0.2780824639643633,-0.024448718015997482,-0.28950948838995505,0.004434082925764892,0.16735536506962445,-0.002127664589951098,0.1518946389716375,-0.007193313225340569,-0.0004437179691626586
1791433651.0469222,5581.614325152,0.6210000000000004,-0.2751698875407278,-0.024469550398414346,-0.28673820303059094,0.004236527894767804,0.12850500300286577,0.0001830513486894526,0.12864408280006676,-0.01018500626437194,-0.004119306157561345
1791433651.070665,5581.638021303,0.6410000000000005,-0.27286416278568537,-0.0244803319373131,-0.28440086523279523,0.004061919278268981,0.10584067112694125,-0.002886196426829787,0.10558322151839525,-0.008153881664642775,-0.007411659655067518
1791433651.0947793,5581.662206457,0.6610000000000005,-0.27095673976367307,-0.024634132534444093,-0.2825808899369012,0.0038596065843960812,0.08488893700441767,-0.012045827214047369,0.0775616145246261,-0.012501698653211185,-0.010807566282787211
1791433651.118345,5581.685698579,0.6810000000000005,-0.2695541578493576,-0.024938287889541798,-0.2813122700507305,0.00355149893861171,0.05643050822783987,-0.01712901644161586,0.05169737141542839,-0.017384675492803148,-0.014386113360205935
1791433651.1424682,5581.709822219,0.7010000000000005,-0.26869334786665416,-0.02530063299985064,-0.2805104832525484,0.0031834057280342135,0.03236513007324327,-0.019084030573725666,0.03006178133972815,-0.018882167199233055,-0.017770000213176918
1791433651.166523,5581.733889509,0.7210000000000005,-0.2682321536164032,-0.02571810624939365,-0.2801336376697902,0.0027905853444355733,0.015521067875305824,-0.022891746438432493,0.00873302498314707,-0.020463757807629386,-0.020742112584455692
1791433651.190528,5581.75789009,0.7410000000000005,-0.2680804719800935,-0.026225494840589527,-0.2801772195814524,0.0023515310105748713,0.0005457950784863788,-0.02742794675986791,-0.011517758206479465,-0.02318615538793997,-0.02337389231387616
1791433651.2146065,5581.781965194,0.7610000000000006,-0.2682193151273472,-0.026803916807913476,-0.28059043170805986,0.0018647714441016143,-0.013281664689978307,-0.029920617662300395,-0.028238729152969114,-0.02503995882499763,-0.025677921274693566
1791433651.238417,5581.805771587,0.7810000000000006,-0.2686008108036081,-0.02741419324725259,-0.28130437399100233,0.0013526074167944848,-0.023589650411402183,-0.030988428408557533,-0.04199305196188903,-0.025979517293681764,-0.027548495414495864
1791433651.2693412,5581.836715069,0.8010000000000006,-0.2691549953184865,-0.028048332315696086,-0.2822721928215869,0.0008167341157984445,-0.030350808029884355,-0.03233040012665781,-0.053522314221575315,-0.02759799823441347,-0.029027239911859497
1791433651.293152,5581.860514844,0.8210000000000006,-0.26979796529537275,-0.028707002131400667,-0.2834375575967991,0.0002548553537701063,-0.03349170406719068,-0.03338925297723629,-0.06210824269913138,-0.028232476533591754,-0.029998561307763388
1791433651.317188,5581.88455262,0.8410000000000006,-0.27048775338710856,-0.02937778556971599,-0.2847420535533816,-0.00031757896644225256,-0.034980714203258184,-0.03346405432167859,-0.06749262113815162,-0.02897641582934996,-0.030500913241269027
1791433651.34127,5581.908627265,0.8610000000000007,-0.27117920988044186,-0.030037481719997965,-0.2861249344095018,-0.0009050526068911952,-0.033656450375155605,-0.032475429071299335,-0.07020890678853337,-0.02965194378597158,-0.03058598540129393
1791433651.366933,5581.934292011,0.8810000000000007,-0.2718170016869767,-0.030680369057278823,-0.287526909611377,-0.0015097707826064236,-0.029376820058928162,-0.03168370468830889,-0.0697011641147444,-0.030637643347610773,-0.030399614025318704
1791433651.395339,5581.962728895,0.9010000000000007,-0.2723360753539612,-0.031305414318131254,-0.2888995518488828,-0.0021223898206190763,-0.022634093669373554,-0.030782761782460307,-0.06756480727924101,-0.030314261833168713,-0.029775003703360177
1791433651.4200847,5581.987448217,0.9210000000000007,-0.27271409890865334,-0.03191435069491136,-0.29019900720884595,-0.0027257317909562956,-0.014924577221942837,-0.029809054680664533,-0.06252606562107689,-0.02997294897904059,-0.028967413123992994
1791433651.4439342,5582.0112921,0.9410000000000007,-0.2729157132546419,-0.03249269540818016,-0.29138139581615136,-0.0033186637183143324,-0.005279345479177025,-0.027689473077098098,-0.05655874662741148,-0.028917455244648914,-0.027863695959232285
1791433651.468228,5582.035597908,0.9610000000000007,-0.27291530276481757,-0.03302770108113521,-0.29243398742596666,-0.00388063444923693,0.005057094446608145,-0.025735827045991453,-0.049244262882926285,-0.027145679825286623,-0.026499893548045335
1791433651.492817,5582.060200146,0.9810000000000008,-0.2727013474096398,-0.0335227465695858,-0.29332733988350607,-0.004405780762522971,0.016084526287421613,-0.023619412914636994,-0.04092052687673438,-0.025335810912115148,-0.025007820770391893
1791433651.5185466,5582.085918668,1.0020000000000004,-0.2722341501595294,-0.03399746657318248,-0.29408109243443703,-0.004923307124630125,0.027969422344737403,-0.021569361050664277,-0.03166365468122353,-0.0239047443999734,-0.023372505764070094
1791433651.5441425,5582.111509663,1.0229999999999981,-0.2715173117093156,-0.034432234386104744,-0.2946328374624393,-0.005410960853810484,0.0398129265474049,-0.019838254528858863,-0.021689945903291544,-0.022436084796985067,-0.02172967225755796
1791433651.5745811,5582.141949802,1.0439999999999958,-0.27055689306282865,-0.03483229291956034,-0.29497755135574205,-0.0058653010585658465,0.051042125208779994,-0.01828702515757945,-0.012035192685634187,-0.02083447311462724,-0.020145975978104306
1791433651.5995514,5582.166909265,1.0649999999999935,-0.26937394977744505,-0.035199642463538454,-0.2951292961625639,-0.006287136225025986,0.060930234130189616,-0.016749763674076646,-0.0031429725046909526,-0.019405402550122876,-0.018681079625761408
1791433651.6259701,5582.19332262,1.0859999999999912,-0.2679986768914313,-0.03553199403460674,-0.2951087287324175,-0.006678756216463846,0.06952301577635775,-0.015000016059087629,0.004206217651575346,-0.017915990324850396,-0.0173413276879476
1791433651.6531625,5582.220524662,1.1069999999999889,-0.2664588091129503,-0.03583214826702798,-0.29494878845434264,-0.0070407765532773245,0.0765481095123952,-0.013692468950679989,0.010309267366182533,-0.016601919068208383,-0.016206038572149105
1791433651.6828897,5582.250249784,1.1279999999999866,-0.26479578571296386,-0.036106391721388284,-0.29468174896176297,-0.007376235412635296,0.08121186977338479,-0.012531038248219974,0.014576064921902923,-0.01547361703563867,-0.015255528971918701
1791433651.711094,5582.278465741,1.1489999999999843,-0.2630604435777468,-0.036357083622155305,-0.29433917529409775,-0.007692962569369657,0.08358235160056868,-0.011439669454989814,0.017674445332384634,-0.01478301930450471,-0.014487302991754544
1791433651.7391887,5582.306545367,1.169999999999982,-0.2612873382950143,-0.036586707217721906,-0.29395947999084504,-0.007993316636665195,0.08466623125269085,-0.01069395202690456,0.018340971076641396,-0.013989433761607419,-0.013879493137488659
1791433651.7692456,5582.336628687,1.1909999999999796,-0.2595124499467293,-0.03680694502508239,-0.2935807571129285,-0.008279033516862022,0.08370530609166416,-0.010365418374038385,0.01768970827642599,-0.013368499102216793,-0.013482142520729613
1791433651.7967374,5582.364175584,1.2119999999999773,-0.2577996659973655,-0.037019441330943516,-0.2932182166334514,-0.008559220126490992,0.07909532282537782,-0.009857377626132239,0.016845564502364692,-0.013414150475877167,-0.013187765791145873
1791433651.8220642,5582.389415991,1.232999999999975,-0.2561684098692721,-0.03721988854330132,-0.29289847265057495,-0.008835737834786039,0.07545822757315067,-0.0095711719167264,0.013874801120103954,-0.013126936728456615,-0.01294628242875852
1791433651.846979,5582.414325824,1.2539999999999727,-0.2546225933626312,-0.037423209033809295,-0.292655373892681,-0.009105311164498777,0.07072590662609828,-0.00983585512531054,0.009686161641030545,-0.012709062955008626,-0.01282999212499064
1791433651.8720212,5582.439366113,1.2749999999999704,-0.2532059929844375,-0.03762633702651003,-0.29250529362673433,-0.009367379974129175,0.06336422381497749,-0.009475558313584605,0.005143781012450551,-0.012482966999716724,-0.012776481718915165
1791433651.8990731,5582.466420927,1.295999999999968,-0.25195186865169483,-0.037817185776164,-0.2924466260297884,-0.009630145988839144,0.05616723113547506,-0.00881940805054056,0.0007096930338959134,-0.012570481736041545,-0.012658118885874793
1791433651.9256475,5582.493005516,1.3169999999999658,-0.250852685246297,-0.038002475743752206,-0.2924831854947835,-0.009892986730333475,0.04850066330482546,-0.008984762518614376,-0.0037704893488165673,-0.01253956037534831,-0.012444344885990317
1791433651.9502628,5582.517616555,1.3379999999999634,-0.24992291839313294,-0.0381947148674534,-0.29260597071163863,-0.010155505576899695,0.040364709230092166,-0.009214054256763077,-0.007713293426858249,-0.012430158125716776,-0.012136587624063038
1791433651.9771254,5582.544481611,1.3589999999999611,-0.2491731873006146,-0.03838530748527784,-0.2928065111969213,-0.010413652004570293,0.031695857996877574,-0.008831847286291434,-0.011044610344296307,-0.012186232376623344,-0.01169725158585168
1791433652.00195,5582.569331741,1.3799999999999588,-0.24859735727765114,-0.03856369199028065,-0.2930654436572721,-0.010666032049630623,0.023808415430819792,-0.008144954410766726,-0.013472413265787658,-0.011823828611854614,-0.011082219039911197
1791433652.0337443,5582.601139112,1.4009999999999565,-0.24817993933640703,-0.03872800043000675,-0.2933693323316823,-0.010907759562157022,0.016675074909891993,-0.007479784440480046,-0.015313574785397075,-0.0111735377248135,-0.010254376573240414
1791433652.0585136,5582.625866445,1.4219999999999542,-0.24790603391825083,-0.03887801518206292,-0.2937017607523218,-0.011133749726524549,0.010181956230670135,-0.006741324439839514,-0.016220909288106804,-0.010356417806484875,-0.00923883991803789
1791433652.0833476,5582.650699195,1.4429999999999519,-0.2477567468513739,-0.039010575649887705,-0.29404125605316955,-0.011341309224042665,0.004749074743077321,-0.005815213938346233,-0.01606376074503443,-0.009386512778789827,-0.008065534439400446
1791433652.1129894,5582.680346377,1.4639999999999496,-0.24771147543694544,-0.03912249244786081,-0.2943657220258584,-0.011526281119556813,6.425297529199863e-05,-0.004806477459756533,-0.014848909306495147,-0.008243976437320753,-0.00674820411887987
1791433652.1379745,5582.705329339,1.4849999999999473,-0.24775094519424298,-0.03920975571120974,-0.29465581848940153,-0.011684883869790105,-0.0031216623913045724,-0.003416630497329302,-0.012956352878892442,-0.006817721545646814,-0.005260348721542265
1791433652.1652765,5582.732632176,1.505999999999945,-0.24784537391079792,-0.03926798844276383,-0.29489899899177835,-0.011811283685537298,-0.005615601357452396,-0.0021285773650604866,-0.010312002916887828,-0.0052470047175422726,-0.003569629550573488
1791433652.1908488,5582.75820439,1.5269999999999426,-0.2479836308129702,-0.039294930182918957,-0.2950814370592367,-0.011901862900757678,-0.007191929106366948,-0.000388804786087705,-0.007256003499178566,-0.003405050997882471,-0.001751221906568996
1791433652.2151966,5582.782551164,1.5479999999999403,-0.24814335370004859,-0.03928210367894447,-0.29519331534164206,-0.011952429935449854,-0.007784691729011178,0.0015943252051351955,-0.003587089139424118,-0.0014563990632883099,0.00013495838418965415
1791433652.2402706,5582.807628679,1.568999999999938,-0.24830662552531235,-0.039226632383958966,-0.2952238294712399,-0.01195998323152,-0.00771018512066084,0.003567544862415772,0.0004998434377901407,0.0006550115996134117,0.0021215609644540763
1791433652.2673,5582.834673537,1.5899999999999357,-0.24846343196430254,-0.03913003748503786,-0.2951683357029709,-0.011922303729941424,-0.007152342909909405,0.00553853187070616,0.004550573513932819,0.0028306551153596516,0.004178505344216618
1791433652.2951224,5582.862494136,1.6109999999999334,-0.24860227934711282,-0.03899078054681015,-0.29502878157805984,-0.011838275862271569,-0.006036155441155636,0.0076221613290291985,0.008594369828601046,0.005072046140182432,0.0062279826789713374
1791433652.3200765,5582.887432332,1.631999999999931,-0.24871547532445837,-0.038806919080280985,-0.29480475806616335,-0.011706195967057957,-0.004727082404963783,0.009772992867939326,0.012608905376704144,0.007382795308220495,0.008247665044480674
1791433652.3488648,5582.916215914,1.6529999999999287,-0.24879968306413913,-0.03857726833607189,-0.2944989052199038,-0.011525628688169918,-0.0032760146427696373,0.011995203214520949,0.01631535324475495,0.009678115835891562,0.01020921569494794
1791433652.3770154,5582.944376299,1.6739999999999264,-0.24885344796532835,-0.0383018936918056,-0.2941208897902144,-0.011298468502468677,-0.0018181552990079925,0.014139066936995804,0.01950882421485734,0.011830108862584086,0.012068568521511069
1791433652.4042366,5582.97158824,1.6949999999999241,-0.248878275676552,-0.03798363536025452,-0.2936800428108942,-0.011027808071261044,-0.0005415307489871478,0.016119565044599705,0.022281272400227474,0.01385306737590662,0.01378227726108223
1791433652.4298759,5582.997228806,1.7159999999999218,-0.24887939859720445,-0.037624855677392516,-0.29318753828978744,-0.010716048021851441,0.0004584521866312392,0.018026087484620774,0.024429466375749505,0.015754721034413794,0.015331261694364797
1791433652.4578671,5583.025226715,1.7369999999999195,-0.2488615382208013,-0.03722709321184186,-0.29265569039568234,-0.010365936404039362,0.0012149101764437269,0.019785779600892082,0.02602387421632528,0.017488089426542928,0.016704007198951324
1791433652.4829218,5583.050300084,1.7579999999999172,-0.2488314360135679,-0.03679566320864537,-0.2920979406921431,-0.009982797702724035,0.0016315589155576472,0.021227378877993152,0.026928666856144506,0.018906787534836496,0.01785549586435276
1791433652.5077143,5583.075069518,1.7789999999999149,-0.2487968816370819,-0.03633924085487897,-0.2915266717029275,-0.009574302273513545,0.0015936132571051163,0.02218741260362746,0.027319889668392227,0.01991439036965458,0.01871075101385417
1791433652.5347579,5583.102112089,1.7999999999999126,-0.24876874011054612,-0.03586391648012956,-0.2909558304668287,-0.009147596824401074,0.001026606487748416,0.022954410583642407,0.027027872587223927,0.020638019320275976,0.01933258228737158
1791433652.5651498,5583.132572186,1.8209999999999102,-0.24875674843787376,-0.03537414190514276,-0.2903956151231127,-0.008707474036329868,0.00010463306964862103,0.023572962374944575,0.026344675851747972,0.02120608620522393,0.019719686745822744
1791433652.5907664,5583.158139559,1.841999999999908,-0.24876685805401208,-0.034874148360727296,-0.2898542288974559,-0.008258316244757978,-0.0010848638275068627,0.0239089772751698,0.02523350621828061,0.02147154587429919,0.019857450131239955
1791433652.6178994,5583.185272391,1.8629999999999056,-0.24880586129143245,-0.034371227425618114,-0.2893412753131277,-0.007808126433428677,-0.0026473478088403562,0.023824202646233052,0.023730512751331496,0.021293328500154425,0.0197466830268784
1791433652.645207,5583.212571641,1.8839999999999033,-0.24888136084665113,-0.03387298555849122,-0.28886369852776794,-0.007364757137515683,-0.004542920241382364,0.023485734437626103,0.021928560328387733,0.020874320059083493,0.019427578353935465
1791433652.6760566,5583.243428272,1.904999999999901,-0.24899920066386913,-0.033384178705209565,-0.28842486221580393,-0.006931506847936685,-0.006614679334860277,0.022924102559765517,0.020071432120014523,0.02031404917988667,0.01892652095572948
1791433652.7025368,5583.269913037,1.9259999999998987,-0.24916055451271976,-0.03290856645036728,-0.28802678353037503,-0.006511500360065587,-0.008701857314980972,0.022313894608824728,0.01798048963314082,0.019692554071503287,0.018303847933138606
1791433652.7275698,5583.294928884,1.9469999999998964,-0.249368317133319,-0.032451113039682136,-0.28766946882674554,-0.006108275940006017,-0.01102231647466158,0.0211468932303534,0.016227894989164413,0.018571611517296263,0.01748234040377864
1791433652.752925,5583.320276742,1.967999999999894,-0.24962466638897618,-0.0320204662710309,-0.28735050401950823,-0.005734757541961311,-0.013321272087366854,0.019851104745118548,0.014293771485399917,0.017005183483343168,0.016487382643389715
1791433652.7787743,5583.34613863,1.9889999999998917,-0.24992893356840573,-0.03161833283340039,-0.2870708290871183,-0.005393830152512446,-0.015563110887444373,0.0184464926494969,0.012558784224006438,0.015532885212566067,0.015410859400885083
1791433652.8068876,5583.374396468,2.0099999999998897,-0.25027789257972827,-0.03124709283657116,-0.28682306279843484,-0.005082042505652612,-0.017559366727832752,0.016935083016087524,0.011186622876559896,0.014186392035729673,0.014264067040608305
1791433652.831292,5583.398654185,2.0309999999998873,-0.25066588806046336,-0.030907764931757002,-0.28660321885026274,-0.004799097107923665,-0.01932909080855083,0.015416666769914322,0.009870223790265671,0.012766267175787464,0.013079818459973488
1791433652.8638914,5583.431274247,2.051999999999885,-0.2510899542891218,-0.030601086041504307,-0.28640847933021774,-0.0045483557520577395,-0.02092605219819146,0.013875686538158676,0.008777849462735838,0.011175845419378851,0.0118798684509292
1791433652.8893027,5583.456656489,2.0729999999998827,-0.25154345900018193,-0.030327109513005022,-0.28623372397274455,-0.004331003714418361,-0.022149002621696147,0.012286638719513786,0.007961643761123053,0.009603824040486588,0.010687347003063402
1791433652.9140623,5583.481413668,2.0939999999998804,-0.25201696147031605,-0.030086237250330557,-0.28607450555450675,-0.004144742730770987,-0.02295111183717385,0.01070113872362383,0.00730087004332761,0.008178875837959391,0.00952300228220801
1791433652.9388063,5583.506155789,2.114999999999878,-0.2525073139710671,-0.02987884943229128,-0.2859259460006332,-0.0039893578943430855,-0.02376347062067253,0.009132687922685827,0.006948030390184546,0.006648546990221472,0.008383163132977467
1791433652.9699461,5583.537296816,2.1359999999998758,-0.253013042209666,-0.029702749191189076,-0.28578136907166474,-0.0038664543779515195,-0.024297973653613,0.00772085783281598,0.006865012747291017,0.005146814609849832,0.007316634685961489
1791433652.9988315,5583.566188779,2.1569999999998735,-0.25352460298635254,-0.0295558399300458,-0.2856373503582506,-0.0037729187793615346,-0.024289033594126142,0.006346838843230277,0.006864247772256755,0.0038689580093476243,0.006320484487523819
1791433653.0267763,5583.594141842,2.177999999999871,-0.25403518285152754,-0.02943735324428115,-0.28549158486840004,-0.0037044371463566847,-0.024097904395204414,0.005055844103914013,0.007004502388125092,0.0027677321815921564,0.005393996756162064
1791433653.0516121,5583.618962736,2.198999999999869,-0.2545388719741186,-0.02934350218344224,-0.2853431445459817,-0.003656984817818726,-0.023638117224284994,0.003988491853586848,0.007108691665850375,0.001839480250279501,0.004549662610671207
1791433653.080228,5583.647593384,2.2199999999998665,-0.255030130151339,-0.029270018821680496,-0.2851927031147898,-0.003627936708464967,-0.02291536941495793,0.0030853382311412454,0.007201449696153813,0.000997577465732864,0.0037885483941890387
1791433653.1119444,5583.679304576,2.240999999999864,-0.25550351336155,-0.029214599613741996,-0.2850402224252385,-0.0036156610154629534,-0.02186292688092847,0.0022562133569293003,0.007277836588296496,0.0002562102826576711,0.003104690082281744
1791433653.137367,5583.704738387,2.261999999999862,-0.25594927705441933,-0.02917562617577788,-0.28488812225422633,-0.0036166073288283365,-0.02056677936810678,0.0015094957947758795,0.007184186610777136,-0.0003035152879384785,0.0024883860733641927
1791433653.1630611,5583.730420419,2.2829999999998596,-0.25637478784789874,-0.029151345382716045,-0.28473724134221556,-0.0036298333570776277,-0.019740318604480535,0.0008847976824825718,0.007146544709959326,-0.0008920296021963092,0.0019335103706890873
1791433653.1882203,5583.755576741,2.3039999999998573,-0.25677809551250363,-0.029138229575288523,-0.2845891434395274,-0.003653730203332593,-0.018584127959159036,0.00039896804875898213,0.006922118422690071,-0.0013283698678403016,0.001449167299944364
1791433653.2131286,5583.780479919,2.324999999999855,-0.25715473300410985,-0.02913507245990769,-0.2844482827419366,-0.0036852496213916745,-0.017329583958340496,-6.58389644960171e-05,0.00647575672128942,-0.001634700527978059,0.0010155673302425603
1791433653.237795,5583.805145319,2.3459999999998526,-0.257505358261604,-0.02914072518665525,-0.28431895468847274,-0.00372236129701421,-0.016137979491944444,-0.0004274337982596584,0.005829621112981701,-0.001869030334492582,0.000619747642610144
1791433653.2635748,5583.830931662,2.3669999999998503,-0.2578301829414442,-0.029152275347071786,-0.2842057948119543,-0.0037636613459482438,-0.014948790508226957,-0.0006475881309824952,0.004959728279042444,-0.002042508211711262,0.0002543147878947918
1791433653.2904804,5583.857846042,2.387999999999848,-0.2581306741168993,-0.02916770967339219,-0.2841129837585143,-0.0038082802442595052,-0.01381512545807556,-0.0008179296401528887,0.0039030745328104723,-0.00219024722547777,-9.067628356667193e-05
1791433653.3180416,5583.885403251,2.4089999999998457,-0.2584069574295879,-0.029186829102411608,-0.284044416506357,-0.003855831433619585,-0.01268037763188194,-0.0009994424235895548,0.002665312122622901,-0.002317051314908154,-0.00042038633696549844
1791433653.3430974,5583.910456741,2.4299999999998434,-0.2586620727250134,-0.029209972691420876,-0.28400361604204594,-0.0039059136029381777,-0.01180778390682186,-0.0012000724360473878,0.0012659424531074224,-0.0024425125293233894,-0.0007508669654911896
1791433653.3688123,5583.936178062,2.450999999999841,-0.25889942072359484,-0.02923736936256066,-0.28399308632568226,-0.0039587568533157895,-0.01093288015133563,-0.0014053058487633206,-0.00020848057840672446,-0.002571162806524352,-0.001096917780272972
1791433653.3990092,5583.966364133,2.4719999999998388,-0.25911931509995817,-0.02926955660738727,-0.28401407166305176,-0.004014474588137319,-0.010169963056796814,-0.0016513625481107516,-0.0017520840517460086,-0.0027248141245014477,-0.001445335948178949
1791433653.4269125,5583.994271226,2.4929999999998365,-0.2593253409355001,-0.029307018875933306,-0.2840689580712977,-0.0040741308271968575,-0.00956818930467173,-0.0019001266349185039,-0.0034273763067228314,-0.0029501811432450283,-0.0018003784918093038
1791433653.4540274,5584.021381325,2.513999999999834,-0.25952063791655317,-0.02934945558330597,-0.2841598088508881,-0.004139085042379934,-0.009163382445229325,-0.0021136159175102645,-0.005187659499512141,-0.003204659973343042,-0.002169338867034515
1791433653.481907,5584.0492633,2.534999999999832,-0.25970777278561086,-0.029395935571923538,-0.28428783485465486,-0.0042087160336880996,-0.008668654760874618,-0.0023096683062684637,-0.0069148995942044916,-0.0034067287665532054,-0.002559197428647539
1791433653.5113096,5584.078847901,2.5559999999998295,-0.25988491453494994,-0.029447889180314823,-0.28445031624590833,-0.004282850701228501,-0.008282003605564471,-0.002638550380720855,-0.008481356064425384,-0.0036563439922264102,-0.0029603720391795448
1791433653.540902,5584.1082779,2.576999999999827,-0.260056568086193,-0.029507302091042544,-0.284646373737646,-0.004363194499718911,-0.008090946394650193,-0.003000353562353263,-0.010105570346082634,-0.004001377127332923,-0.003361157459569716
1791433653.567889,5584.135241947,2.597999999999825,-0.26022477903545826,-0.029574214728249892,-0.28487543492212053,-0.004451486070516384,-0.007926818355963858,-0.0033663560260804282,-0.011552166582247855,-0.004399692210617445,-0.0037671766278506483
1791433653.5931673,5584.160516845,2.6189999999998226,-0.260390015387944,-0.0296494612365186,-0.2851310228546609,-0.004548132964437191,-0.007816548336681923,-0.0038071704934746617,-0.012625989429018374,-0.004810090258105378,-0.004175461396379251
1791433653.620031,5584.18738133,2.6399999999998203,-0.26055528886462337,-0.02973322383657288,-0.2854105308796661,-0.004653137441634267,-0.007895024107780705,-0.004184896943966676,-0.013782443536791542,-0.005215573320343168,-0.004558286935056606
1791433653.6542678,5584.221645427,2.660999999999818,-0.26072121266665993,-0.02982432573631461,-0.285712753417784,-0.004766457763599762,-0.00786183843772744,-0.004537895367759775,-0.014688603670013489,-0.0056004783183074645,-0.004923966105247633
1791433653.6847422,5584.252109386,2.6819999999998156,-0.260886156508872,-0.0299231195330439,-0.2860307159077396,-0.0048873056559661995,-0.00784010974498814,-0.004920704107414725,-0.015347556296715994,-0.005942045283165981,-0.005260864413974274
1791433653.712899,5584.280285258,2.7029999999998133,-0.26105184206265813,-0.030029692474934457,-0.28636216953519755,-0.005015487323742087,-0.007905116130726508,-0.005276594537574288,-0.015923893530679082,-0.0063058040957770616,-0.005557986069843365
1791433653.7394483,5584.306826906,2.723999999999811,-0.2612182855847093,-0.030143583637651922,-0.28670210565367443,-0.005151418907430947,-0.007945151474538868,-0.0055578440110650535,-0.016333010351174335,-0.0066215782202012725,-0.005812487477321399
1791433653.7648208,5584.332181387,2.7449999999998087,-0.2613856206253204,-0.03026224334607714,-0.2870482466847472,-0.00529287217502721,-0.007966314787764384,-0.005742967565549819,-0.016516953754485406,-0.006836781621314661,-0.00600309786524578
1791433653.790616,5584.357982483,2.7659999999998064,-0.2615520279349416,-0.03038525309463075,-0.2873934940381223,-0.005438568928747976,-0.007892904754706175,-0.005936421659304483,-0.016413696785753957,-0.007010857329317521,-0.006145407679150524
1791433653.8160841,5584.38344661,2.786999999999804,-0.26171744906792516,-0.030512227162555746,-0.2877360067672075,-0.0055881219482683125,-0.007891952370178078,-0.006106835106630172,-0.01626826378447053,-0.007202657915937567,-0.006223942582786308
1791433653.8437872,5584.411138495,2.8079999999998018,-0.2618833830828779,-0.030641865084988677,-0.2880723707912745,-0.005741015270435426,-0.007910274206076547,-0.006167504307942044,-0.015864364241305554,-0.007296712119155758,-0.006237348074344894
1791433653.8737497,5584.441100803,2.8289999999997995,-0.26204883780381816,-0.030771667960859627,-0.2883977828025324,-0.005894331867936055,-0.00785885998809555,-0.006130913336784824,-0.015289622191505618,-0.007257720959528311,-0.00618040320755897
1791433653.898653,5584.466035011,2.849999999999797,-0.2622128321091501,-0.03090030466987477,-0.2887097006577041,-0.006046248986454118,-0.007788792146182866,-0.006054398957723355,-0.014608938300497823,-0.007172264306419702,-0.006057744223365966
1791433653.925323,5584.492678041,2.870999999999795,-0.2623757923867073,-0.031026049851388744,-0.28900832124071785,-0.006195622415818918,-0.007748980152913831,-0.005858801131599007,-0.013984532726809537,-0.00701536552423014,-0.00585695305077822
1791433653.9502773,5584.517635413,2.8919999999997925,-0.26253730390533686,-0.031146644690784212,-0.2892917212014776,-0.006340461287193375,-0.007645311818342384,-0.005573361948038554,-0.01317559169661526,-0.006735528578189687,-0.005586256473652048
1791433653.975662,5584.543020497,2.91299999999979,-0.2626961608388204,-0.03126033138374062,-0.2895578759600091,-0.00647803983763299,-0.0075137055138676054,-0.005217891618175558,-0.012349489497966026,-0.006353226503553092,-0.005249543384398127
1791433654.000467,5584.567832113,2.933999999999788,-0.2628528022603525,-0.03136575369086129,-0.28980734314651724,-0.006607200264007806,-0.007436321060791956,-0.004791776242470814,-0.011540581135700983,-0.005938196816323225,-0.00485245122066588
1791433654.027959,5584.595398962,2.9549999999997856,-0.26300826148723405,-0.03146096108011611,-0.29003970255146133,-0.006726691007594234,-0.00738143656956156,-0.004263974438474265,-0.010693006920534102,-0.005437681212931943,-0.004397834145678906
1791433654.0527296,5584.62008523,2.9759999999997833,-0.26316245966025353,-0.03154418327702714,-0.2902547227368001,-0.006834679288449349,-0.007308371951699487,-0.003673589234615861,-0.00986666573367053,-0.004859719243278326,-0.0038925584731931977
1791433654.0779977,5584.645347052,2.996999999999781,-0.2633153528674858,-0.03161439344123738,-0.29045315056226373,-0.006929881030616611,-0.007257464147720572,-0.0030398981795633413,-0.009069927669007261,-0.004231547327619005,-0.003344541324636259
1791433654.104221,5584.671582246,3.0179999999997786,-0.263467407168319,-0.03167057984960115,-0.2906360215816004,-0.007011275381694369,-0.007215214546745143,-0.0023523848165401054,-0.008344470176955597,-0.0035555362340140392,-0.0027603927833760498
1791433654.130273,5584.697625502,3.0389999999997763,-0.26361893206341014,-0.0317117467075779,-0.2908041397240657,-0.007078008339405203,-0.007201136844476855,-0.0016254952457479936,-0.0076248191346114345,-0.0028418524410801825,-0.002149747830272366
1791433654.1554813,5584.722838423,3.059999999999774,-0.26377044491940876,-0.031737164228565366,-0.29095815640038775,-0.007129289559932756,-0.0072057082107769635,-0.0008659687638918486,-0.006969298943561694,-0.0020954839418242926,-0.0015204164782849662
1791433654.1863506,5584.753717401,3.0809999999997717,-0.26392248484857184,-0.031746174132632525,-0.2910997717875385,-0.007164721025828255,-0.007238897930614634,-7.490465273466145e-05,-0.006396560574550344,-0.0013376775995357223,-0.0008780383268903938
1791433654.2168791,5584.784237521,3.1019999999997694,-0.2640752140996518,-0.03173924483839833,-0.29122815847361194,-0.007184476297398151,-0.007309157410910123,0.0006863183287008226,-0.0058341597921958005,-0.0005895929884287929,-0.00023976032888577058
1791433654.2430415,5584.810392942,3.122999999999767,-0.2642302890339499,-0.03171564407626569,-0.29134681045290445,-0.0071886375894381445,-0.007419338506505879,0.00148905506370404,-0.005345312854775567,0.00014487683590311252,0.00039791728646749146
1791433654.2703366,5584.837707755,3.1439999999997648,-0.2643870691427652,-0.031675758577281575,-0.2914538601296143,-0.0071772465070946475,-0.007497937891812455,0.002255744458592624,-0.004848911596269163,0.0009001430055075423,0.0010220793870366993
1791433654.2989116,5584.866280262,3.1649999999997624,-0.2645453262314412,-0.031620258445510745,-0.2915511300772999,-0.007150461137268694,-0.007587552907546469,0.002985494954122821,-0.004433986596883881,0.001601758731021727,0.0016270155486093926
1791433654.3242643,5584.891620387,3.18599999999976,-0.2647059806914294,-0.03154975322205431,-0.2916394546332697,-0.007109669551714178,-0.007699501917652351,0.0036856767548360155,-0.003974864979447321,0.0022497817831476125,0.0022024570526034057
1791433654.34968,5584.917033803,3.206999999999758,-0.26486887773583506,-0.031465156511737584,-0.291717627328818,-0.007055491068135232,-0.007822922095307112,0.004330865082359168,-0.003521502340129938,0.002869378679089127,0.0027469775326831015
1791433654.3748314,5584.94218209,3.2279999999997555,-0.2650346079154784,-0.0313675033733987,-0.29178617042460825,-0.0069890465262256165,-0.00797316012133161,0.004932267186722103,-0.003060024564134214,0.0034198600155293073,0.003254654345432086
1791433654.3996263,5584.967000004,3.248999999999753,-0.2652035340793293,-0.03125766063942761,-0.29184454373900603,-0.0069115798669258,-0.008115989033180074,0.005489413775107017,-0.00254779058509973,0.003923286941532002,0.003722284859974935
1791433654.4246435,5584.991995388,3.269999999999751,-0.26537540319067005,-0.031136883776738067,-0.2918917727531249,-0.006824045061000449,-0.008266946562765847,0.005972512637739966,-0.002022884271650985,0.004371738356478502,0.004149722891733127
1791433654.4493825,5585.0167312,3.2909999999997486,-0.26555050532426533,-0.031006582074331296,-0.2919279842922874,-0.006727923217966441,-0.008408421505689817,0.006402620948367993,-0.0014708183505580887,0.0047477839513308355,0.0045347692936936355
1791433654.4742162,5585.041567134,3.3119999999997463,-0.2657283444874857,-0.030867907542414853,-0.29195190104932667,-0.0066244307184920755,-0.008538573371519274,0.006768772635146113,-0.0008620960350128685,0.005074287712743472,0.004877850284730214
1791433654.5014696,5585.068820738,3.332999999999744,-0.2659090108490835,-0.0307221192398853,-0.2919629060327945,-0.006514633790955644,-0.008673284311466122,0.007086283864329074,-0.00023540787054010463,0.005347903573118435,0.005178306548662557
1791433654.5286262,5585.095982267,3.3539999999997416,-0.26609236017872145,-0.030570237103805475,-0.29196044198319443,-0.006399847171066041,-0.008789178248910519,0.007350202122872666,0.0004300051119316303,0.0055541135620936185,0.005437224106159103
1791433654.5533743,5585.120727196,3.3749999999997393,-0.26627797831458716,-0.030413531083060347,-0.2919436366815711,-0.006281348786300065,-0.008890379978622586,0.007552375078398172,0.00113261666430124,0.005709504308142651,0.0056560867674710705
1791433654.5780826,5585.145430523,3.395999999999737,-0.26646553515445365,-0.03025311651092254,-0.2919119103514513,-0.0061600107717038255,-0.008966258066843608,0.007709937466346436,0.0018538810915580367,0.005826105190302416,0.005837038037877912
1791433654.6027455,5585.170101319,3.4169999999997347,-0.26665462733451817,-0.030090007657311416,-0.29186478492873297,-0.006036976704863994,-0.009032960869248171,0.007816385719240935,0.002602456191576309,0.005880227495882712,0.005982376180138837
1791433654.6279378,5585.195291848,3.4379999999997324,-0.26684505933516217,-0.029925268656339325,-0.29180171768298857,-0.00591342643046642,-0.00908321737904921,0.007874917029363264,0.003369478923158892,0.005886588347024623,0.006092544040675706
1791433654.6536007,5585.220965303,3.45899999999973,-0.26703614995628483,-0.029759649810190168,-0.2917223227765515,-0.005789998545531989,-0.009087155562270096,0.007908432607208677,0.004148639985313557,0.0058833390998263525,0.00617666198713224
1791433654.6818697,5585.249233678,3.4799999999997278,-0.2672270677712433,-0.02959377441479671,-0.2916266815778348,-0.005666834269709139,-0.009060903247834583,0.007911626217395423,0.004903084910466249,0.0058687858704792135,0.006235664504793059
1791433654.7119024,5585.27927213,3.5009999999997254,-0.26741776507621257,-0.029428147535857364,-0.29151523271217455,-0.00554452126535184,-0.009045628379672318,0.007901224492348872,0.005639811530661378,0.005817275175648733,0.006268840604013333
1791433654.7405498,5585.307905805,3.521999999999723,-0.26760812489603863,-0.029263140779173004,-0.291388025942054,-0.005424050576413746,-0.009022254226014974,0.007851107638351975,0.0063953029789806035,0.005698716041796651,0.006273482356046284
1791433654.7689526,5585.336330184,3.542999999999721,-0.267797170860877,-0.029099247047528032,-0.29124533395466634,-0.00530590922033227,-0.008947248524219114,0.007769376899700775,0.007125929385554212,0.005577666854847425,0.0062630155234655255
1791433654.7967365,5585.364113264,3.5639999999997185,-0.2679844033172262,-0.02893766931969043,-0.2910874848602393,-0.005190622042376511,-0.008863953730680833,0.0076432596755959484,0.007841193808135985,0.005425886865242767,0.006228225387649172
1791433654.824956,5585.39233924,3.584999999999716,-0.2681693932333002,-0.02877830931116893,-0.2909155144564,-0.005078228780767758,-0.008747061209109366,0.0075360253880964135,0.00849378998855247,0.005287637394316438,0.006183609133844527
1791433654.8500748,5585.417442226,3.605999999999714,-0.2683513127457673,-0.028621125034739278,-0.2907305845338845,-0.004968515686153292,-0.008593465015160985,0.0074295075296377374,0.009094586911001262,0.005160832404255273,0.0061220270492446435
1791433654.8798404,5585.447196258,3.6269999999997116,-0.268529766336532,-0.028466106997765233,-0.29053384553130657,-0.004861514043314075,-0.008423679499164635,0.007321809660219563,0.009632437349347102,0.005020985840448419,0.00604819813450315
1791433654.9048595,5585.472208321,3.6479999999997093,-0.26870422401493255,-0.02831338719179202,-0.2903267597994425,-0.004757543448130338,-0.008224644659299911,0.007201168158244604,0.010104373600813734,0.004867263886870335,0.00596253333699919
1791433654.9297101,5585.497058618,3.668999999999707,-0.2688741500164111,-0.02816334170551006,-0.2901105809713133,-0.004656824753172161,-0.007995093216594466,0.007070305487815889,0.010503929481421573,0.004714164455519429,0.005865485837833006
1791433654.9561856,5585.523539018,3.6899999999997046,-0.2690388881248882,-0.028016078655937988,-0.2898869800790384,-0.0045592436479801515,-0.0077417139318432405,0.0069266007113427674,0.010841701849947384,0.004558338457826449,0.0057554616795090835
1791433654.983685,5585.551079716,3.7109999999997023,-0.26919822640744234,-0.027871892708367683,-0.28965684978559675,-0.004465086334066638,-0.007480305657269511,0.00678491329570963,0.01112029648337644,0.004391961332191919,0.00563112850782028
1791433655.0105233,5585.577890073,3.7319999999997,-0.2693518670564253,-0.027730674358989987,-0.2894217323974903,-0.004374530136400617,-0.007192318406964474,0.006641732732472613,0.011320904348373623,0.004218530389261005,0.005495264311166645
1791433655.0378506,5585.605207081,3.7529999999996977,-0.2694990656893235,-0.027592435418105892,-0.289183506102674,-0.004287444887379,-0.006861200416840286,0.006512104599430916,0.011395580216931248,0.004071537380259958,0.005354047491966588
1791433655.065932,5585.633289718,3.7739999999996954,-0.26963917688981237,-0.027457514340457456,-0.2889438046443722,-0.004203695892906531,-0.006527867045888502,0.006310379464277156,0.011511288603185376,0.0038818240225429357,0.005190546357872056
1791433655.0933373,5585.66069983,3.794999999999693,-0.26977242337150464,-0.02732700553356579,-0.28870220935985996,-0.004124419285627882,-0.006196752781772456,0.006116922141047918,0.01151411857402619,0.003660562842303922,0.005010613060318104
1791433655.1225765,5585.689925694,3.8159999999996908,-0.26989865001819463,-0.027200664028366676,-0.28846131532909913,-0.004050052704600117,-0.005843833738192224,0.005921668806243114,0.011446536286472606,0.0034365629995633438,0.0048210662781965246
1791433655.1479557,5585.715308302,3.8369999999996884,-0.2700171379640688,-0.027078457267451624,-0.28822168498878065,-0.003979876459441307,-0.005454993967053312,0.00573096854740418,0.011364014936340348,0.00325914657541293,0.0046165635024190705
1791433655.1732025,5585.740556505,3.857999999999686,-0.27012737731585496,-0.02696036389966307,-0.2879844452110479,-0.003913665301431514,-0.005057855831480127,0.005534902116284762,0.011192976647167643,0.0030522729669187803,0.004396079973554477
1791433655.1992488,5585.766602982,3.878999999999684,-0.27022935574036455,-0.026846784502768613,-0.28775121258758574,-0.003852477950107016,-0.004660769061393519,0.005309893213300597,0.010967995242931636,0.0027953994282495795,0.004161339878294313
1791433655.2245734,5585.791921473,3.8999999999996815,-0.27032292210492276,-0.02673839462911018,-0.28752243879698713,-0.003796862014241675,-0.004251387651254692,0.005053213527804628,0.010737128366776122,0.002532861405930555,0.00391203936913345
1791433655.255151,5585.822508746,3.920999999999679,-0.2704077463121377,-0.02663569217402454,-0.28729865533825855,-0.0037467980527861092,-0.0038289837724277353,0.0047807767655391855,0.010463743426820769,0.0022674293785078787,0.0036487690906562517
1791433655.2814045,5585.848774352,3.941999999999677,-0.27048392638799046,-0.026538957944995258,-0.28708025382341146,-0.0037026237669819696,-0.003429263686344234,0.004484534346332774,0.010225655747352718,0.0019723270259281757,0.0033686333366399934
1791433655.3073015,5585.874665725,3.9629999999996746,-0.2705515018634114,-0.026448284403536578,-0.28686793064547367,-0.0036646860188113218,-0.0030179172605925013,0.004182744712592893,0.009942425107608155,0.0016626555829113703,0.003077510069820809
1791433655.3334768,5585.900837432,3.9839999999996722,-0.2706103870077183,-0.026364113447025165,-0.28666164631750374,-0.0036333893571310508,-0.0026095969043134445,0.0038593384277130147,0.009674332991998082,0.001339082587674776,0.0027742330678897087
1791433655.3574018,5585.924760515,4.003999999999672,-0.2706586779169792,-0.026290200924263547,-0.2864710712567403,-0.0036098847339085275,-0.0022339412478116455,0.0035498382160884913,0.009375071069486252,0.0010276838715470654,0.0024792632594293497
1791433655.3822374,5585.94960528,4.0239999999996785,-0.27069933519099765,-0.02622258151445125,-0.2862865881731345,-0.0035927197142034046,-0.0018503455136866468,0.0032380168861799114,0.009050328368111114,0.0007084398195634716,0.0021790066296805376
1791433655.4068413,5585.974209756,4.043999999999685,-0.2707321779884982,-0.026161323595586726,-0.2861080292841529,-0.0035819917489495023,-0.0014543583977135663,0.002906423637731066,0.008803204524356461,0.0003831987888165889,0.0018734398710399955
1791433655.430814,5585.998168553,4.063999999999692,-0.27075733992221457,-0.026106893283176613,-0.2859346905601576,-0.003577780241350751,-0.0010901273746495184,0.002559233729276781,0.008509541478682414,5.312511215328571e-05,0.0015632601692304657
1791433655.454673,5586.022025207,4.0839999999996985,-0.2707757219285581,-0.02605925366747838,-0.28576787391420544,-0.003580391718506664,-0.0007663402394336659,0.0022275304872653866,0.008182621063138608,-0.00029716830301658497,0.0012532285599401091
1791433655.4795835,5586.04693255,4.103999999999705,-0.2707874824464832,-0.026018130709881227,-0.285606933368774,-0.0035898976648238144,-0.0004238369548759008,0.0019038820733472584,0.00791892879606912,-0.0006307023201603833,0.0009453064178009203
1791433655.5038166,5586.071167753,4.123999999999712,-0.27079216000750533,-0.02598359552399275,-0.2854510774782857,-0.00360583648261829,-6.668551505527788e-05,0.0015667607438714017,0.007664457155053279,-0.000947701800421779,0.0006415368736540603
1791433655.5310268,5586.098381011,4.143999999999719,-0.27078994996270456,-0.025955911837661348,-0.2853005314977292,-0.0036281968464384378,0.00025515325044053424,0.0012238519165779305,0.0073848025327748834,-0.0012747389537458836,0.0003435481342890434
1791433655.5579972,5586.125345183,4.163999999999725,-0.2707818918371128,-0.02593480897307316,-0.2851557649093145,-0.0036571515873199826,0.0005335943635455369,0.0009097536900618716,0.007108846491385384,-0.0016021834648602914,5.324542767214884e-05
1791433655.5838096,5586.151161094,4.183999999999732,-0.2707680833453453,-0.025919768512240295,-0.28501582175105866,-0.0036923815927878147,0.0008304149422456835,0.0006119881970246868,0.006888259157667209,-0.0019010708089231328,-0.00022650057301270632
1791433655.608349,5586.175704695,4.203999999999739,-0.2707482877300527,-0.02591071013593477,-0.2848804947562352,-0.0037333392430504253,0.0011125179866845662,0.00030912242468212334,0.006643216883893929,-0.002186237269648519,-0.000493350271958959
1791433655.632512,5586.199867494,4.223999999999745,-0.27072359395190465,-0.025907551566822336,-0.28475016923917096,-0.0037801643991767996,0.001351568360336453,3.103374240215104e-05,0.006407212711077994,-0.0024765471627003184,-0.0007487809565571819
1791433655.6570723,5586.224432771,4.243999999999752,-0.2706934416208027,-0.025909681196615512,-0.28462401935189463,-0.0038323099390456753,0.0016330906844035777,-0.0002329192488659721,0.006208646004426536,-0.002724057440500874,-0.0009849878844788577
1791433655.681982,5586.249365267,4.263999999999759,-0.27065827356802485,-0.025917088739561254,-0.28450226979170223,-0.003889180570450459,0.0018555362190553763,-0.00048810312951643294,0.005971913925707421,-0.0029529817435652783,-0.0012051798507750555
1791433655.7112546,5586.278663869,4.283999999999765,-0.27061903914587176,-0.025929148465421967,-0.2843852639426958,-0.003950507602405245,0.0020486306632290234,-0.0007000725008617485,0.005742296402230286,-0.0031684429413242577,-0.001407384508024976
1791433655.7394311,5586.30681752,4.303999999999772,-0.2705759874942253,-0.025945132901652655,-0.2842725895758232,-0.004015874526984054,0.0022265062195488037,-0.0008880812675044006,0.005537002141753751,-0.00336360796077256,-0.0015915246904239925
1791433655.7640684,5586.331423248,4.323999999999779,-0.27052893524249433,-0.025964679369219423,-0.284163721691551,-0.004084731355714093,0.0024467997124226443,-0.0010605761443678778,0.005350729231792871,-0.0035137107938428315,-0.0017514536736714034
1791433655.7883415,5586.3556908,4.343999999999785,-0.2704782605491683,-0.025987646570287834,-0.2840592292442831,-0.0041563120905778765,0.0025904008999249623,-0.0012215092381634382,0.005106614314920301,-0.0036415348737805116,-0.001891307326534952
1791433655.8132446,5586.380633911,4.363999999999792,-0.27042523820578285,-0.0260133074925214,-0.2839595884940854,-0.004230408947408242,0.0026954180956307652,-0.0013318862419964563,0.0048785455307964985,-0.003763400858030591,-0.0020110654316462992
1791433655.8398612,5586.407239418,4.383999999999799,-0.2703700326372664,-0.026040845583013433,-0.2838640051167243,-0.004306674581274308,0.002802333166909938,-0.0014208343426753908,0.004700503920806487,-0.0038633651719445004,-0.0021112190256222948
1791433655.8648565,5586.432227775,4.403999999999805,-0.27031289422981497,-0.026070182972775198,-0.2837715603613808,-0.0043848159109540616,0.0029129155663557833,-0.00149931547225663,0.004546621792092991,-0.003936444607639578,-0.0021946475256783065
1791433655.8900554,5586.457428739,4.423999999999812,-0.27025279537766883,-0.02610079827415039,-0.28368281395804473,-0.0044637110736501125,0.003056559577370405,-0.0015678393425441555,0.004342313311847857,-0.00396049177356079,-0.0022482141087728307
1791433655.9151227,5586.482501967,4.443999999999819,-0.2701910408682975,-0.026132739420973446,-0.2835982789216602,-0.004543048052469418,0.003090665361598005,-0.0016125290998318719,0.00412433529238666,-0.003973615339442847,-0.0022860082682686035
1791433655.939198,5586.506560384,4.463999999999825,-0.2701291461607001,-0.026164798959379402,-0.28351798630365166,-0.004622500724544428,0.0030789413486021163,-0.00159149321116903,0.003936541369196522,-0.0039822895860972774,-0.0023103068639024078
1791433655.963074,5586.530426852,4.483999999999832,-0.2700666007984114,-0.02619612742561739,-0.2834407597820639,-0.004701848691348228,0.0031414549446658517,-0.0015573713057958959,0.003806592283371913,-0.003962760066081666,-0.0023140604622065805
1791433655.9869661,5586.554320005,4.503999999999839,-0.27000278456304,-0.026227101524365047,-0.2833663801954075,-0.004780445415901928,0.0031928521833340336,-0.0015504480706290888,0.003645820800423018,-0.003912280473340608,-0.002298635996861845
1791433656.01103,5586.578384613,4.5239999999998455,-0.26993851768747196,-0.026257756576882108,-0.2832955890844224,-0.004857911913059075,0.0031865069993315784,-0.0015180210326390434,0.0034571659110032298,-0.0038518688935369697,-0.002266847318172911
1791433656.0356066,5586.602970613,4.543999999999852,-0.26987484269619144,-0.026287191924628736,-0.28322851225220724,-0.004933975737507896,0.0031614028649233836,-0.0014273459427176516,0.0032723507485846915,-0.00376146730680962,-0.002218124725224281
1791433656.0609207,5586.628274605,4.563999999999859,-0.2698120025902756,-0.026314596938039787,-0.28316505171827605,-0.005007979641498402,0.0031069269495802507,-0.0013195545961975426,0.003091948883029721,-0.003649011117841829,-0.0021550950952981796
1791433656.0907567,5586.658112133,4.5839999999998655,-0.26975040497096137,-0.026339810221625237,-0.2831051650316816,-0.005079722778840763,0.003040242768816638,-0.0012101345723985908,0.0029182552206411362,-0.0035373356705831254,-0.0020791282733768576
1791433656.1144927,5586.681842959,4.603999999999872,-0.2696903033387241,-0.026362898250922688,-0.28304850500998296,-0.005149225618385272,0.0029415707683791703,-0.0011102486447927453,0.002780015120576034,-0.003429487744499761,-0.0019939415785914924
1791433656.1382868,5586.705634452,4.623999999999879,-0.26963190622855177,-0.026383809373412302,-0.2829944608848407,-0.005216298309286262,0.0028710605312866457,-0.0009942533623363836,0.002647231610730422,-0.0032937919508898125,-0.0018936287909332857
1791433656.1622987,5586.729653323,4.6439999999998856,-0.26957583229251897,-0.026402466881500258,-0.2829430302347716,-0.005280642329768361,0.002726861794601178,-0.0008718313393708683,0.00251134842049639,-0.003149442691818068,-0.0017870318521584008
1791433656.1867142,5586.754070064,4.663999999999892,-0.2695226539953408,-0.02641827804380333,-0.2828943340805512,-0.005341975842126826,0.002583007936770038,-0.0007174546531439516,0.002381466452737325,-0.0029972160726849735,-0.0016714726433874965
1791433656.2133484,5586.780705667,4.683999999999899,-0.26947239278026713,-0.026430961474257022,-0.28284803193435254,-0.005400168465113776,0.0024301929152437713,-0.00056355348647686,0.002271527691478952,-0.0028345796120352366,-0.0015476523877970643
1791433656.2372644,5586.804620056,4.703999999999906,-0.2694255493882145,-0.02644064885218116,-0.28280375570300176,-0.005455080671416661,0.0022343344847273686,-0.00041797709497608677,0.002182516988506259,-0.0026767527953521397,-0.0014198154221554801
1791433656.262325,5586.829701809,4.723999999999912,-0.2693832847401875,-0.026447442669955107,-0.2827605389912956,-0.005507201773950858,0.0020135856443137317,-0.0002615541595373867,0.002153180442936963,-0.0025396975464886755,-0.0012912612227629324
1791433656.2889109,5586.856264605,4.743999999999919,-0.26934426392374206,-0.026450990554896723,-0.2827180506883915,-0.005556200628571208,0.0018688035891809031,-0.00011555619147531456,0.002116067862210478,-0.002375242864084842,-0.00114955990933224
1791433656.3127673,5586.880122237,4.763999999999926,-0.269309042333554,-0.026451990397556312,-0.2826762867129325,-0.005601857799086281,0.0016270446445213417,9.871920901510848e-06,0.002086203561902376,-0.0022082260208954665,-0.0010085594440316255
1791433656.3410935,5586.908459769,4.783999999999932,-0.26927877763503744,-0.02644988363153758,-0.282635292087033,-0.005644067570257542,0.0013978147865738328,0.0001925740282636844,0.0020346008493697812,-0.002028898508876933,-0.000862734228602708
1791433656.3652132,5586.932574854,4.803999999999939,-0.26925316999669974,-0.026444096821899167,-0.282595105373399,-0.005682755222782272,0.001155472157343872,0.0003714534112880468,0.002004683506735631,-0.001854020987626435,-0.0007130331811246943
1791433656.3965974,5586.963970806,4.823999999999946,-0.26923273667537917,-0.026434899473103766,-0.28255528709090805,-0.005718004808543433,0.000889955418870711,0.0005372861045613654,0.0019942348530138762,-0.0016847480758985693,-0.0005611578938969521
1791433656.4204028,5586.987757984,4.843999999999952,-0.26921762922906717,-0.026422471846569446,-0.2825154615655945,-0.005749936072218058,0.0006089791141103557,0.0006905801192641379,0.0020211871741576035,-0.0015265614103364422,-0.00040927909306067307
1791433656.4450946,5587.012445528,4.863999999999959,-0.26920803191848286,-0.02640696272536453,-0.2824749006936986,-0.005778603763423674,0.00034933668438331044,0.0008484507168243611,0.0020493307809727056,-0.0013522418944958946,-0.0002542019616340543
1791433656.4707377,5587.038090345,4.883999999999966,-0.26920392228003803,-0.02638837948064699,-0.2824338400853674,-0.005803761884330966,5.940408478595049e-05,0.0010011712057959412,0.0020695382724764885,-0.0011772745381190798,-9.795580004980468e-05
1791433656.4963434,5587.063701605,4.903999999999972,-0.2692058944087098,-0.02636662926318897,-0.2823923507388942,-0.005825509350374158,-0.00025079288854823977,0.0011661765598682608,0.0020953895496980957,-0.0010100792694116652,5.8304169819601614e-05
1791433656.5205553,5587.087911259,4.923999999999979,-0.26921402114279175,-0.026341501681687612,-0.28235010998877036,-0.005843928507023645,-0.0005520203519523561,0.001336171420863073,0.0021420549031345567,-0.0008417734716441965,0.00021484027446814954
1791433656.5450501,5587.112404478,4.943999999999986,-0.26922802832677933,-0.026313073679538574,-0.2823069342881523,-0.005858914569606956,-0.0008478331381466049,0.0014936307615208886,0.002188803363352715,-0.0006699707137128119,0.00037260730021194244
1791433656.5689464,5587.136302904,4.963999999999992,-0.2692482712862557,-0.02628160484762852,-0.282262765563491,-0.005870545096515806,-0.0011690913917069598,0.0016458216004680314,0.0022387775174366104,-0.000504355795975079,0.000528777298943868
1791433656.5934305,5587.160788196,4.983999999999999,-0.26927498102148645,-0.026247006201015156,-0.2822175081912027,-0.0058789087126567795,-0.0014933377584038091,0.001804650882583408,0.0023035008730813264,-0.00034367362848576084,0.0006831835932618597
1791433656.6175952,5587.184949399,5.004000000000006,-0.2693081910798435,-0.026209256925105087,-0.2821705662794332,-0.0058840839830356815,-0.001811250799540535,0.0019616408641598493,0.0023962672430401523,-0.0001814923752285518,0.000835280774926299
1791433656.644601,5587.211966094,5.0240000000000125,-0.2693474806045418,-0.0261684483119309,-0.2821219566988421,-0.005885976045483506,-0.0021121727275564012,0.0021073395985584296,0.002475204496443444,-2.080248147791286e-05,0.0009869485953919648
1791433656.6709366,5587.238303875,5.044000000000019,-0.26939302874331045,-0.02612482683862595,-0.28207169133639287,-0.005884773220711707,-0.0024282621824775895,0.002249464693568566,0.0025551847021844393,0.00013332280560010486,0.0011351807273989795
1791433656.696986,5587.264369289,5.064000000000026,-0.26944472625921695,-0.026078267584585754,-0.28201999388053833,-0.005880460388059115,-0.002729193214893319,0.0023970408549244334,0.002626152652475003,0.00028781623854082895,0.0012808444770946118
1791433656.7240026,5587.291366507,5.0840000000000325,-0.26950242958090287,-0.026028829234877877,-0.28196671602756546,-0.005873098665854101,-0.003026424746465627,0.0025390413323207726,0.0027037213551195753,0.00044072678962200164,0.0014231052808987017
1791433656.7529037,5587.320254036,5.104000000000039,-0.2695659889856773,-0.02597660706100311,-0.2819121938881092,-0.005862706268955862,-0.003318860971965039,0.0026740661827964855,0.0027565697295542737,0.000587907271028826,0.0015621011697192133
1791433656.7773652,5587.344723303,5.124000000000046,-0.26963552712136374,-0.02592175091957735,-0.28185658515901235,-0.00584947711066271,-0.003619777986215067,0.00280531235238944,0.0028120889146856917,0.0007277767974338799,0.0016960457136099224
1791433656.8016229,5587.368974875,5.1440000000000525,-0.269710984974174,-0.025864241549328298,-0.2817997695670752,-0.005833441034790542,-0.003906901341317621,0.0029387375098393997,0.0028744884990393274,0.0008691107741923463,0.00182455753371984
1791433656.8256106,5587.392962615,5.164000000000059,-0.2697919573968399,-0.02580413974108797,-0.28174176031646825,-0.005814616843964115,-0.004175938957311447,0.0030627708295493223,0.002931348391189506,0.0010048496711123115,0.0019478963166754198
1791433656.8511276,5587.418539213,5.184000000000066,-0.2698783029840305,-0.025741678801319622,-0.28168264749683725,-0.005793197615697365,-0.004430867444446971,0.003182017674367808,0.003009412520807406,0.0011303283893575051,0.0020655349025053425
1791433656.8779728,5587.445354983,5.204000000000073,-0.2699697891462665,-0.02567679646644343,-0.28162220624558176,-0.005769124082654029,-0.004698935998991373,0.003298723976986158,0.0030377635927056287,0.001265018130669087,0.002176617520789316
1791433656.9022167,5587.469580574,5.224000000000079,-0.2700665533642108,-0.025609834386778836,-0.28156142895965064,-0.0057428660486030444,-0.00496213446653182,0.0033899277760129423,0.0030496255812689187,0.0013528279429299442,0.002280834664768352
1791433656.9266334,5587.493994787,5.244000000000086,-0.2701685565540382,-0.025541176173094104,-0.2815003111157214,-0.005714861124843228,-0.005214887021244774,0.0034723206921145147,0.003059971863449094,0.0014488031562432256,0.002378347740753159
1791433656.9517884,5587.519160145,5.264000000000093,-0.2702752473844748,-0.02547089300865242,-0.2814393122636091,-0.005684799340518257,-0.005438029158619282,0.0035516781934872245,0.0030533965567370053,0.0015517333048398355,0.0024667565534925453
1791433656.9767365,5587.544100826,5.284000000000099,-0.27038645685940504,-0.02539905207665688,-0.2813781091810001,-0.00565277680917219,-0.0056678824649372215,0.0036299734200525595,0.0030673612061262053,0.0016466985913983897,0.002546446359589723
1791433657.0021806,5587.569549506,5.304000000000106,-0.2705023132693255,-0.025325636434637425,-0.2813169316731716,-0.005618978321827848,-0.005897271552832142,0.0037077340408573256,0.003054738317458613,0.001727535867894333,0.00261739446867147
1791433657.028234,5587.595609272,5.324000000000113,-0.2706225716569006,-0.025250771160832894,-0.28125606648869145,-0.005583757160773109,-0.006108898723540262,0.0037730049121927614,0.003037346741469315,0.001791381112924236,0.0026797228679977824
1791433657.0516932,5587.619053872,5.344000000000119,-0.2707469246225534,-0.025174831877751744,-0.28119556527413037,-0.005547386555782887,-0.00630681611995572,0.0038175910723095416,0.003018931685813705,0.0018442070989191032,0.0027326918892510107
1791433657.0758784,5587.643227735,5.364000000000126,-0.2708751004804723,-0.02509813464133886,-0.28113544621023107,-0.005510008373114001,-0.006491529279908032,0.00384953593174805,0.002995834362965211,0.0018926697519465927,0.002777016474447548
1791433657.0998693,5587.667219277,5.384000000000133,-0.2710068399430914,-0.02502089237253018,-0.2810759251212453,-0.005471742867662364,-0.006662907066649701,0.003873783774812349,0.002962804969822334,0.001932367376644435,0.0028118305081888104
1791433657.1253133,5587.692680204,5.404000000000139,-0.27114186518867783,-0.0249432289039475,-0.2810170321483669,-0.005432814450741243,-0.006822955646740852,0.003892119912224267,0.0029297142367725472,0.0019601302339769225,0.0028377238604670803
1791433657.1496627,5587.717012334,5.424000000000146,-0.27128008662775316,-0.024865240367677354,-0.28095893371643127,-0.005393408786872259,-0.006979484991668552,0.0039050693308920457,0.0028857972927663657,0.0019801979550858394,0.00285458182314441
1791433657.1734815,5587.740837137,5.444000000000153,-0.2714212493431375,-0.024787138828316135,-0.28090172526937995,-0.005353763527156766,-0.007105851368863514,0.003907456440185875,0.002844799069347003,0.0019873856898499896,0.0028627445279049866
1791433657.1991298,5587.766482616,5.464000000000159,-0.2715649788744742,-0.024709170585923066,-0.2808454050726174,-0.005314045170553024,-0.00724946475789133,0.003889946584900839,0.0027909650658488007,0.001983202385588831,0.0028622157840374786
1791433657.2235966,5587.790947591,5.484000000000166,-0.27171149251718774,-0.024631655930149855,-0.28079024722886303,-0.005274680740588129,-0.007379265815725365,0.0038631464323700556,0.0027318829980136888,0.00195689038279258,0.0028526813201059575
1791433657.2473562,5587.814709795,5.504000000000173,-0.27186027098003945,-0.024554736722203034,-0.2807362166663635,-0.005235793280213878,-0.007467626540912023,0.0038330565785640275,0.0026806442949238486,0.0019399077252691467,0.0028360858077695846
1791433657.2749903,5587.842352694,5.524000000000179,-0.2720109268889009,-0.024478547404820077,-0.28068332165685206,-0.005197191451758557,-0.007579383114063815,0.0037906542955939465,0.0026145447788362133,0.0019203911384109622,0.0028113884697024945
1791433657.300357,5587.867715138,5.544000000000186,-0.27216366379711526,-0.02440315601961941,-0.2806317402852484,-0.005159237158010485,-0.007676318012650812,0.0037498728373723,0.0025486238884989015,0.001877784113530951,0.0027796681648078994
1791433657.3301866,5587.897544953,5.564000000000193,-0.2723182302751924,-0.024328717768851402,-0.2805815199658965,-0.0051222668685831215,-0.007757462414905488,0.0036972492895233746,0.002482667825333379,0.0018252914234179684,0.0027406228864507425
1791433657.3554049,5587.922774117,5.5840000000001995,-0.27247406887520503,-0.02425542327245207,-0.2805324994853161,-0.005086305391955102,-0.007814060092557792,0.003633417910176192,0.0024212704578207883,0.0017761299479390237,0.002696977337295922
1791433657.3794818,5587.946849763,5.604000000000206,-0.2726311718002185,-0.024183514682090904,-0.2804849114408979,-0.005051404011409157,-0.007875695092003388,0.003564155176512043,0.0023463032758225433,0.0017194689229617624,0.0026466734752627866
1791433657.407313,5587.974673318,5.624000000000213,-0.2727892341455423,-0.024112912908008186,-0.2804386952503472,-0.005017643982478834,-0.007918541034907323,0.003498760063531564,0.0022791304221239286,0.0016617468885403363,0.0025924294312756942
1791433657.4349053,5588.00226026,5.6440000000002195,-0.27294819793133174,-0.024043687400241473,-0.2803939344375738,-0.004985123517484585,-0.007944267513022695,0.003430775736225849,0.002207722115843333,0.0015981795097579697,0.002533593752046356
1791433657.4634745,5588.030846852,5.664000000000226,-0.2731076785940953,-0.023975902919332062,-0.2803506580995835,-0.004953887331899771,-0.007984111559766183,0.0033524685095973035,0.002127921390380916,0.0015289805691979363,0.002471286245127311
1791433657.4887602,5588.056116022,5.684000000000233,-0.273267650860642,-0.02390970533894007,-0.28030886002810557,-0.004924173802543823,-0.007995155036562914,0.0032715680672581304,0.002058981827929237,0.0014504808504286837,0.0024059309874955147
1791433657.5129004,5588.080259561,5.7040000000002395,-0.27342752624159766,-0.02384516700025749,-0.28026841769277094,-0.004895933623067527,-0.00795018944670262,0.003190818841603097,0.0019969847659021683,0.001385037843381761,0.00233937347878743
1791433657.536723,5588.104073278,5.724000000000246,-0.2735871838794119,-0.02378233227574687,-0.28022959554146143,-0.004868937251901233,-0.007996279598664478,0.0031022893136173303,0.001895433963817403,0.0013148986029783685,0.002269526487251762
1791433657.5616002,5588.128954662,5.744000000000253,-0.2737473567007541,-0.023721074220935594,-0.280192466275787,-0.0048437076378808,-0.007996324280401415,0.003027704619353893,0.0018292502417959784,0.0012172525338621195,0.002197790836544103
1791433657.5856545,5588.153010208,5.76400000000026,-0.27390698345834985,-0.023661440680932275,-0.2801564960807616,-0.004820210830745103,-0.007956719111242135,0.002937097866623235,0.0017708315621815548,0.001142116055047055,0.0021258574803548354
1791433657.6125839,5588.179944329,5.784000000000266,-0.27406596521740895,-0.023603744226428178,-0.2801219333232756,-0.00479815850539309,-0.007931675909683565,0.0028398129641915852,0.0016890264890403813,0.0010678404810793365,0.0020532634401351306
1791433657.636346,5588.203701314,5.804000000000273,-0.2742244593549145,-0.023547829899280535,-0.2800890695153533,-0.004777702697271937,-0.007889109672793682,0.002760078322893874,0.0016120889596676674,0.000986463892093041,0.0019805680542242755
1791433657.663274,5588.230644517,5.82400000000028,-0.27438216866484094,-0.023493431212718515,-0.28005766303795177,-0.004758744809164584,-0.007864934241703396,0.0026854637674597263,0.0015386409168246327,0.0009150936495535921,0.0019079693612226274
1791433657.689917,5588.257271905,5.844000000000286,-0.2745390543801188,-0.023440486941518606,-0.2800275643564875,-0.004741255125375705,-0.007811938373614374,0.002611756832428451,0.0014752849038626914,0.0008404125363876254,0.0018361698686463889
1791433657.7154686,5588.282827832,5.864000000000293,-0.2746947793495305,-0.023389108153586354,-0.2799988887136358,-0.004725259617254814,-0.007746586481305121,0.0025294829949390105,0.0014012359432268543,0.0007653574141999406,0.0017659237932679396
1791433657.7432816,5588.310658497,5.8840000000003,-0.27484890555577596,-0.023339417263542706,-0.27997157542872303,-0.004710731281906427,-0.00764436511766544,0.002445194644700733,0.0013403439298362552,0.0006959688924793624,0.001697365797560755
1791433657.769281,5588.336673918,5.904000000000306,-0.27500126249606305,-0.023291352189808344,-0.2799456595772967,-0.004697466081161817,-0.007586276880836605,0.002368250965991697,0.0012605799453124403,0.0006331338776415673,0.0016301346570323629
1791433657.7939563,5588.361311187,5.924000000000313,-0.2751525504208549,-0.023244623813786773,-0.27992113272558483,-0.004685605057482933,-0.007525513439615781,0.002310114489624906,0.0012023801165687697,0.000560407646676997,0.001563787810339502
1791433657.81812,5588.385468149,5.94400000000032,-0.2753021867004738,-0.02319903863278079,-0.279897660031927,-0.004675070363286833,-0.007431917803939781,0.002248331032361717,0.0011489225265069465,0.0004990758866167826,0.0015006019914077006
1791433657.8455606,5588.41295886,5.964000000000326,-0.27545002395210527,-0.023154828802326406,-0.27987540651787984,-0.004665768568855878,-0.007336958409248004,0.002176359732805204,0.0010883857499997148,0.00043609275236806283,0.001439827186206956
1791433657.8715863,5588.439226813,5.984000000000333,-0.27559561242140634,-0.02311203985513952,-0.27985412927085684,-0.004657659531613942,-0.007229565836572904,0.0021066219984386654,0.001038915615843173,0.0003805696499685224,0.001381217239817334
1791433657.8971498,5588.464501629,6.00400000000034,-0.27573972758245113,-0.023070476393485886,-0.27983414691535075,-0.004650660321870339,-0.00716986917737188,0.0020564101367276854,0.0009717014652738733,0.00032380198723343907,0.0013245453220048485
1791433657.922417,5588.489778411,6.024000000000346,-0.27588226663391646,-0.02302975996947066,-0.27981517611746054,-0.004644785046918536,-0.007059632556313835,0.0020150911373783575,0.0009416125867482873,0.00026985633230508277,0.0012709870635932983
1791433657.9464748,5588.513835252,6.044000000000353,-0.2760223889824869,-0.0229900514496889,-0.2797968002216633,-0.004639832356224973,-0.006937305391263423,0.0019566882488258742,0.000904990323571999,0.00022783067183417943,0.0012206762186890013
1791433657.9705327,5588.537881344,6.06400000000036,-0.2761602420088327,-0.022951512677805038,-0.2797793576037502,-0.004635787302811075,-0.006833267215530947,0.0019015074160372294,0.0008556422686820368,0.00017798448369135567,0.0011734203946688014
1791433657.9943798,5588.561731053,6.0840000000003664,-0.27629620221117607,-0.022913906412391535,-0.27976273711993466,-0.004632738134407996,-0.0067510975988923656,0.0018634671838903122,0.0008207853353054952,0.00013156311522176446,0.0011287599138457402
1791433658.0184264,5588.585793847,6.104000000000373,-0.2764300980234256,-0.02287696298304155,-0.2797464090655031,-0.004630517009735033,-0.00662671494302661,0.001830571277241271,0.0008205301220280127,9.574404631171313e-05,0.0010866789896394843
1791433658.0458548,5588.613226555,6.12400000000038,-0.2765618371441071,-0.02284073065300341,-0.27973050084513634,-0.004628910304726157,-0.006541775988662723,0.0017943132007404558,0.0007779278069499024,6.397926493692955e-05,0.0010489724569247062
1791433658.0706396,5588.63802434,6.1440000000003865,-0.2766917307253463,-0.022805170513833375,-0.2797152611802159,-0.0046281218132446095,-0.006437708371450412,0.001762683336428664,0.0007592835627310208,1.9436273233801505e-05,0.0010143652913633767
1791433658.1002893,5588.667660848,6.164000000000393,-0.276819257411035,-0.022770270757705876,-0.27970007376427214,-0.004628059697362997,-0.006312891538811153,0.0017274795467204554,0.0007664786729086799,-8.256668531890368e-06,0.0009824871405491387
1791433658.12457,5588.69193268,6.1840000000004,-0.2769443919744485,-0.022736066124985427,-0.279684730061927,-0.004628458697261083,-0.0062039701273405145,0.0016964936121208762,0.000767991610546821,-2.9871863986230245e-05,0.0009533882841517626
1791433658.14863,5588.715987768,6.2040000000004065,-0.277067599400274,-0.022702283748091235,-0.27966954705533814,-0.004629341306298953,-0.006111213282193504,0.0016833167316779797,0.0007624877849380287,-5.7121438063296017e-05,0.0009278769186500979
1791433658.1779933,5588.745341107,6.224000000000413,-0.2771887337849249,-0.02266871533849056,-0.27965409373886246,-0.004630731460250344,-0.005997913391949383,0.0016724146608851393,0.0007894897058765318,-7.777501430313654e-05,0.0009050139445300984
1791433658.2043252,5588.771675046,6.24400000000042,-0.2773075017891166,-0.02263543642115003,-0.2796380359265776,-0.004632438185663036,-0.005880094938765505,0.0016550158660380266,0.0008179506389136207,-9.144434280205741e-05,0.0008855738296868991
1791433658.2279758,5588.795327161,6.264000000000427,-0.2774240102962851,-0.022602498042465988,-0.2796214895714006,-0.004634442417006464,-0.005766759301478789,0.0016386383155708344,0.0008471754006738885,-0.00010854583784213151,0.0008695862790187041
1791433658.2521708,5588.81953973,6.284000000000433,-0.27753857833569884,-0.022569776173549695,-0.2796044684343194,-0.004636734021387306,-0.00568565193607311,0.0016348096690040447,0.0008654705399106336,-0.0001206321576041132,0.0008577915961335866
1791433658.2757654,5588.843121706,6.30400000000044,-0.2776513137376993,-0.0225370393784918,-0.27958671539138547,-0.004639287143562693,-0.005583015451153648,0.001637597205964426,0.0009158535653375885,-0.00013153917981767422,0.0008489447742159611
1791433658.301085,5588.868440596,6.324000000000447,-0.27776181871276123,-0.022504307898889173,-0.27956790710447416,-0.0046419349337497385,-0.0054695578608532965,0.001633261007534891,0.0009661948505831898,-0.00013252139205478797,0.0008437604603720272
1791433658.3238254,5588.891177039,6.344000000000453,-0.27787020906656085,-0.0224716849362669,-0.27954817222073436,-0.004644627390228917,-0.005371146629478234,0.0016300396763012392,0.0010118139891608748,-0.0001365125679034641,0.0008416574074257046
1791433658.349557,5588.916937936,6.36400000000046,-0.27797672223946995,-0.022438996254460424,-0.2795273918260255,-0.00464738122190461,-0.005280827523863786,0.0016391428142205609,0.0010718379799124142,-0.00013722544121204283,0.0008424738972206314
1791433658.3761313,5588.943496058,6.384000000000467,-0.2780814667852624,-0.02240603424255764,-0.2795052648767401,-0.004650060733284722,-0.005194112382345084,0.0016560852629041304,0.0011421493443178432,-0.00012965971692349758,0.0008463368359624358
1791433658.4006371,5588.967995522,6.404000000000473,-0.2781844725806438,-0.022372710345484714,-0.2794817855371111,-0.004652562673273857,-0.005104104914672323,0.0016733606989445004,0.0012107841856812463,-0.00012147342765239674,0.0008537002611091984
1791433658.4248307,5588.9921926,6.42400000000048,-0.27828555014722905,-0.022339110607275472,-0.2794567745731308,-0.0046549115482910465,-0.0050064462883847366,0.00168509526518779,0.0012894830408539137,-0.00011260705988994274,0.0008636515439944835
1791433658.4490924,5589.016444782,6.444000000000487,-0.2783847949489607,-0.022305246431300135,-0.2794302705494701,-0.004657049039631847,-0.004918852124946282,0.0017000141481709906,0.001366842508056126,-0.00010187861357367462,0.0008765113374436713
1791433658.473282,5589.040634509,6.464000000000493,-0.27848228016863713,-0.022271036602103573,-0.27940194643987676,-0.004658949689803982,-0.00482857106410141,0.0017200036361907465,0.0014696038400873177,-8.778643939919467e-05,0.0008905995468122948
1791433658.4978225,5589.065190698,6.4840000000005,-0.2785781141100289,-0.022236332964457588,-0.2793717366790302,-0.004660470008407444,-0.004755796911004348,0.0017487460373270555,0.0015526538799355465,-6.699257396918235e-05,0.0009080198172646063
1791433658.5223992,5589.089759913,6.504000000000507,-0.2786724607118632,-0.02220102164930549,-0.2793397604752482,-0.004661660386631736,-0.0046779363656320105,0.001779539271157872,0.0016484561054796929,-5.231708141399204e-05,0.0009277793849280014
1791433658.5470955,5589.11445176,6.524000000000513,-0.27876514431288196,-0.022165139494529626,-0.2793057246567967,-0.004662485074608474,-0.0045929016428090975,0.0018064530041292457,0.0017513089845370236,-2.9301825989523143e-05,0.0009493749462257334
1791433658.5751863,5589.142550129,6.54400000000052,-0.2788561989748813,-0.0221287165003822,-0.2792697759413206,-0.004662813570288885,-0.004513190247050115,0.0018331889141613633,0.0018486109122829019,-6.262355834691531e-06,0.0009731324656024175
1791433658.5989711,5589.166354256,6.564000000000527,-0.27894580784692957,-0.022091722402865364,-0.27923184826390973,-0.004662666979024445,-0.004448494080254803,0.0018653791240005764,0.0019444334208182736,1.9413092742659976e-05,0.0009987800733293132
1791433658.6232138,5589.190568527,6.584000000000533,-0.27903407739291936,-0.022054015776311175,-0.27919192858816155,-0.004662024923745133,-0.004379181126618923,0.0019029437783703283,0.002046676373475696,4.420823381614173e-05,0.0010257795374929045
1791433658.6488447,5589.216206577,6.60400000000054,-0.27912093249077047,-0.022015569031504076,-0.27914996946525406,-0.004660850505305935,-0.004308375131057916,0.0019385199542522804,0.0021490384318626344,7.197056323874723e-05,0.001054157320272169
1791433658.672777,5589.240137964,6.624000000000547,-0.2792064130311937,-0.021976440513003827,-0.2791059000628379,-0.004659113267245476,-0.004242188186484168,0.001972779838715128,0.0022542620671324835,0.00010101251733175528,0.001083094735880727
1791433658.697453,5589.264811403,6.6440000000005535,-0.2792906227642953,-0.02193658915911068,-0.27905979828920896,-0.004656791499757899,-0.0041813084987619665,0.002009893069823232,0.002356410309922934,0.0001291719337575238,0.001112828094549387
1791433658.7214231,5589.288781457,6.66400000000056,-0.2793736492019326,-0.02189599632005918,-0.27901152419059316,-0.004653909483719389,-0.004122327723858234,0.002047530443864522,0.002467607704723065,0.00015871907959145168,0.00114251258936811
1791433658.7458432,5589.313203653,6.684000000000567,-0.2794554776359664,-0.021854635089604012,-0.2789610723111582,-0.004650412736154702,-0.0040631310180280844,0.0020859001409780746,0.002574839152089901,0.00018900638932422217,0.0011725734747657975
1791433658.7712343,5589.33858713,6.7040000000005735,-0.27953615488340267,-0.021812539900246168,-0.27890849392355793,-0.004646341009154707,-0.00400640903258811,0.0021211753261717982,0.0026794707112968003,0.0002168546231223245,0.001202633896006824
1791433658.7952418,5589.362627653,6.72400000000058,-0.2796157007264467,-0.021769754641572058,-0.27885386132700823,-0.004641728769801092,-0.003951099797468347,0.0021552897499796326,0.002781897236509272,0.0002427830678545029,0.0012324771987083242
1791433658.8226473,5589.390007606,6.744000000000587,-0.2796941954641232,-0.02172628598096805,-0.2787971273951974,-0.00463659585658097,-0.0038995030195982236,0.002189951238096723,0.0028876224311175825,0.00027010657949198006,0.0012614660576924978
1791433658.8478131,5589.415164808,6.7640000000005935,-0.27977162945919154,-0.021682120115927447,-0.2787383141918483,-0.004630901159915155,-0.0038469513915033774,0.0022245785067118557,0.002989616039850321,0.00029776923879756866,0.001289746446284746
1791433658.8763142,5589.443697873,6.7840000000006,-0.2798480823939176,-0.02163727875134082,-0.2786774973076453,-0.004624693535842525,-0.003802378580285448,0.0022581199169316216,0.0030904584825670062,0.0003210917076217548,0.001317180704645365
1791433658.9022746,5589.469636501,6.804000000000607,-0.2799237436222341,-0.021591734173898147,-0.27861453981751305,-0.004618002151336435,-0.003760526409837902,0.0022945900377555357,0.0031983711785462422,0.00034923740762263277,0.0013432765359576184
1791433658.9263737,5589.493735404,6.824000000000614,-0.2799983273949892,-0.021545533386292594,-0.27854961467473976,-0.004610744180065258,-0.0037048775031698496,0.0023216294352502572,0.0032915621527132496,0.0003721657487123951,0.0013687993116406904
1791433658.9506304,5589.517989762,6.84400000000062,-0.28007205006977315,-0.021498898083527233,-0.27848282112827316,-0.0046031659462702264,-0.0036687342239092803,0.002341640261027334,0.0033812900420879632,0.0003858854155252153,0.0013926607196259773
1791433658.9753184,5589.542669043,6.864000000000627,-0.2801450128388496,-0.021451818059994843,-0.2784143437602228,-0.004595278925436902,-0.0036285562533229948,0.002365764895327473,0.00346410504255625,0.0004025800197426778,0.0014147203231381629
1791433658.9994318,5589.56678363,6.884000000000634,-0.2802171475498147,-0.021404246087047066,-0.27834412586291907,-0.004587037165402845,-0.003587312069289263,0.0023902995192906593,0.003554121942870835,0.00042134328686732413,0.001434818707718046
1791433659.0238485,5589.59120949,6.90400000000064,-0.2802884990787789,-0.021356199698069955,-0.27827211648646755,-0.0045784217850260945,-0.003550533647427281,0.0024133165378657784,0.0036408687817309202,0.00043913274502241275,0.0014529346843962388
1791433659.0478196,5589.6151741,6.924000000000647,-0.28035917472463107,-0.021307719309103506,-0.27819848153410853,-0.004569512657552355,-0.003520271325843078,0.0024336385169245966,0.003718128102765705,0.0004502695056012944,0.0014691324374672477
1791433659.0728478,5589.640203335,6.944000000000654,-0.2804293128222535,-0.021258857651412482,-0.2781233188280085,-0.004560424990164089,-0.003493303179482889,0.002451650020940759,0.0037936204587765334,0.0004590017548470474,0.001483300268949815
1791433659.0957015,5589.663058758,6.96400000000066,-0.28049881559389084,-0.021209679918617066,-0.27804666221916907,-0.004551148906924375,-0.0034582305445381447,0.0024647586919718575,0.003868935864178766,0.00046811223393242445,0.0014955096814829208
1791433659.120256,5589.687616188,6.984000000000667,-0.28056761276476255,-0.02116031365133726,-0.2779684926286967,-0.0045417230078782424,-0.0034246798452188592,0.002471468709953849,0.003941257034291206,0.0004741719154669333,0.0015054876905708887
1791433659.144789,5589.712154994,7.004000000000674,-0.28063582048759084,-0.021110829424426603,-0.27788901267439314,-0.004532221639931964,-0.0033978169325973536,0.0024775307477625714,0.004003157970231349,0.0004755144247535299,0.0015133073265263053
1791433659.1698403,5589.737209221,7.02400000000068,-0.28070349682575974,-0.021061214635496157,-0.27780828004274716,-0.004522722157106462,-0.0033712594499705735,0.0024842181615994554,0.004065924888974696,0.00047507861172623844,0.0015188635656533966
1791433659.1954105,5589.762786274,7.044000000000687,-0.28077063806662783,-0.021011489553571388,-0.27772632735988007,-0.004513231536599137,-0.0033450853479101987,0.002488549877103497,0.004124583816707762,0.000474022752373145,0.0015222897460669374
1791433659.2211351,5589.78849809,7.064000000000694,-0.28083728451127077,-0.020961678722756175,-0.2776432255904186,-0.00450377978538255,-0.003318168113687806,0.002492167217403434,0.0041820042720793265,0.0004720325392738377,0.0015236593776266274
1791433659.2452767,5589.812633468,7.0840000000007,-0.28090326090691997,-0.020911901351345144,-0.27755901408092876,-0.004494396946291147,-0.0032846335589886977,0.0024850181942120504,0.00423279222129333,0.0004655478383284322,0.0015229167932162416
1791433659.2694447,5589.836795485,7.104000000000707,-0.28096876597357484,-0.02086231487253244,-0.27747395819270526,-0.004485219855181967,-0.0032674148874209377,0.0024772804968080766,0.004266592515800645,0.00045330665287744086,0.0015202966442920682
1791433659.2933002,5589.860649519,7.124000000000714,-0.2810338663785884,-0.020812853317320305,-0.27738813982221056,-0.0044762520893252165,-0.0032430649367704988,0.0024706109669183083,0.004312188801524479,0.00044453802475941584,0.001515293003679708
1791433659.3189898,5589.886343727,7.14400000000072,-0.28109847405263266,-0.020763532567146505,-0.27730146160582525,-0.004467472924540697,-0.0032204584934222907,0.0024620726520357514,0.004349056684836828,0.0004338268820986546,0.0015082179508201033
1791433659.3440514,5589.9114146,7.164000000000727,-0.28116271491710293,-0.020714405100542985,-0.2772142040393437,-0.004458959426535633,-0.003205466228573669,0.002452531654370591,0.004374251022605415,0.0004179737434259116,0.0014993660712401596
1791433659.3686953,5589.936053831,7.184000000000734,-0.28122666557643156,-0.02066547217491934,-0.2771264430533494,-0.0044507750966397246,-0.0031896175281990674,0.00244273935624046,0.0043959198512330865,0.0004025789124987463,0.0014889004725456914
1791433659.3924503,5589.95982536,7.2040000000007405,-0.2812901795458881,-0.020616823476063688,-0.2770382069855172,-0.00444285660150229,-0.003163353133954001,0.002423691649600238,0.004423644830578632,0.00038935273533712185,0.0014766154176674917
1791433659.4220352,5589.989399287,7.224000000000747,-0.28135323095205717,-0.020568591985637565,-0.2769495513681498,-0.004435282550327724,-0.003144780570138032,0.0024014959872258493,0.004436854059868047,0.00036852836714651514,0.001462664192625771
1791433659.4475129,5590.014882217,7.244000000000754,-0.28141600492655927,-0.02052078959220673,-0.2768607619054461,-0.004428164017193746,-0.0031345689983628485,0.0023817905499639077,0.004439519339606453,0.0003450310104219191,0.0014470325899823145
1791433659.4737494,5590.041105004,7.2640000000007605,-0.2814785770182221,-0.020473317958794097,-0.27677190691854187,-0.004421473764170268,-0.0031178630190614506,0.0023662286953669205,0.004446601750287366,0.000326907462256006,0.00142991675906979
1791433659.4981034,5590.065461342,7.284000000000767,-0.28154055808134637,-0.020426259529406396,-0.27668284112880615,-0.004415121577158125,-0.003086243065222139,0.002340207633431506,0.0044549799890481676,0.0003080301256292993,0.00141140987426144
1791433659.5223076,5590.089674928,7.304000000000774,-0.28160219302313194,-0.020379764598703425,-0.2765938278315208,-0.004409247674377575,-0.0030792468001047844,0.0023142894330417055,0.004441144383516685,0.00028031299435569187,0.0013917315420341207
1791433659.5469453,5590.114305689,7.3240000000007806,-0.28166365775354313,-0.020333755494749698,-0.27650504162552697,-0.004403920481006278,-0.0030683052015099263,0.0022893070672221636,0.004435464984290763,0.000254070611058639,0.0013705450055023567
1791433659.5707154,5590.138068059,7.344000000000787,-0.2817249544976839,-0.020288241067304195,-0.2764164951127227,-0.004399117991364676,-0.0030629924069674745,0.002266090056065036,0.004413947439748369,0.000227728241639058,0.001348272362178269
1791433659.597871,5590.165227524,7.364000000000794,-0.28178611265413794,-0.02024318814996679,-0.2763283786528796,-0.004394804363964336,-0.0030516562406735,0.0022415022254033295,0.004397621066388398,0.00020506231629680913,0.001325235083337511
1791433659.621746,5590.18910259,7.384000000000801,-0.28184696569108764,-0.020198644444688354,-0.27624059313073357,-0.004390956506904006,-0.003033724734610244,0.00221403388255963,0.004380428600379359,0.00018111041339211132,0.0013014820125355818
1791433659.6472886,5590.214660839,7.404000000000807,-0.28190746078462686,-0.02015471638952625,-0.27615320852197295,-0.004387621952443538,-0.003019838838656469,0.002182424759816255,0.004354379359521988,0.00015274111515308032,0.0012771011089796939
1791433659.6727831,5590.240142716,7.424000000000814,-0.28196780842077396,-0.020111430367457318,-0.2760663585807869,-0.004384865802938386,-0.003017329272587368,0.0021503428919437697,0.0043283054217526555,0.00012377100780031896,0.0012519167763554472
1791433659.6994033,5590.266762311,7.444000000000821,-0.2820281685581591,-0.020068696460953127,-0.27598015131259124,-0.004382695776515896,-0.003011386253258407,0.00212492709952315,0.004294227740283136,9.685941818754413e-05,0.0012260320491185278
1791433659.7236178,5590.290971992,7.464000000000827,-0.2820880552594336,-0.02002655808465598,-0.27589459107574676,-0.004381018704857038,-0.0029839467044816006,0.0020890181861606236,0.004261382087775694,7.084499913197013e-05,0.0012005220013699535
1791433659.7484584,5590.315831409,7.484000000000834,-0.28214774624114547,-0.0199852102840802,-0.2758098414919322,-0.004379928604489989,-0.002989013067155985,0.0020507055071511847,0.004210875273308173,3.95876563294016e-05,0.0011744569336670813
1791433659.7783256,5590.345696065,7.504000000000841,-0.28220767230536137,-0.01994445863946657,-0.2757262198015413,-0.00437945943186423,-0.0030006240438689388,0.0020284418458255274,0.004157724130417902,9.694960328540592e-06,0.0011476609195222999
1791433659.802465,5590.369825949,7.524000000000847,-0.2822676399998363,-0.01990410507877688,-0.2756434154248443,-0.004379503576433163,-0.0029925704642928858,0.0020071016637241766,0.004123333843641926,-1.0814707722371118e-05,0.0011208323387092818
1791433659.8268049,5590.394167131,7.544000000000854,-0.2823272784349088,-0.019864324172653307,-0.27556143463656163,-0.004379924848110215,-0.002974644850372983,0.0019709795937888886,0.004074257964720158,-3.225151766739826e-05,0.001094951620025382
1791433659.8570795,5590.424433071,7.564000000000861,-0.2823867543923087,-0.01982534413426985,-0.27548059110767836,-0.0043808984718130255,-0.00297698870414048,0.0019311794409252164,0.004011460946549097,-6.452342825504149e-05,0.001069072161232524
1791433659.8959212,5590.463304022,7.584000000000867,-0.2824464436173842,-0.019787024079225928,-0.2754010045234338,-0.004382515034254374,-0.002989218207595488,0.0019050274744857702,0.0039530719656965954,-9.387584809938108e-05,0.0010426879627722103
1791433659.921583,5590.488944131,7.604000000000874,-0.28250622060963126,-0.019749138632484158,-0.2753223975869426,-0.004384614764380698,-0.002985720159713178,0.0018843204949288105,0.003911278491215355,-0.00011363118692170813,0.0010167207543964134
1791433659.947834,5590.515198268,7.624000000000881,-0.28256582795838975,-0.019711766859640798,-0.27524466413819526,-0.004387090148348252,-0.00297854770195397,0.001853209726212044,0.003861257649376449,-0.00013454114777099963,0.000992059799502347
1791433659.971775,5590.539131629,7.644000000000887,-0.28262548978256363,-0.019675065987384877,-0.27516814152339586,-0.004390082371347428,-0.002988613413699972,0.001820858893665402,0.0037952026305362457,-0.0001648651991849448,0.0009677862773999288
1791433659.997106,5590.564469199,7.664000000000894,-0.2826853399664689,-0.01963895181591363,-0.2750928297143021,-0.0043936202209332986,-0.0029943228538147825,0.0017931132248420422,0.0037401584017203436,-0.00018665597257385422,0.0009443104227118717
1791433660.0219991,5590.589357485,7.684000000000901,-0.2827452659252589,-0.019603391009728334,-0.2750186802339134,-0.004397544213910103,-0.0030012005659225695,0.001764478378587067,0.00367649476049229,-0.00020560192274952268,0.0009219718160753456
1791433660.0469682,5590.614328523,7.7040000000009075,-0.28280548529684346,-0.019568369652009393,-0.2749458994658305,-0.004401879908219585,-0.0030184033549250497,0.0017408701529250292,0.0036070600641742176,-0.00022662304764690702,0.0009001906521899357
1791433660.0708692,5590.638221905,7.724000000000914,-0.2828659385026597,-0.019533759035164105,-0.27487440525657886,-0.0044066015199884815,-0.00302591099483816,0.0017211355549552373,0.003548785020590418,-0.00024417475553599883,0.0008795639203280808
1791433660.0948145,5590.662172295,7.744000000000921,-0.2829265412883545,-0.019499567849122965,-0.274803990098883,-0.00441165151314793,-0.0030350627496569275,0.0017013079992053166,0.003501490227088,-0.00026502674420399185,0.0008591887628584141
1791433660.1187382,5590.686099332,7.7640000000009275,-0.28298722762578477,-0.019465751991866443,-0.27473433119142115,-0.004416994407110697,-0.003032671864561993,0.0016804866988949455,0.003464043010649335,-0.00026953142026256264,0.0008415931488916486
1791433660.1425545,5590.70990893,7.784000000000934,-0.28304799412548753,-0.019432454451066807,-0.2746658457250438,-0.004422554530959379,-0.0030494099615237785,0.0016504321364771654,0.0033838637291594208,-0.00028825526706599487,0.0008259036152324147
1791433660.1702635,5590.737622494,7.804000000000941,-0.28310940749929553,-0.019399686157952123,-0.27459917119130917,-0.004428571412897627,-0.0030896441830980228,0.0016306173748929318,0.0032947159107297674,-0.00031161727138300194,0.0008109535994590771
1791433660.1959698,5590.763326278,7.8240000000009475,-0.28317151142941266,-0.01936715875355995,-0.2745339004469965,-0.004434918718177848,-0.003114123300132384,0.00162348130752467,0.003241261768991516,-0.0003188789270160798,0.0007967996001427952
1791433660.2217646,5590.78913731,7.844000000000954,-0.28323386696110386,-0.019334803315175696,-0.2744695945334943,-0.0044412516348437655,-0.003126163123688342,0.0016106029506725605,0.0031942576749760324,-0.00031768862761612915,0.000784590901748196
1791433660.247443,5590.814865262,7.864000000000961,-0.2832967435353689,-0.01930274711442378,-0.27440622435599477,-0.0044477001465400715,-0.0031532167359090875,0.0015983921592720603,0.0031433162071919,-0.0003243939415884412,0.0007728771247300676
1791433660.280249,5590.84762695,7.884000000000968,-0.28335983311692686,-0.01927089475194694,-0.27434410046331753,-0.004454235037697587,-0.0031611828807344387,0.0015842648626178105,0.0030790750090912344,-0.0003325069239640934,0.0007654304542850591
1791433660.3058982,5590.873274076,7.904000000000974,-0.28342342060670717,-0.019239393075482007,-0.27428311708104164,-0.004460981213604653,-0.0031950892636357035,0.001569745826008575,0.003022937796509971,-0.0003389801962755547,0.0007581144091094738
1791433660.3306837,5590.89804181,7.924000000000981,-0.28348760965575864,-0.019208027910009237,-0.2742233236558461,-0.004467739626857288,-0.00322050534617845,0.001567410236255065,0.0029642044342889384,-0.00033724030688545156,0.0007524505063235036
1791433660.359958,5590.927316048,7.944000000000988,-0.2835522570215522,-0.019176717061595388,-0.27416463957025405,-0.004474460178733532,-0.0032453997594648946,0.0015630199160649777,0.0029106228846290717,-0.0003357937374999924,0.0007489403220556235
1791433660.386968,5590.954333666,7.964000000000994,-0.28361754339757395,-0.019145497656526827,-0.2741069992464078,-0.004481163818218736,-0.003279379314290809,0.0015603164353855733,0.0028588443922210414,-0.00033374233490120805,0.0007466897373542845
1791433660.4113252,5590.978689203,7.984000000001001,-0.2836834237210975,-0.01911429004859217,-0.27405042216346936,-0.004487779346309159,-0.0033090522446458073,0.0015595688477083583,0.002807013375238761,-0.0003292530331087913,0.0007464858158304033
1791433660.435453,5591.002804869,8.004000000001003,-0.2837500185949048,-0.019083106111427724,-0.27399478788567516,-0.004494312559457823,-0.0033464199762473995,0.001559839302993589,0.0027619166790469854,-0.00032324226661134407,0.0007471898433926416
1791433660.4604118,5591.027767779,8.025000000000992,-0.28381897370654824,-0.019050519060290254,-0.27393620457709345,-0.004500997597288158,-0.0027263630206083764,0.001483823853056601,0.0031671585958782476,-0.0003114451810190028,0.0007410127376080486
1791433660.4859917,5591.053358277,8.04600000000098,-0.2838530307732561,-0.019021367092997173,-0.27385586363746106,-0.004502636652722432,-0.0006052494587303792,0.0013173522695397518,0.004384072975088536,0.0001692740460940797,0.0007155376693776196
1791433660.5113611,5591.078720532,8.067000000000968,-0.28385225700430905,-0.01899042832055544,-0.2737597513801729,-0.00449215880378637,0.0006076820927744582,0.0016955494653750761,0.004789422097938295,0.0007083427363155463,0.0006876476457466197
1791433660.5390298,5591.106390079,8.088000000000957,-0.2838332529891481,-0.018945140763715982,-0.273656908358705,-0.004472809128787825,0.0014540802130295915,0.0025368013098172335,0.005270695375795915,0.0010643769569985487,0.0006487791233886852
1791433660.564338,5591.131693887,8.109000000000945,-0.2837931920059696,-0.01888501528858973,-0.27354124285926845,-0.004445539166207202,0.002604219182950068,0.002986124722060178,0.0058697332485615015,0.001449343422973805,0.0006095706839617177
1791433660.5895374,5591.156887009,8.130000000000933,-0.28373112974373066,-0.01882347585182779,-0.27342048139206593,-0.00441268573857872,0.003441691654778876,0.0027361218287873237,0.005744022850189452,0.0015599080477613568,0.000565797480461279
1791433660.6189985,5591.186361127,8.151000000000922,-0.2836606868841216,-0.018770397601020304,-0.27331032711438474,-0.004381286820358114,0.0034099998385329414,0.0022975495487143308,0.00496457616752027,0.0013845157653829272,0.0004914148783693178
1791433660.6440723,5591.211508464,8.17200000000091,-0.2835998996804846,-0.018724047410442667,-0.27322001075541286,-0.004353419847459898,0.0026166248541121687,0.002117180565168442,0.003893141162711935,0.001276836547636233,0.00037707394642539537
1791433660.6712558,5591.238633675,8.193000000000898,-0.2835611749101233,-0.01867892755141109,-0.2731559719283168,-0.004326553636857671,0.001329830460401009,0.0021440569486756377,0.0023931762532785447,0.0012687813246676648,0.00023847786121291306
1791433660.6965804,5591.263935256,8.214000000000887,-0.283555233229912,-0.018633348375658117,-0.2731306023352104,-0.004300726412317247,-0.00045272538338277937,0.0021140760786207027,0.0002752889708798853,0.0011552365993397471,9.114670457786597e-05
1791433660.7240136,5591.291376308,8.235000000000875,-0.2835860236218787,-0.018590929170072906,-0.2731508980844227,-0.004277671107304416,-0.0022839458437721853,0.0019136177318939158,-0.0020445394522469896,0.0010783913429909962,-7.079108462913198e-05
1791433660.7491064,5591.316472952,8.256000000000864,-0.2836595409467678,-0.01855328949660558,-0.27322389172626266,-0.004256058690630808,-0.004468811032796228,0.0016610387228763847,-0.004659927508968165,0.0009757990019535069,-0.00024040169106774806
1791433660.7742507,5591.341601438,8.277000000000852,-0.28377672426909933,-0.018521296285447245,-0.2733500045385725,-0.004236645833727898,-0.0066064063766056195,0.0014458107753872271,-0.007262470337811351,0.0009209142841065023,-0.0004220850806484288
1791433660.799389,5591.366753106,8.29800000000084,-0.2839390240754719,-0.018493261303262284,-0.2735318687293395,-0.0042181801470886635,-0.008827270710503867,0.00128052055688004,-0.00999655263586453,0.0008595428643827336,-0.0006044992273810528
1791433660.8302193,5591.397604847,8.319000000000829,-0.28414680570897877,-0.018469267415041776,-0.27377054555479785,-0.004201616061302584,-0.011005027290772044,0.001077269865162626,-0.012705772964618776,0.0007563108787107466,-0.0007857724767585692
1791433660.8562188,5591.423583142,8.340000000000817,-0.28439793856086226,-0.018450397577595132,-0.27406447051169197,-0.004187149186367768,-0.01306825243029141,0.0008011511253673513,-0.015327746388380723,0.0006641749209015425,-0.0009697256589069445
1791433660.8856883,5591.453051063,8.361000000000805,-0.2846930816152428,-0.018438097583060274,-0.27441428729291223,-0.004174345406862386,-0.015266939930497655,0.00048443338178079214,-0.01804322644832873,0.0005799270648160627,-0.0011546236359018052
1791433660.9132671,5591.480635619,8.382000000000794,-0.28503509003030364,-0.018432251675069646,-0.2748210885448459,-0.004163818652241954,-0.01748465412279614,0.0001801551425935917,-0.020707075024174373,0.00045587345782826036,-0.0013379959397202624
1791433660.9409077,5591.508269388,8.403000000000782,-0.2854230602125248,-0.018432444911599295,-0.2752836043903707,-0.004155432470703312,-0.019436564754207623,-0.0001291119964809173,-0.023246691892170625,0.00037411258337622787,-0.0015145301306855536
1791433660.9692163,5591.536579226,8.42400000000077,-0.2858499537292492,-0.018436726613631344,-0.2757987330217706,-0.004146820946382431,-0.02126555939329844,-0.00026148048737247346,-0.025753371502874666,0.0004369604557016162,-0.001677933502979546
1791433660.9944355,5591.56178665,8.445000000000759,-0.28631807849319996,-0.018443768401848238,-0.27636745332022467,-0.0041375198931360956,-0.02332902016231778,-0.00043407501410026606,-0.028325743071175837,0.0004094474512034218,-0.0018252600827670554
1791433661.023936,5591.591290697,8.466000000000747,-0.2868302642699658,-0.018455646920712575,-0.2769902049514644,-0.00412977837000509,-0.025338691635251348,-0.0006917069032387341,-0.03086686152605075,0.00034304179521397056,-0.0019599299291502264
1791433661.0488658,5591.616223065,8.487000000000736,-0.2873842428987741,-0.01847148502681969,-0.2776658320185427,-0.0041217825256624875,-0.027291829546603575,-0.0008396487130397869,-0.03337699872684247,0.00041010108032559487,-0.0020724189308345352
1791433661.0758336,5591.643186358,8.508000000000724,-0.28797917464907397,-0.018490496077626692,-0.278394069501691,-0.004112347161399652,-0.029205637888561464,-0.0010041388407100514,-0.03587224962409242,0.0004725875492206271,-0.002161985084349297
1791433661.1018095,5591.669162147,8.529000000000712,-0.28875105801347195,-0.01651963377128289,-0.2785110716065673,-0.003682860839873265,-0.03928284137706565,0.350571398626038,0.10554107727378363,0.07477343154496253,0.02287528509109415
1791433661.1333117,5591.700669292,8.5500000000007,-0.28715661968105427,-0.015907101711836596,-0.2732445833092378,-0.002973056477859351,0.23249120420789482,-0.2310479010739996,0.34417320251775274,-0.014781128442096544,0.05912071062420668
1791433661.1595304,5591.726902007,8.571000000000689,-0.2855375986892325,-0.018701805666491263,-0.26442707283925493,-0.004060609148640952,-0.0458002207706093,-0.1267204929023345,0.47949836252200717,-0.06426466665261349,0.08454284613004791
1791433661.1848066,5591.752157428,8.592000000000677,-0.28416748681673065,-0.02295045002119319,-0.2540245240685516,-0.0048075909895966195,0.1573651115681947,-0.26784302387606806,0.4818213426563675,-0.008877814575445987,0.10129094779275162
1791433661.2100863,5591.777443259,8.613000000000666,-0.2783138196935651,-0.030296420687969075,-0.24519884677213694,-0.00480921848998249,0.3264373419792613,-0.3963611658831681,0.3373817682079654,-0.0019937767198106833,0.09854812927375044
1791433661.2348027,5591.802178254,8.634000000000654,-0.2696972855003203,-0.03985259442927731,-0.24084324662073844,-0.004903554593580242,0.4194579983058896,-0.46658696596758525,0.06692961064562926,0.018925410845532585,0.07503487474507668
1791433661.260253,5591.827622857,8.655000000000642,-0.2622932087439011,-0.02363493420696023,-0.24201265908724692,-0.0031586507423048494,0.39904704431941246,0.8056609544443164,-0.12293679537363135,0.14733209033280084,0.03660254778179054
1791433661.2855217,5591.852879419,8.67600000000063,-0.25567483280074166,-0.011671252285490298,-0.24362725462821308,0.0016088298916659368,0.3570676076057582,1.171183513683742,-0.020175723685025446,0.29742092397435377,0.019882783634849962
1791433661.3109057,5591.878273031,8.69700000000062,-0.2473722208281171,0.01125662594556279,-0.24437682049737336,0.009137187799828724,0.45002193572803995,1.0493518051029398,-0.08882569168858898,0.4525823146226024,0.005144703223454233
1791433661.3367212,5591.904099482,8.718000000000607,-0.2395147404020135,0.029132255731071182,-0.24792943679068577,0.01944530356750557,0.3003927854600411,0.767144605167965,-0.26611423768867887,0.464015245212447,0.0014308019994232048
1791433661.3644898,5591.931871403,8.739000000000596,-0.23413235946961794,0.042443933331816244,-0.25685313942448107,0.02904434857796627,0.20903269203137778,0.28321234461501327,-0.45684575553214557,0.4855869746593798,-0.004336877774097022
1791433661.3911836,5591.958605475,8.760000000000584,-0.2303092170953188,0.04216781520202931,-0.26767458471305794,0.03963721145160806,0.16649043639052996,-0.18665777412044834,-0.5376319104977482,0.5194217255334944,-0.024533822140365216
1791433661.4269202,5591.994300032,8.781000000000573,-0.22658704847403355,0.03778945590114487,-0.2799352782128655,0.050147499954074554,0.18844067883383758,-0.1946887650444667,-0.594427176337867,0.48515352840081943,-0.04031165730001452
1791433661.4519444,5592.019309643,8.802000000000561,-0.22217686993874178,0.03429450199678144,-0.29285537361034975,0.05917807062194711,0.22530129047163544,-0.14878995016300434,-0.6258487868374084,0.37088876477985894,-0.052025205698821506
1791433661.4772675,5592.044622968,8.82300000000055,-0.21699692883022548,0.03156506199967894,-0.30515305520655484,0.06553000749471406,0.2604965124090878,-0.1141696245805429,-0.5701258875446211,0.21703801530103325,-0.06108261095048483
1791433661.50489,5592.072254269,8.844000000000538,-0.21125215641913964,0.029521751637206335,-0.31544250761370024,0.06840436000576568,0.2842658355164323,-0.0860228700370268,-0.43893112941187323,0.04034438082024805,-0.0667980589043884
1791433661.531408,5592.098763933,8.865000000000526,-0.20501086179429256,0.02764967758622632,-0.322287362377316,0.06738038088757337,0.30754017712581366,-0.09785167589002583,-0.22709336259990515,-0.14262730774363447,-0.0696025171937422
1791433661.5564473,5592.123809585,8.886000000000514,-0.1983892455402967,0.02522450361651485,-0.32415259045728495,0.0625277079368461,0.3210306263196116,-0.13016568391490269,0.0591195154164965,-0.3074223652903841,-0.0712931903223785
1791433661.5858252,5592.153178855,8.907000000000503,-0.19152222754799095,0.022149773942093318,-0.3196920439100236,0.05461423035665229,0.33687705805191825,-0.1596162124118944,0.387592452448763,-0.42062810807691325,-0.07176076053270364
1791433661.6126528,5592.180008925,8.928000000000491,-0.18454726814791045,0.018447107678725094,-0.3080052933933093,0.0451542466550839,0.3203786040074513,-0.18401853237111304,0.7552279445910384,-0.44987797824488307,-0.07134093629965262
1791433661.6374652,5592.204816857,8.94900000000048,-0.1786029504992415,0.014626923811583,-0.28892527412167984,0.035966488140606975,0.2344839677125725,-0.17226241750278948,1.0808277056850981,-0.40030182692643784,-0.06940872411835887
1791433661.6624858,5592.229855156,8.970000000000468,-0.1754831439369031,0.011132055299272569,-0.2639211403207543,0.028654776208128004,0.049164097571249614,-0.15573333266827818,1.2576408173311941,-0.29360956380021985,-0.0610517962578726
1791433661.6887863,5592.256147024,8.991000000000456,-0.17746550945860873,0.007716499101281343,-0.2166599549490687,0.020227513311354035,-0.25498915809257283,-0.16759568073698872,4.812806900978051,-0.288224188378694,-0.048766549221960345
1791433661.7199097,5592.287270148,9.012000000000445,-0.1853287597090673,0.0018872970808777054,-0.16503782310918116,0.010507032094780072,-0.44361803067389927,-0.4073711550170377,1.237883894583141,-0.8835783465481197,-0.07407250835382828
1791433661.752895,5592.32025203,9.033000000000433,-0.19305636681615398,-0.005992694832087149,-0.146800608479415,-0.007528691130176145,-0.4354697735772749,-0.44343583933005365,0.9142125527247201,-0.6353520455340164,-0.08591844700487933
1791433661.77982,5592.347205108,9.054000000000421,-0.20990783368899693,-0.013277321349006341,-0.12446967971571916,-0.017167339085271644,-1.0454955007866895,-0.144756772738118,0.9432253560612921,-0.2764399356986286,-0.045825537280666684
1791433661.8080125,5592.375383782,9.07500000000041,-0.23395644235776775,-0.013319110968194865,-0.11180470117459046,-0.021018862113943586,-1.1891194213690814,0.14797890389504456,0.2542289942571487,-0.20096916581696217,-0.014723748773265828
1791433661.8331208,5592.400473211,9.096000000000398,-0.2597197767009691,-0.0066005805441179816,-0.111884562732919,-0.025082644827621733,-1.2175386859872996,0.4583164312512558,-0.11131429637439003,-0.11533351702449707,-0.006607328161943123
1791433661.8671498,5592.434533732,9.117000000000386,-0.28485781437381286,0.005774134599307609,-0.11248159279436404,-0.028010202847008177,-1.1236975516049201,0.6781085336194073,0.09565215992909934,-0.16494877318092963,-0.008242483820644504
1791433661.892423,5592.4597771,9.138000000000375,-0.3069372249489296,0.0215921601317204,-0.10969954349270401,-0.027387627761302356,-0.9364295786005767,0.7896283805814225,0.08092624321849867,0.17525198912959797,0.004337824149931033
1791433661.9172194,5592.484579829,9.159000000000363,-0.3240847901679182,0.03850335625258146,-0.11082450006243919,-0.02430095301170775,-0.6791293454877648,0.7964178190195116,-0.16988129154161793,0.07929284365848385,0.014357207217506074
1791433661.945169,5592.51259337,9.180000000000351,-0.33534342907535,0.05449956137394093,-0.11599547571293392,-0.0245906466946644,-0.39512170224839505,0.7129822771053231,-0.2943028201430744,-0.08884386308591359,0.018209333053506995
1791433661.9761367,5592.543512833,9.20100000000034,-0.34038907603293844,0.067812034090015,-0.12204278602341247,-0.026667550171811223,-0.09133872931369386,0.5479850365128063,-0.2858640187217813,-0.06344841353370194,0.020618525204224504
1791433662.0010505,5592.568421029,9.222000000000328,-0.33882815420738555,0.07685635417338804,-0.1273313612496654,-0.026400820138397722,0.23308906300920643,0.3184468990063678,-0.23139695912189667,0.07105045324712561,0.02556382415333754
1791433662.029461,5592.596817301,9.243000000000317,-0.3304125261906752,0.08045281982572276,-0.13116511351452054,-0.024508567118550543,0.5755092484023634,0.037526529094679344,-0.14673953891744232,0.09311950063217156,0.027813973876565742
1791433662.0564103,5592.623768325,9.264000000000305,-0.3149514597174885,0.07797230669285957,-0.1332989621822338,-0.022784121729808954,0.9249002467024288,-0.2644317887850213,-0.0740625950759513,0.07224081913432095,0.026767737849063153
1791433662.081665,5592.649018229,9.285000000000293,-0.29284816643618516,0.0695277678773037,-0.13454355787677433,-0.021357569468721783,1.2262931872045078,-0.5408938273680499,-0.058505472227558405,0.06814680918097804,0.024219294393884858
1791433662.1113374,5592.678687791,9.306000000000282,-0.26559886033167507,0.05597464725000157,-0.1361360128315369,-0.019613223447440622,1.4494555600027363,-0.7739933801800769,-0.1050899126968103,0.09890269367929493,0.021535981989295145
1791433662.1375153,5592.704874091,9.32700000000027,-0.23615528059544508,0.03834080058009284,-0.139533883049392,-0.017120912870827315,1.4101316961246189,-0.936707345278488,-0.24015531375642613,0.12945855134654247,0.01639179341880739
1791433662.1622694,5592.729621179,9.348000000000258,-0.20565672766607848,0.019926335452065534,-0.1467413277709508,-0.014240886078856275,3.6714768683675696,-0.2291435777214322,-0.44626420202588496,0.1391282562779038,0.004476734129089939
1791433662.1926906,5592.760055424,9.369000000000247,-0.15167845078562747,0.010020924856500274,-0.1572755649818077,-0.008125572933692198,1.6486030146913149,-0.3027293235571851,-0.5550677617553663,0.5332018385580759,0.007146099532812235
1791433662.2179265,5592.785279836,9.390000000000235,-0.09395464074821248,0.008863346326000093,-0.17102833954443095,-0.0020489758935677217,3.466302500991682,0.06883190219754455,-0.8657539704588813,0.27245621896609284,-0.0037569424608078165
1791433662.2430856,5592.810441358,9.411000000000223,-0.06812209962445229,0.016757054431044083,-0.19112247647164438,0.004209212071348296,0.2552582853830453,0.42813238916125346,-0.9790868431225461,0.16553252220006115,0.024414555603337235
1791433662.2696438,5592.837005968,9.432000000000212,-0.06289808949963299,0.024394284707772322,-0.2153032725184496,0.006167250059635886,0.3325426205843851,0.290172579952582,-1.3906230004749902,-0.06051058167993863,0.023861219185262596
1791433662.2949498,5592.862313978,9.4530000000002,-0.058709575104382364,0.029151478235996807,-0.24455564358496165,0.003113493498820027,-0.19366936719646233,0.27676420396985946,-1.3599459049169338,-0.2075104781404399,-0.00010056161636715477
1791433662.320362,5592.887735643,9.474000000000188,-0.07755799460540588,0.040013465755855335,-0.27216495050247036,-0.0024048218620438384,-0.6976550737261428,1.0578304553533004,-1.246392658721472,-0.2811806561316912,-0.023145196659920195
1791433662.3459423,5592.913304097,9.495000000000177,-0.08845174108086813,0.04319879523631435,-0.2965764390501314,-0.008458837515707283,-0.5768642696055178,-0.24977631477702622,-1.0519592652821288,-0.2544432765390517,-0.024407380325509147
1791433662.3711395,5592.938504727,9.516000000000165,-0.09410818460370013,0.042328694697394066,-0.31645393416466444,-0.01310741471675338,-0.052078821389237494,-0.12635506489259996,-0.8189880209802548,-0.1756823258668468,0.006597699310736593
1791433662.4008412,5592.968196462,9.537000000000154,-0.09515850273685288,0.03750001145580101,-0.33095246572354825,-0.01593788758871705,-0.084242161080853,-0.24863754411749098,-0.5438722416032655,-0.09478109328831599,0.012352745221909026
1791433662.428719,5592.996107641,9.558000000000142,-0.09835122581808779,0.033473491903983126,-0.3393656203358909,-0.017427405257386043,-0.20151647276176687,-0.18508560129434756,-0.252374827547846,-0.04966743821751503,0.005778553030578786
1791433662.4559233,5593.023340921,9.57900000000013,-0.10310019845055049,0.02994682870504589,-0.34134777260735893,-0.01840653796146417,-0.23681599756598318,-0.1261015960618003,0.056181640959583896,-0.04590944097686721,-0.002993951669467152
1791433662.4840505,5593.051428996,9.600000000000119,-0.1073859377952416,0.02880306862191275,-0.3366228493328974,-0.019537436955944485,-0.1719322664190416,-0.0005290077327062999,0.3718084776830638,-0.060466901426745996,-0.007907073473900978
1791433662.5149543,5593.082482691,9.621000000000107,-0.10981410561121083,0.029243039499893732,-0.3252403402297426,-0.02076927278467765,-0.07889646865352697,0.020479323853792735,0.6750777966881445,-0.05788215957183796,-0.010550933100118304
1791433662.5399745,5593.10741715,9.642000000000095,-0.11059857462746468,0.029039579409981597,-0.30775474498235156,-0.021322016597063724,-0.01936946467342211,-0.04795283080654375,0.982071715999926,0.013549548245497662,-0.014128356141029447
1791433662.5649507,5593.132307859,9.663000000000084,-0.11094710194655293,0.02698907580551847,-0.28561630143081357,-0.019888950030985047,-0.031073593308536263,-0.14106165747249724,1.2097537081783714,0.16318333806077437,-0.019300617464651417
1791433662.5918274,5593.159183524,9.684000000000072,-0.1124297572597113,0.02340743152222227,-0.26186522412545854,-0.015024991750444774,-0.1131319657201585,-0.1804382157050196,1.2102647626545429,0.36434713371195,-0.021676538449686804
1791433662.6218128,5593.189173866,9.70500000000006,-0.11609756487680126,0.019899182044848463,-0.24270356526235867,-0.005780907235703292,-0.25300158400539413,-0.14978304172104756,0.7848253376181575,0.5636252681027125,-0.015164408904449003
1791433662.6514788,5593.218841613,9.726000000000049,-0.12340342667378694,0.015277496793243382,-0.18895427494460434,-0.003558376566147203,-0.44634428700038936,-0.4570108358274397,1.1962331660784402,0.14796222975792117,-0.021093559398026804
1791433662.6766715,5593.244046533,9.747000000000037,-0.1349508568561175,0.001471091240191426,-0.1433900593457677,-0.00611268125034942,-0.7649186347789343,-0.9665148738527681,3.1799948217030147,-0.23476535664282225,-0.026079954042875386
1791433662.7022564,5593.269611134,9.768000000000026,-0.155258701597958,-0.01946963743466835,-0.10171204316401078,-0.011735480284583787,-1.0621955139065147,-0.9127816173499362,0.5780758089474574,-0.26588501591823877,-0.01791427610491908
1791433662.727236,5593.294591915,9.789000000000014,-0.18153053735154726,-0.03732850214130593,-0.09510606484538564,-0.01697101514764758,-1.5763873308577647,-0.6736138816120331,0.3470111053792154,-0.23669563503487595,-0.016526387331606822
1791433662.7550561,5593.322442552,9.810000000000002,-0.21643169364206194,-0.04878726036882979,-0.08719149877933427,-0.01890218029504221,-1.6989499324312698,-0.3987870689560159,0.3028562757930116,0.020115522130689595,0.01892479473005565
1791433662.7800412,5593.347397352,9.83099999999999,-0.25168066943376044,-0.05322696424840263,-0.09450561755324732,-0.019813759515610905,-1.6231653586863222,-0.03922893309765637,-0.984671947359803,-0.13111292272075467,0.03825109132760555
1791433662.809077,5593.376431805,9.851999999999979,-0.2839123881347501,-0.05005130880663592,-0.1019121721559336,-0.026776250943788306,-1.415099962546724,0.31030431530618113,-0.28069204186963587,0.27347786572621874,0.05848179718666028
1791433662.8359053,5593.403252411,9.872999999999967,-0.31090841104450634,-0.04033365255592964,-0.1072721904814154,-0.01945561899397905,-1.1251746409785115,0.56933562355213,-0.1759659294751723,0.25757779259035635,0.0354121736106486
1791433662.8606899,5593.428054927,9.893999999999956,-0.3308362633076455,-0.026566183945212003,-0.10999207062500686,-0.016114987184358276,-0.7622280489893312,0.7018276024151617,-0.09508995133004923,0.14259380832646723,0.027192803676207286
1791433662.88814,5593.455488067,9.914999999999944,-0.34253274536433287,-0.011499344261152768,-0.11234009074356563,-0.012620187003835916,-0.3598034704550382,0.7077992737624893,-0.155980279495513,0.17301933939018474,0.03790999791560669
1791433662.9127913,5593.480142845,9.935999999999932,-0.3454146200971478,0.002521630263010592,-0.11724018787412666,-0.009024029990315933,0.06212601132468444,0.6130454432282366,-0.26535117198017194,0.16037192273208783,0.0479943256615065
1791433662.938546,5593.505909843,9.95699999999992,-0.3392745148594835,0.01351356594447681,-0.12132607325834406,-0.006601789904211764,0.49300617972293087,0.42980716333179936,-0.11246468407101128,0.07535711796357351,0.050752578097149025
1791433662.9664388,5593.533799138,9.97799999999991,-0.3241699973519007,0.019803993460948705,-0.12199309165495528,-0.005708084899272909,0.9017689380743849,0.17735926053702408,0.02140110227144484,0.020723448699446548,0.047973950887525846
1791433662.9919386,5593.559293765,9.998999999999898,-0.30097337317936657,0.020483210375157,-0.12128304552083952,-0.005081697969693726,1.24538612148852,-0.08813478788007391,0.028328195008465534,0.06083218335292018,0.04506358241069286
1791433663.0198224,5593.587186709,10.019999999999886,-0.27166502115836194,0.015943276221859516,-0.12149723304666046,-0.002226026075264362,1.4706386170460086,-0.30855446279355997,-0.053389203935587964,0.20959913102369898,0.046953055658262646
1791433663.0525703,5593.619945172,10.040999999999874,-0.23986347448498624,0.007345966724905991,-0.12403192910271982,0.0028951107420135034,1.4722178662474168,-0.46700786898407,-0.17247217955012145,0.2535013549415244,0.05013707389163476
1791433663.0782218,5593.645580514,10.061999999999863,-0.21185210865375925,-0.004638925352561958,-0.1304188289737507,0.007376288937147201,1.1711955431851107,-0.6586550502178105,-0.4113268434477472,0.1786359907596845,0.04424897106515165
1791433663.1030295,5593.670383805,10.082999999999851,-0.15758005569512554,-0.006459780969081885,-0.14211321674127997,0.01092221756691196,1.4410506151929319,-0.21755462186130384,-0.6329181455085301,0.22104787221067634,0.04456241979122792
1791433663.1289523,5593.696304003,10.10399999999984,-0.11410669911241404,-0.0037670716180787604,-0.1577814063814979,0.019993131857878314,2.810452188815497,0.45328261285593713,-0.8745236785739638,0.5518852498421437,0.03855367715614041
1791433663.1530895,5593.720440199,10.124999999999828,-0.08182186000097925,0.011498426436884882,-0.17830365977219528,0.02880858098067286,0.3227918628127792,0.7441249642358887,-1.0297008257813842,0.3768350215898411,0.04987684667256331
1791433663.1792789,5593.746631542,10.145999999999816,-0.07971799959149686,0.022486917935382066,-0.2028714840397436,0.03392320401033272,0.08200032047469062,0.3581495689891698,-1.5298750116250162,0.04020884329806085,0.049409944883941875
1791433663.2058299,5593.773182801,10.166999999999804,-0.07885013765863212,0.027877515026677582,-0.23473922741663866,0.03218462894183938,-0.18886442297624362,0.16925223567739694,-1.5069590182350405,-0.1756638746227903,0.02145257837962242
1791433663.230741,5593.798094621,10.187999999999793,-0.0997479627457022,0.033879391346371565,-0.26484855149586684,0.026974805054004382,-1.0295790440755233,0.6385765693214416,-1.3869881510753854,-0.30094385432176357,-0.0006570124388679257
1791433663.2557924,5593.823142258,10.208999999999781,-0.10970597668341207,0.04393757523782705,-0.2917497029158329,0.02036606237526339,-0.1385568202725018,0.32247791244199664,-1.1918118534460547,-0.3106412888508335,-0.02843168691639681
1791433663.2803612,5593.84771616,10.22999999999977,-0.12002770192211891,0.040333222525387735,-0.31374183648529597,0.014495724718296821,-0.43096197069046166,-0.2341764448746641,-0.9238601498296173,-0.23968876444776463,0.015237270110177224
1791433663.305548,5593.872905508,10.250999999999758,-0.1264593662241731,0.03631716802704941,-0.3300602445714587,0.010377570167589886,-0.24569480175179045,-0.1197588059373976,-0.6312346864020267,-0.16282880014154213,0.03138260427611882
1791433663.3301623,5593.897512166,10.271999999999746,-0.13166565642831446,0.033977894555794114,-0.34001139192252905,0.007506981658385458,-0.28216623060224544,-0.12728155426390664,-0.3213712395960497,-0.1215722029801138,0.024494697193403494
1791433663.3601274,5593.927502207,10.292999999999735,-0.13917144163362644,0.0313574018300882,-0.34337522386811514,0.0049439548629289,-0.4003254092968284,-0.09467060617764807,-0.0062091167010938295,-0.1309009455534681,0.016255698321618575
1791433663.3918753,5593.959236046,10.313999999999723,-0.1468068906778781,0.03063832308010137,-0.3399677553480971,0.0017355560313446173,-0.30343427800941,0.008363774842741426,0.31493345682068075,-0.17569226458113438,0.013893029666272238
1791433663.4170434,5593.984407506,10.334999999999711,-0.15181629245626937,0.031087755815584255,-0.3297608216928676,-0.002489341563525559,-0.18162911880938612,0.023433529793341516,0.6296701407539191,-0.22508758178423646,0.013411546745517613
1791433663.4440253,5594.011422036,10.3559999999997,-0.15485978233698727,0.031162451966452644,-0.31299549038898594,-0.007450605314932065,-0.1202264208995985,-0.02648669248266401,0.9188908775796486,-0.24806260008447278,0.01146818099469156
1791433663.4751284,5594.042494842,10.376999999999688,-0.1573524792587952,0.029500959961706832,-0.29055492532462296,-0.012204762597623531,-0.123990618307255,-0.13125135212455388,1.1402053365568736,-0.2141924809327116,0.006890356785565261
1791433663.500447,5594.06780039,10.397999999999676,-0.16055144484441886,0.026025180122344595,-0.264766861082086,-0.015295013771275087,-0.18106402725279816,-0.18278028913822209,1.1994531097570837,-0.10448635534497128,0.0037607972411951586
1791433663.529846,5594.097218273,10.418999999999665,-0.1653466219419256,0.02254486239250629,-0.24117686191086682,-0.015194917053358344,-0.27346364733743445,-0.15384936486032777,0.8996406895497098,0.07367749672667123,0.00978872665387195
1791433663.5556493,5594.123018941,10.439999999999653,-0.17320231928217591,0.01829633209213884,-0.19145108577465206,-0.01834828048022153,-0.43966681341000174,-0.4646245578112007,1.9870858813466676,0.018958288185578244,0.013567882383089733
1791433663.5883946,5594.155784431,10.460999999999641,-0.18512669400149168,-0.003371522583169278,-0.16017961666353175,-0.021950147338110515,-0.6534443918364695,-0.9308041737431451,2.296181551930456,-0.4081910760240417,-0.003951065463528805
1791433663.6138268,5594.181196234,10.48199999999963,-0.20502030578175306,-0.026548013966084905,-0.10259521597384766,-0.0286824732233013,-1.0827820460844528,-1.1820275080771117,1.6042048477922413,-0.2826128467794583,0.008623204368966846
1791433663.639112,5594.206482036,10.502999999999618,-0.22959617679112387,-0.05224841512149915,-0.09323181357951245,-0.03313133901621633,-1.6156645346659635,-0.9982646859971855,0.05974815127860341,-0.1795513517902165,-0.007572967886895378
1791433663.667962,5594.235332899,10.523999999999607,-0.2655115205823207,-0.0692063493914073,-0.09026493398585754,-0.035504654888276775,-1.7877619839475565,-0.6263416627958786,0.1761798715560337,0.02842366734046496,0.02177261039893256
1791433663.6948414,5594.262201004,10.544999999999595,-0.30117767881208224,-0.07698206255473089,-0.09211268616802412,-0.033705700900461835,-1.656225070303847,-0.12234562201997227,-0.7095967979651174,0.02202453210128998,0.04968020735122351
1791433663.7234914,5594.290848989,10.565999999999583,-0.3329227184126595,-0.07440299318159006,-0.11169978889482923,-0.03970695910475995,-1.4065680569714323,0.3591994938209626,-0.4534444135780901,-0.48214511668520155,0.07390911161835581
1791433663.7505133,5594.317862693,10.586999999999572,-0.3584988628909576,-0.06246262803732993,-0.12047465728191857,-0.035896055516609036,-1.0685884030138157,0.7445235106436692,-0.5087709266312779,0.4026761178246876,0.06610565634370799
1791433663.7752028,5594.342554957,10.60799999999956,-0.37600095582442605,-0.04425374258416274,-0.12925510377476962,-0.02911580972974833,-0.6466955019388477,0.9676991372655186,-0.33080105441428115,0.26446175790799603,0.04304399744577971
1791433663.8003254,5594.367702739,10.628999999999548,-0.3840984908225507,-0.023199219252968768,-0.13547183869833526,-0.02396909567567348,-0.154854075306371,1.0079231894442133,-0.27720478771218987,0.26036374045648597,0.04759851929607377
1791433663.8256564,5594.393023494,10.649999999999537,-0.38177140042685165,-0.0029481530500134424,-0.14218615047567879,-0.01845600163531135,0.3481763907951825,0.8987065206271965,-0.3693886065005867,0.26011962898667934,0.057203899922102557
1791433663.8508806,5594.418238204,10.670999999999525,-0.3690384721569687,0.013680943226796504,-0.15023345770469443,-0.01369978685172856,0.8382995186856232,0.6740804271712393,-0.3410836761416287,0.17833796374790142,0.06139238760539984
1791433663.876575,5594.443925247,10.691999999999513,-0.3463338880654457,0.02455059557507449,-0.15550375240022724,-0.010907734934830557,1.2871500003397855,0.36244566908366926,-0.15732563649591239,0.10084038331570883,0.05867628236707718
1791433663.9014585,5594.468808239,10.712999999999502,-0.3148279540622942,0.028294710833064146,-0.15752131185348656,-0.008941313265409213,1.6523215772649273,0.017386987059216392,-0.05461189136064345,0.10072402646954805,0.05326431621071065
1791433663.926735,5594.4940861,10.73399999999949,-0.2769184885729648,0.02495365905269954,-0.15901982264570105,-0.005891465420266965,1.8729369864513645,-0.2913938914220567,-0.10647392243868563,0.20662038226086876,0.05195755524001754
1791433663.954592,5594.521959499,10.754999999999479,-0.2364836652202557,0.015714567855826266,-0.16296906680820386,-5.104595682637914e-05,1.8598331010642624,-0.5369545646721373,-0.26734645172852856,0.31615716962034157,0.05475545400779233
1791433663.9805317,5594.547893901,10.775999999999467,-0.19979033328617413,0.0015604697669863092,-0.17096806229348493,0.0060533452908387965,1.4387822278967146,-0.7455684370479098,-0.49613472873372516,0.25844532696098604,0.05094553327458124
1791433664.0059526,5594.573306578,10.796999999999455,-0.14781843770490632,-0.01026021664682069,-0.18369496887563067,0.014353938931961067,3.0077374818629385,-0.05149744976889381,-0.6918286971156274,0.7740910428779155,0.047220891913491145
1791433664.0316904,5594.599042357,10.817999999999444,-0.11271435446177536,-0.013500840212018946,-0.2006640135918758,0.03211175858927793,1.9214540346907873,0.157861526145682,-0.9007067011475126,0.459890288171372,0.04931340181359484
1791433664.0599809,5594.627340792,10.838999999999432,-0.0643190926790876,0.0028678907801156983,-0.2242547279216141,0.043380756323867294,1.1556881213623624,2.1078813397373617,-1.216288404107693,0.5032433371174886,0.03974833628438041
1791433664.0856583,5594.653011547,10.85999999999942,-0.06198888763281239,0.02503193394959675,-0.24845624595568824,0.05586902538924644,-0.18673430536599622,0.4766158037402649,-1.2309176175535252,0.5889398801782505,0.04902904739341541
1791433664.1146672,5594.682030189,10.880999999999409,-0.06575348217418853,0.032901716369287966,-0.28194626393353717,0.06078784391796058,-0.17756296491127208,0.31491563712396176,-1.5637359554903598,0.077801558276544,0.03396414655418823
1791433664.1393642,5594.706720909,10.901999999999397,-0.07997376050640595,0.040914607036062436,-0.31253577851907155,0.05954781182312989,-1.518215728340153,0.2773096229918291,-1.3512881971128414,-0.1981269695260436,0.010950443323797441
1791433664.166293,5594.733648899,10.922999999999385,-0.10984265570676656,0.04621359946742606,-0.33786886811206074,0.05409872601181805,-0.798667952071657,0.27043073061999723,-1.0886730537917508,-0.33620812638144265,-0.021866873828634534
1791433664.1910481,5594.758406826,10.943999999999374,-0.11924054733555585,0.04781954465395393,-0.3572694025061196,0.04678889600768058,-0.5817322706515154,-0.23711267029468225,-0.7957843544379313,-0.3867972272524632,-0.02500672866524476
1791433664.2168155,5594.784173587,10.964999999999362,-0.1328682221041409,0.041187165543854674,-0.3699770811183048,0.03961247932210609,-0.5455552269397316,-0.33895740471435637,-0.4668513353457705,-0.32762080965724727,0.02021543273171551
1791433664.241982,5594.809333383,10.98599999999935,-0.14196680332448092,0.036265552188291084,-0.3756831410139882,0.03307026361005977,-0.3611329744360856,-0.15454951869102276,-0.12747126879745582,-0.3105340415439504,0.021723979067795756
1791433664.2681282,5594.835477955,11.006999999999339,-0.14978668512411372,0.03342662550603723,-0.3740899089854569,0.02651109124408895,-0.430127179725225,-0.12265451731444293,0.2349364668176288,-0.3297867143596533,0.012642483207292301
1791433664.29319,5594.860546065,11.027999999999327,-0.16068746604773163,0.030935526654938355,-0.3652377040977776,0.01914195086180067,-0.5333655324388538,-0.09843292009434285,0.5861842683708585,-0.3782216730669695,0.006268240267014383
1791433664.3204122,5594.887772884,11.048999999999316,-0.17012778237652723,0.029616599250573035,-0.34924317928956444,0.010630980223484333,-0.3544090549088292,-0.03783378976859607,0.9207727591755864,-0.42780039421803717,0.0060581904114982415
1791433664.3456166,5594.912974813,11.069999999999304,-0.1759829470666136,0.028902635057726448,-0.3264675066501136,0.001368670032410017,-0.21529173621963818,-0.03794992759767468,1.2283184352941698,-0.44427560678350203,0.007177574828647735
1791433664.3703222,5594.937674766,11.090999999999292,-0.17988999727212474,0.027439859246747897,-0.29777595344495644,-0.007560327921475838,-0.1694500909031531,-0.11289726976898982,1.4543823528022033,-0.4012855321651551,0.005795280157161354
1791433664.3954616,5594.962813944,11.11199999999928,-0.1839960731359301,0.0235555455320355,-0.26544786634492745,-0.014596926111550283,-0.23476385431627633,-0.24766467109918883,1.5146367942438088,-0.27897803530337195,0.001777581318838521
1791433664.4219933,5594.989369957,11.132999999999269,-0.19015193195629887,0.017977769065414123,-0.2350425547766803,-0.01808990292533828,-0.35060622259879326,-0.25411603460436216,1.1945821364031626,-0.08403559312473705,0.00254366920519124
1791433664.4538615,5595.021224336,11.153999999999257,-0.19940308307567312,0.011660268111143113,-0.2009899774476579,-0.021915531015775418,-0.5426585667761328,-0.6022620446820377,4.661012131894297,-0.5593111095423092,0.010507933743605471
1791433664.4807663,5595.048132596,11.174999999999246,-0.21319310623137272,-0.01659846795698688,-0.16278352631379725,-0.024419627472262312,-0.7778786409043001,-1.4118260696828506,1.09793931615225,-0.27603056755425703,-0.006135409259318999
1791433664.50683,5595.074186759,11.195999999999234,-0.23243862490208664,-0.043834371293515126,-0.11435747577319813,-0.03227718754949828,-1.0660264031516773,-1.4135397583424674,2.6473214564254377,-0.26733948508296473,0.0016486031104210764
1791433664.5335746,5595.10092473,11.216999999999222,-0.25780370308237816,-0.07667774164669172,-0.07974776740866313,-0.037248450622089306,-1.3151527709155113,-1.6215984468606532,0.27870023961332663,-0.24120287192940462,0.001022212892913995
1791433664.5584414,5595.125789364,11.23799999999921,-0.29413854501662734,-0.10246245895927056,-0.08333608541056274,-0.04025491006771001,-1.8284800342088003,-0.9952537870862544,-0.2488376983522584,-0.09503838506825064,0.0033542549136694744
1791433664.5832386,5595.150586474,11.2589999999992,-0.332186293371282,-0.1174930866576292,-0.08743541352438197,-0.03975483391901113,-1.7344523825096438,-0.44953844942748117,-0.23262983486640065,0.12622911637198597,0.03498865829275649
1791433664.6079428,5595.175308603,11.279999999999188,-0.36624750371945586,-0.12055305191233232,-0.10900040834073439,-0.03834291815480178,-1.472042591330278,0.11146232976602584,-1.6953105342766994,-0.07370838241049972,0.059045191196920276
1791433664.6412468,5595.208630132,11.300999999999176,-0.39372364556393596,-0.11244262251564302,-0.13098944496871567,-0.04499644029099519,-1.1259104827117292,0.6084567365636778,-0.4684384682939606,-0.10925475422184132,0.08925662503686214
1791433664.6707826,5595.238155831,11.321999999999164,-0.4129299642944505,-0.09555977444444211,-0.1419292299104973,-0.03673566881884804,-0.7262249987700841,0.9756064594185943,-0.6951634137514573,0.43464706652263446,0.06618760892600774
1791433664.6987836,5595.266155902,11.342999999999153,-0.42232283692512773,-0.07391724986002685,-0.15346543031345988,-0.028799380088329475,-0.20932289129054618,1.0770196461572166,-0.4105122268768359,0.4382458815744956,0.039695416983785134
1791433664.7245555,5595.291937699,11.363999999999141,-0.4202348160423109,-0.051649952580987875,-0.161256300003467,-0.02155794333553067,0.3784682049670315,1.0265774459923527,-0.35777442998561837,0.30155887414971067,0.047939911427008354
1791433664.7496083,5595.316961442,11.38499999999913,-0.406119539995676,-0.031962297578438756,-0.16988189880472657,-0.015639544678421966,0.9564132109865653,0.8424968061164302,-0.4747366144406206,0.26405741350985606,0.056955150963124375
1791433664.7804987,5595.347866989,11.405999999999118,-0.3803344851330799,-0.017050986498063386,-0.1793965502864472,-0.011143445114591331,1.491916895203384,0.577878044854656,-0.3768159013369623,0.16453710439524902,0.0548258609572109
1791433664.8059974,5595.373347527,11.426999999999106,-0.3440963364492773,-0.008240873912791444,-0.18502243001167207,-0.00802141253373769,1.9398665915109923,0.267036463531198,-0.17994516492255147,0.14885864265274512,0.04836015305858439
1791433664.8339715,5595.401318327,11.447999999999094,-0.3000361356790705,-0.006008690336769386,-0.1880237041048321,-0.004215053456234667,2.2281043746039617,-0.038896768751914744,-0.1374622327830675,0.22721170896234336,0.044689762740089
1791433664.8655465,5595.432895972,11.468999999999083,-0.25238187844454746,-0.009763224099009262,-0.1921218688419302,0.0024774085327724173,2.256433863102123,-0.2965269610452075,-0.26935995328301093,0.3859551034328463,0.048979936257763895
1791433664.8907506,5595.458102713,11.489999999999071,-0.20755475593794237,-0.018611217414412216,-0.1996135057647266,0.010451925328326757,1.8818845461282476,-0.5175499627333945,-0.4731544089062887,0.3447213052589498,0.04957263314405775
1791433664.9155643,5595.482918996,11.51099999999906,-0.16935250469955418,-0.02921435165375053,-0.21207098596518276,0.021704711510512606,4.343276512236416,0.23992025787620863,-0.727687990359443,1.035858828889558,0.04582394131881677
1791433664.9438891,5595.511284066,11.531999999999048,-0.12044682643325573,-0.032977684040940786,-0.22910587938893615,0.04721912581681578,1.2587129738748497,-0.20708405248696116,-0.9075648873756826,1.0251078746298956,0.0527117322374028
1791433664.9699779,5595.537342808,11.552999999999036,-0.07646596403321021,-0.026330174262900817,-0.2508587484417002,0.06580743884424906,2.347753555959683,0.6527252658422791,-1.1553250077761688,0.8593157235551838,0.047160410504614135
1791433664.9961183,5595.563500076,11.573999999999025,-0.059399594977993075,0.011244935721905325,-0.27545085317286977,0.08354003521704166,-0.33540540912244626,1.9579579356137224,-1.118734654375458,0.8458187993558743,0.034925591163237894
1791433665.023854,5595.591213631,11.594999999999013,-0.06779583012036318,0.02999880230315382,-0.306134882214472,0.09687415043291868,-0.37926996188660983,0.48709444862958634,-1.6134129720756565,0.34316196791976433,0.0282706856183925
1791433665.0484471,5595.615799256,11.615999999999001,-0.07793055008571488,0.041983468292789865,-0.3378009877115725,0.1004445832930099,-0.88201353780238,0.843280117853212,-1.3704137784886243,0.018584258585490197,0.01743023081880276
1791433665.074947,5595.642304505,11.63699999999899,-0.11430957611169622,0.05190391964944238,-0.36362281824590403,0.09786381935638368,-1.8865555662528175,0.1570980263735584,-1.0801642496002706,-0.2125305147787805,-0.010834537208305225
1791433665.1037405,5595.671095351,11.657999999998978,-0.13663323858013057,0.05267114890729852,-0.38328961250372773,0.09169850114553782,-0.555158631328684,-0.12183014602596823,-0.780897047393314,-0.3404907995324476,-0.03587147237252309
1791433665.130592,5595.697938073,11.678999999998966,-0.1461570460177493,0.049740310078426025,-0.3964398843783281,0.08357398346650856,-0.6533570499330763,-0.38787826865411745,-0.4611374502921852,-0.40211388052985386,-0.01822576268055131
1791433665.1552703,5595.722616548,11.699999999998955,-0.16133841652349284,0.04150393050111088,-0.4026918935270904,0.07475931038499828,-0.6714106354581917,-0.2785893387888207,-0.12473167521156381,-0.42163457825169826,0.01750271930743477
1791433665.1910295,5595.758393403,11.720999999998943,-0.17281740757765884,0.03722188127554235,-0.4016325361827171,0.06541150355407802,-0.47250413877977704,-0.16275178802134602,0.2276613090894527,-0.45901101175265385,0.012536315298562294
1791433665.2159529,5595.783331218,11.741999999998932,-0.18351196220049404,0.03468409174199919,-0.3930197801525108,0.0547908842756203,-0.6073324362021453,-0.0828969914974597,0.5864689785082721,-0.5503823255080846,0.003481404434084794
1791433665.2407405,5595.808102162,11.76299999999892,-0.19699389156789407,0.032642936811137925,-0.376684152064248,0.042440570034734365,-0.5998970752049243,-0.10866689380689469,0.9650108653995979,-0.6315839834031342,0.00038325795892271155
1791433665.2662628,5595.83361735,11.783999999998908,-0.20663944557124306,0.030369915250509336,-0.3528060909154194,0.02868610295141906,-0.34465652258720136,-0.11082488172702307,1.3249054191329819,-0.6718685965574869,0.0019181564151672448
1791433665.2909544,5595.858308453,11.804999999998897,-0.2119311101906089,0.02784983387748625,-0.32197486163381,0.014545721144695932,-0.19398827050702755,-0.13401836214153054,1.6518028075523798,-0.6470825383612936,0.0029640056201372103
1791433665.3188984,5595.886254383,11.825999999998885,-0.2156841939726667,0.0240106589018446,-0.28578571995399726,0.0015489937646250306,-0.19775466830275584,-0.2451650123944242,1.846637983147822,-0.5465322516692304,-2.7851199437090016e-06
1791433665.3452022,5595.912558973,11.846999999998873,-0.22117392707716887,0.017379602034459287,-0.24886997501010058,-0.008629266700735399,-0.33467840863830667,-0.3423972776744503,1.6929707201769,-0.3732669016429515,-0.0037157300181347823
1791433665.370296,5595.937652492,11.867999999998862,-0.22974221553662136,0.008460054438492902,-0.22105113468625673,-0.014301278148285794,-0.5145897605364548,-0.8462278828303376,0.944448979199981,-0.1589715162012747,0.00020451563952255997
1791433665.3960845,5595.963445351,11.88899999999885,-0.24301545121119145,-0.022527834008025816,-0.17119940929184596,-0.028209559594323794,-0.8107321240665887,-1.8591083500826613,0.860567658662461,-0.3553226222788868,0.0032099576307666492
1791433665.421789,5595.989141704,11.909999999998838,-0.26077546414321395,-0.05567311033677182,-0.1411670457316355,-0.03681600029805208,-0.9429921448678296,-1.725568123126021,2.5900923526000224,-0.545133318887589,-0.004345035915577316
1791433665.447037,5596.014391459,11.930999999998827,-0.28391277722091796,-0.09436224429308968,-0.09609936947213249,-0.045077231195778264,-1.3430106331470648,-1.9698166104729498,1.7821520253665613,-0.27453751245179975,0.00479300457502489
1791433665.4749455,5596.042319981,11.951999999998815,-0.31829893857288993,-0.13001803260118527,-0.07837110624756251,-0.048700388810905194,-1.8257336103312976,-1.4085669397762908,-0.3952210026172248,-0.04503299932448809,-0.005656893268897859
1791433665.5004036,5596.067776758,11.972999999998803,-0.3570364337419582,-0.15368369430259973,-0.09089728757821418,-0.04813072055117032,-1.80088373355374,-0.837235175414162,-0.5746015625944184,0.09462931134889462,0.004174045450794598
1791433665.5256631,5596.093021753,11.993999999998792,-0.3931944343983084,-0.16382077420851474,-0.10334816423809347,-0.04452687787521399,-1.5833658066871592,-0.1672056002201719,-0.8144106938429352,0.1961650417722819,0.03905594681759576
1791433665.5506718,5596.118030643,12.01499999999878,-0.42310628557029967,-0.1603130965585314,-0.14015539313583356,-0.04481401020851558,-1.2411254397587228,0.43683235519922137,-1.858100567639494,-0.4526333345342019,0.06310957166975147
1791433665.5755217,5596.142890808,12.035999999998769,-0.44494740044380654,-0.14556296297667312,-0.16545928688545486,-0.05040841111428466,-0.8246498459271348,0.88720128847707,-0.7353865624921813,0.20435614938388075,0.08683597964919142
1791433665.6012754,5596.168632772,12.056999999998757,-0.45699423204476197,-0.12341414309613666,-0.17732023608227512,-0.04083292187793461,-0.3040072259134057,1.1341134055795852,-0.9592080816127705,1.0469249694778477,0.06466705643892588
1791433665.6277177,5596.195070242,12.077999999998745,-0.45740811899705797,-0.09870191687645131,-0.19338574709341247,-0.030027540951484133,0.2698661121216477,1.1698653922557303,-0.5414766104238451,0.4700139300619395,0.026669399640050988
1791433665.6534252,5596.220779682,12.098999999998734,-0.4449308405196317,-0.07534562007895143,-0.20264847869291577,-0.02090958599628709,0.891007058301309,1.0410075093311353,-0.40733971789434426,0.4006338329579506,0.036091567902925455
1791433665.6788487,5596.246206638,12.119999999998722,-0.4192546737633885,-0.05596884554766707,-0.21232891241590413,-0.012812395897492437,1.4966798403655635,0.8079039384177032,-0.5645748329475977,0.35788707540942327,0.04646197776342455
1791433665.7108366,5596.278229056,12.14099999999871,-0.3813419345925093,-0.04197245432503179,-0.22352530895778927,-0.007644971852868949,2.0444491027124228,0.533857773397334,-0.4564278145806791,0.17338832414115019,0.04105284047848691
1791433665.7376156,5596.304981743,12.161999999998699,-0.3334205303592036,-0.03401018871709489,-0.2300926689085873,-0.0037731424277895214,2.4796315611513053,0.22715147522553603,-0.22499925690610043,0.22394931457693906,0.033815103084610346
1791433665.7671885,5596.334572227,12.182999999998687,-0.2796646971448073,-0.03219731635677811,-0.2341435920851055,0.002491322254440196,2.68116998325945,-0.08202723223586897,-0.21743923330750525,0.39036062818591716,0.03376069427091118
1791433665.7929728,5596.36034676,12.203999999998675,-0.22649847780849874,-0.036102686543670805,-0.24070105494531968,0.012701341886540986,2.529378001169364,-0.3760131669497467,-0.4183829296533543,0.5477131016243079,0.04058084484412152
1791433665.8231664,5596.390647581,12.224999999998664,-0.18462943685060057,-0.04523882235088412,-0.25190138251234306,0.03272294621760803,1.6447822244210744,-0.5810932256241316,-0.6586685223289565,1.4259039375074103,0.041117453110259564
1791433665.848311,5596.415669902,12.245999999998652,-0.1249677356889828,-0.0471545560607562,-0.2688003255655921,0.06394035334313014,1.1011068491013216,-0.39079359397380725,-0.8725300114962985,1.409955528508116,0.046795068955074584
1791433665.8740056,5596.44135776,12.26699999999864,-0.0869401783689583,-0.04547981551695822,-0.28802009980827303,0.09085705890507792,2.5539697235958254,0.4615402671438389,-1.0000720041279427,1.229203448249891,0.0496354666433869
1791433665.9028823,5596.470244242,12.287999999998629,-0.05672827056927443,-0.017062192506950725,-0.30932077543543296,0.11384110197885274,-0.16788170981163894,2.4015389758686476,-0.9433988033210198,1.009445786570874,0.035752690143686885
1791433665.9283025,5596.495654725,12.308999999998617,-0.06846400166646063,0.019691981126396765,-0.3352810601379581,0.13260887393369056,-0.634909862018826,0.929976480151526,-1.542863600121572,0.5022423925404688,0.014622237980695708
1791433665.953036,5596.520383809,12.329999999998606,-0.08206819004002133,0.03698705545562206,-0.36592847708817045,0.1381322428755829,-0.7193747766851882,0.7671599912608176,-1.3425061955358637,0.07272049906534508,0.0003456883056499151
1791433665.9783719,5596.545723717,12.350999999998594,-0.11651656750460768,0.054569198545439214,-0.3909637458051959,0.1357523359125391,-2.4362839091770745,0.5228648949818435,-1.0477176375404398,-0.23848022590422313,-0.009340001606949004
1791433666.0079615,5596.575333138,12.371999999998582,-0.1530655652915015,0.06005453172828545,-0.4098305189830193,0.12847807465886887,-0.9738710720689419,-0.0604948402308059,-0.7462177422467656,-0.4173153581606509,-0.02968987101837595
1791433666.0335846,5596.600943598,12.39299999999857,-0.16672355507585027,0.05616848098414384,-0.4222472393126528,0.11835671915266778,-0.3468190955744215,-0.1456282061366039,-0.43349363110183087,-0.515336314292968,-0.034388362522387916
1791433666.0584824,5596.625853131,12.413999999998559,-0.17933272812266793,0.04793296586803424,-0.42778825651152047,0.10670071212083496,-0.9050440582110176,-0.4343050047081979,-0.08895940680441265,-0.5685522191347466,0.0071503679398005
1791433666.0859933,5596.653349652,12.434999999998547,-0.19687460592983627,0.04173145134140669,-0.4260122156271729,0.09424115013473387,-0.7119946260253031,-0.20787100534972103,0.2670374215973191,-0.6178745097631186,0.01769446597833405
1791433666.1108243,5596.678178529,12.455999999998536,-0.20980933694048348,0.03761462780797434,-0.4165522370860553,0.08041975417115127,-0.5833125029264795,-0.18418661587608756,0.6404111899572478,-0.6947810057530039,0.003736700249780948
1791433666.1357365,5596.703085405,12.476999999998524,-0.2247131371660043,0.03541577648570892,-0.39899753345702826,0.06471956890039565,-0.8440539847240056,-0.0762758326099998,1.0135942922671886,-0.7838523219202023,-0.0015280652420484914
1791433666.1606364,5596.727989789,12.497999999998513,-0.23997043493315726,0.03317580713187752,-0.37340780821351427,0.04739815117835782,-0.5609711246092505,-0.14572686641871738,1.385908529999536,-0.8471847181757607,0.00040879808094934823
1791433666.1884727,5596.755829655,12.5189999999985,-0.24801690163366344,0.029383412654748656,-0.3401555933820894,0.02943838808324605,-0.25891467659711237,-0.20724552296461413,1.7296955895128479,-0.8519375135850491,0.004640342710327202
1791433666.2139287,5596.781295365,12.53999999999849,-0.25166447552016985,0.024557541181076576,-0.30033867261437713,0.012371667241731372,-0.13531895308362651,-0.2645842526695185,1.9889789218679979,-0.7765708602960213,0.004779051716135073
1791433666.2431724,5596.810542996,12.560999999998478,-0.2555364987821067,0.01691980128734712,-0.2579203689545331,-0.002104980914592637,-0.256339440818764,-0.4683225217972569,1.9545036486565726,-0.6297682285233052,-0.002290031543386925
1791433666.2685225,5596.835882035,12.581999999998466,-0.2626958202209177,-0.0005044098077054157,-0.22244747979918883,-0.012263261058224926,-0.3835554842907327,-1.3832802455034785,1.427027960978222,-0.3318864533291892,-0.005401571588329301
1791433666.2967868,5596.864144531,12.602999999998454,-0.2751917349104704,-0.036727778537337344,-0.1769031695093395,-0.023425271222819035,-0.7430003926024662,-1.798583209224189,3.6670823021491232,-0.8556274212061278,0.00661122860014715
1791433666.3209295,5596.888288149,12.623999999998443,-0.2916335586573422,-0.07725731262873069,-0.15503260686083853,-0.03751022579240409,-0.7829205494052444,-2.049690217274565,1.453637653672674,-0.34907862387442,-0.003225287231024621
1791433666.3462443,5596.91360935,12.644999999998431,-0.3108338836941506,-0.12217654390859695,-0.10970261374709087,-0.04859839711157829,-1.2518971387076483,-2.3038755725457287,1.8142101452935928,-0.4469252367832664,-0.0035536120102086827
1791433666.372826,5596.940179611,12.66599999999842,-0.3423807952119943,-0.16603559327439427,-0.07138514866783756,-0.05414298750003084,-1.7498570191479423,-1.7635987312456292,1.7194064758155985,-0.08393311246409396,0.007322296406005982
1791433666.4008455,5596.968209219,12.686999999998408,-0.3794254580626398,-0.19632848880269055,-0.07604403142985626,-0.05349558040932055,-1.7781620374166769,-1.1188239605536652,-0.9851102615132151,0.09803465640065412,-0.00784612420042093
1791433666.4267232,5596.994126927,12.707999999998396,-0.41519282276848346,-0.21181902870668703,-0.09562321552181313,-0.050653941423087545,-1.6355611401797625,-0.3787450733336369,-0.8493830877625432,0.17835944582146787,0.012917423695613548
1791433666.452093,5597.019445726,12.728999999998384,-0.4459708155396956,-0.21204623299342978,-0.1213127851110428,-0.04700471661646882,-1.311187245411824,0.30219317095422804,-2.2997676092998556,0.0996513063277082,0.03841552410775486
1791433666.4790964,5597.046450457,12.749999999998373,-0.46913667793703523,-0.19952632378224558,-0.17412618873053545,-0.053760181883489425,-0.9095938209178749,0.837860642567693,-1.9474620857055736,-0.4860398285034383,0.05818697853893496
1791433666.5065238,5597.073891915,12.770999999998361,-0.4833656761699213,-0.1774685900672199,-0.20306739618951752,-0.05614926754889532,-0.4365023117382229,1.1955195472196902,-0.9380799311001191,-0.0680019879152597,0.08032337491929142
1791433666.5322287,5597.099587853,12.79199999999835,-0.4866217681202172,-0.1503362019584738,-0.2125398124936314,-0.05543969105946435,0.13225022884997018,1.3091425849256308,0.01860375100068492,0.1895973281999398,0.07428098575993362
1791433666.5589416,5597.126298724,12.812999999998338,-0.47680861575187566,-0.1233447153000318,-0.22736317698115327,-0.029047667117397757,0.7906761184847507,1.203560835745862,-0.7996289715900177,0.6550638945624139,-0.0017405929002816817
1791433666.5838096,5597.151161981,12.833999999998326,-0.4529179236498843,-0.1005799591581648,-0.23990021116190308,-0.019226419048991496,1.4422512219687422,0.9739161450201291,-0.4663787922287748,0.5223835711450409,-0.011071744177361734
1791433666.6088648,5597.176220566,12.854999999998315,-0.4157041802367347,-0.08316597919889347,-0.2496184145000336,-0.005290286409112735,2.0431349331490143,0.7079448016081185,-0.5605409505455434,0.8623888478611876,0.01887817374321239
1791433666.6340296,5597.201397675,12.875999999998303,-0.36697289825941126,-0.07093263669450245,-0.26267018995920893,0.007779535609052245,2.5259739630047626,0.4744036443492441,-0.5280655079673523,0.22539550098667732,0.022258804474675833
1791433666.661506,5597.228869484,12.896999999998291,-0.31002739857068856,-0.06338887360671533,-0.2704209556316611,0.010632257675006035,2.805060339203237,0.26397356428132923,-0.30149826709743016,0.25373004873184846,0.016908008609530015
1791433666.6870456,5597.254408877,12.91799999999828,-0.2509313144344334,-0.060536241611502534,-0.2770168097320058,0.01848215138580711,2.687764792353512,0.049535631665813325,-0.31569219339020466,0.46488242170716115,0.01834564456410453
1791433666.7126038,5597.27995658,12.938999999998268,-0.2002497425115788,-0.06299026048038764,-0.285629869857008,0.04619135088687615,1.971174869609016,-0.2208574156597429,-0.46852290906805494,1.7206743357677987,0.028203915483328824
1791433666.7381885,5597.305544302,12.959999999998256,-0.13478198444769338,-0.0632476669688909,-0.30048465377292366,0.08431241460453613,2.1977548994628817,0.5098883647778248,-0.8177810131322132,1.744737602912869,0.04112399582066549
1791433666.7680933,5597.335896503,12.980999999998245,-0.10699376383535625,-0.06197494260959368,-0.31788167754192,0.12126891026514988,2.105708124811311,0.4375086494459871,-0.8596164650236265,1.7616028268583275,0.05742475301758176
1791433666.7942536,5597.361639214,13.001999999998233,-0.06121220932809495,-0.047666372858954434,-0.3357450871593913,0.15226551929685403,1.1923873944348837,1.7031592086444136,-0.7741141628374804,1.1811383770977548,0.052341382012555455
1791433666.8222115,5597.389628376,13.022999999998222,-0.07007949548471396,0.0023391615621054917,-0.3547084325725842,0.17544360248178203,-0.8934495004692073,1.879529895951942,-1.18306216009413,0.8133855955295639,0.015269132857982384
1791433666.848605,5597.415975039,13.04399999999821,-0.08932613628237877,0.027399876091180476,-0.38379062325049934,0.182356377133859,-1.0770212156893684,1.441624388423279,-1.3724692202106838,0.05382815761016087,-0.0054369295558160695
1791433666.8765414,5597.443910506,13.064999999998198,-0.11680766417126176,0.048957245428519584,-0.409561733695475,0.1783695859919455,-2.204498379457216,0.7297430901572753,-1.1294931191964608,-0.38888000087053354,-0.013268582085201177
1791433666.902612,5597.469975186,13.085999999998187,-0.17030070580338053,0.060395077193644564,-0.4297201036163129,0.16795479204338148,-1.9241460342055392,0.30088805666983437,-0.845248097602687,-0.5950981060465886,-0.01727904096266186
1791433666.9278026,5597.495158546,13.106999999998175,-0.19602562886042937,0.05712822239436213,-0.44390006233794926,0.15430429934742015,-0.9065202552644473,-0.36533235987059787,-0.5462353215715194,-0.6978865624906205,-0.028341528513799275
1791433666.956882,5597.524232418,13.127999999998163,-0.20361290247607916,0.050478696395986046,-0.45163826040125493,0.13937219608564122,0.21846660632215775,-0.3135447896757091,-0.21694874867337974,-0.724146413085116,-0.016285802137709113
1791433666.9862754,5597.553627397,13.148999999998152,-0.21838002088854214,0.04204960589702629,-0.4520994935055342,0.12417407052001986,-1.0307290846411277,-0.2949040222898527,0.14503487361198347,-0.727939344816426,0.019710351435731455
1791433667.0118697,5597.579246294,13.16999999999814,-0.2373946384931856,0.03810893379386464,-0.44480285227966626,0.10873241293395462,-0.7402027625590174,-0.145575861565898,0.5327985416208059,-0.7544599864071171,0.021057326686304684
1791433667.0368736,5597.604229572,13.190999999998128,-0.2511351270863409,0.03428372471198192,-0.4290092015840246,0.09233681542238732,-0.6309102877853776,-0.18795046321566128,0.9530525895198025,-0.8051181204074916,0.006134017617300208
1791433667.0639327,5597.631290989,13.211999999998117,-0.26926976528203983,0.03215494680120121,-0.4042763298432327,0.07472029763195229,-0.9779260199868989,-0.06142952368751343,1.3759766192513536,-0.8627310585275021,0.003785839592668999
1791433667.0890067,5597.656356526,13.232999999998105,-0.2830541544407017,0.02835153795859496,-0.37072090056952584,0.05623440001530976,-0.34917034502006133,-0.28661924364689306,1.781536326875905,-0.8849968228217537,0.011020860565617654
1791433667.115868,5597.68322025,13.253999999998094,-0.2883415546301257,0.023241028499237665,-0.3291225341246317,0.03809080921432698,-0.15628412311503365,-0.2503010910667831,2.1162604172494404,-0.8410523326671093,0.021213196556746746
1791433667.145509,5597.71286412,13.274999999998082,-0.2905054751397019,0.01578920767333907,-0.2824416278573776,0.02185377220942963,-0.07625300197599809,-0.5956097608658582,2.197459738757722,-0.7347663231337129,0.015402663450411453
1791433667.1722806,5597.739630074,13.29599999999807,-0.2936306522902517,-0.010443506988084727,-0.23878633299928034,0.008978239804646168,-0.22089922540740872,-1.478011053390332,1.7472906647839808,-0.5351726728051789,0.008219247439688873
1791433667.1998851,5597.767236011,13.316999999998059,-0.30406957575821514,-0.051351887066971774,-0.21200784324216188,0.0013900636025299493,-0.7400936406113451,-2.106879078133216,0.6260942641023725,-0.23388012777729686,0.01573855428740699
1791433667.2251825,5597.792558416,13.337999999998047,-0.319835380824945,-0.09496977236815139,-0.16254576666920914,-0.020362298133984595,-0.7305970761276309,-2.3754531919873516,0.12021037236175522,-0.5576520639800501,0.009485047727410066
1791433667.2530775,5597.820426024,13.358999999998035,-0.33321397725098695,-0.145895495394095,-0.1304282764484532,-0.04102620578497472,-0.652332749475362,-2.235607251185292,2.5627759273042447,-0.7260611048544695,0.014903727802123241
1791433667.2781131,5597.845477534,13.379999999998024,-0.35967824403656024,-0.1940248171694415,-0.08858280438013809,-0.053065643341473984,-1.6229955930508069,-1.962701960870635,1.9141496855319429,-0.5627718337622534,0.011380081223965357
1791433667.3076155,5597.874972588,13.400999999998012,-0.3949845592590136,-0.22806494491789814,-0.0652461548809031,-0.05934388640543715,-1.6836534300109325,-1.3110081253714339,-0.5948349234098158,-0.027400502377973715,0.0015270333824113052
1791433667.3339622,5597.901323089,13.421999999998,-0.43023414915512576,-0.24702388909546422,-0.08946871820535302,-0.05704389783891857,-1.681540004161621,-0.5211024819430387,-1.1757946585318777,0.18600750781723216,7.425974452561748e-05
1791433667.35872,5597.926073839,13.442999999997989,-0.46285805916873424,-0.2500186237522587,-0.11311678506240817,-0.0516416951392719,-1.4693926972856408,0.20527012948201284,-1.1997194269636298,0.29520273633630534,0.02497637850331863
1791433667.383957,5597.951317984,13.463999999997977,-0.48892532532161814,-0.23951779414965238,-0.16759971813187655,-0.04958106138951533,-1.071875041652811,0.7726753642269871,-3.209905321957992,-0.36726243087176735,0.039837164143132583
1791433667.4091942,5597.976555754,13.484999999997966,-0.5063878829564757,-0.21874440596133693,-0.21875583113839145,-0.056573248898647156,-0.6433539980748297,1.1953219583632972,-1.846477052159161,-0.12700838063592912,0.06427966818418264
1791433667.4341755,5598.001533148,13.505999999997954,-0.5134835948533301,-0.19139141292925216,-0.24656295490736138,-0.05871968051430642,-0.07809529783621888,1.395863621162327,-0.8538388531044135,-0.03211796503966341,0.06645975223377407
1791433667.4619875,5598.029354689,13.526999999997942,-0.5080033576266723,-0.16250002779326123,-0.2513158061541772,-0.05579087281630891,0.5740664511901691,1.3489320215184841,0.3596139909661564,0.32194819514527,0.051582293222843405
1791433667.4876566,5598.05503263,13.54799999999793,-0.4876239759591272,-0.1364646848365324,-0.26419347235685536,-0.023328388339880917,1.3173017565336327,1.1225369516116717,-0.7770053640066417,0.8150616836823392,-0.03179809048589894
1791433667.5139892,5598.081372542,13.568999999997919,-0.45233174212430777,-0.11615880782796108,-0.27771786282593197,-0.012349993465191446,2.0058292359090424,0.8301260111528496,-0.5193297593335672,0.5897478625269357,-0.0373469289187729
1791433667.5410988,5598.108493231,13.589999999997907,-0.40308364372427036,-0.10172882203686487,-0.2898871077006312,0.01233369757679798,2.615576617664553,0.5617789516021563,-0.7003174256947045,1.48078273201591,0.0029258505535095275
1791433667.5693913,5598.136758867,13.610999999997896,-0.34345048573543285,-0.09205262903575129,-0.30511487229121526,0.025354350296565988,2.986586517210984,0.377735139595381,-0.563698608540384,0.33447990613726564,0.015314839607086569
1791433667.5950136,5598.162370416,13.631999999997884,-0.27897710939590525,-0.08600111283364566,-0.31103384454961674,0.0325077886207213,3.026145740765699,0.2278593901799734,-0.30105797063219386,0.21230843374843558,0.010715010947763715
1791433667.6203852,5598.187741217,13.652999999997872,-0.21848267730156937,-0.0838149161221623,-0.3196057693915812,0.04708523360667918,2.4908489873452604,0.023469762567097388,-0.5568094033426227,1.834841684599546,0.016068029684588998
1791433667.6466699,5598.214024678,13.67399999999786,-0.16735213216040354,-0.08350905935914259,-0.33079037627458174,0.08391648081731093,5.848612035803814,0.8207151540946028,-0.4852805187634918,1.4157141474431665,0.02501184405074334
1791433667.6715794,5598.238940302,13.69499999999785,-0.11776559549237224,-0.08018670711065908,-0.3423327546021673,0.12433664832956659,1.0099212233337858,0.12316435604817029,-0.5767937961703891,1.99108681475485,0.06120937106548418
1791433667.6972194,5598.264580312,13.715999999997837,-0.0722455132633271,-0.06823473073806527,-0.3558920836457121,0.1588876663689588,2.1226551058233047,0.8072883793711674,-0.6665456401270962,1.309439200396773,0.06772623490504086
1791433667.7221026,5598.289460927,13.736999999997826,-0.07130567242346902,-0.02124889256432945,-0.36963493801418795,0.18549352069581038,-1.1760654146849876,2.200145023776828,-0.3248623896055721,1.37909340864027,0.025951190718009814
1791433667.7473714,5598.314729988,13.757999999997814,-0.09517405583241709,0.015220103368465018,-0.39133476060969247,0.19707219322268485,-1.125742848972947,1.2867087143023885,-1.145659986633551,0.17411883140015946,-0.009700560431960763
1791433667.772752,5598.340109304,13.778999999997803,-0.1252770198452327,0.046538464842084286,-0.4144040464830873,0.19525082433542343,-1.7013126965053322,0.9561767844531787,-1.0184607081000068,-0.30519285913732075,-0.023450566572772554
1791433667.7998836,5598.367247932,13.799999999997791,-0.18247585174388262,0.0625758280970232,-0.4339906046806361,0.18548738120094355,-2.728885106912009,0.8117381414308872,-0.8231867854533341,-0.573163489419448,-0.013738760159159546
1791433667.8331006,5598.400710524,13.82099999999778,-0.2214216538219523,0.06499567919466433,-0.4491214651616836,0.17194095122953668,-1.2294406878737696,-0.4243569973504678,-0.5988863603459874,-0.6854053567554255,-0.019168262843327746
1791433667.858323,5598.425754389,13.841999999997768,-0.23729486757227408,0.054573649654744115,-0.4590815081061894,0.15690320041223527,-0.23890020492438838,-0.5087705675469073,-0.3408190893046427,-0.7190564896322431,-0.009768672096183284
1791433667.8835607,5598.450913378,13.862999999997756,-0.24398352630059947,0.043550231261016606,-0.4628307501192388,0.1415279535687734,-1.0157276709648573,-0.42600301186092526,-0.03606401641861329,-0.7406431680324889,0.017640782532011276
1791433667.912679,5598.480077482,13.883999999997744,-0.26707516287724453,0.037921697636703756,-0.45913502067678613,0.12615693733377725,-0.9783511159117438,-0.1594975284865412,0.32392447343912273,-0.7523044368802962,0.03221544592651828
1791433667.9455707,5598.512935962,13.904999999997733,-0.2836906605859682,0.03417953150640823,-0.4468944160907433,0.11014013452382476,-0.6911810572442184,-0.20707612284631657,0.7841059334825922,-0.797380959483057,0.018414159563690177
1791433667.9717352,5598.539108166,13.925999999997721,-0.29978485539949656,0.030425674320087477,-0.42519306235252297,0.09308959828549926,-0.9897885489037127,-0.09624544920704461,1.2706706265236138,-0.8557238246270383,0.008842719818523059
1791433667.9976172,5598.564985793,13.94699999999771,-0.3182833150957386,0.0286146926429208,-0.3937700359716023,0.07518767892780988,-0.4776275767452774,-0.1932171311194271,1.736168504672859,-0.8676898158458446,0.01673028281354707
1791433668.023352,5598.590712875,13.967999999997698,-0.32525335249571846,0.023089175637181894,-0.3528496247094185,0.05730053437742936,-0.20445409353162428,-0.27837051994023027,2.1495595969833814,-0.8364251975791083,0.03395005502459187
1791433668.050271,5598.617635337,13.988999999997686,-0.3263209431356735,0.012179197141412006,-0.30463076799247807,0.04059455821205065,0.05771813857950685,-1.1685796999666478,2.35408064057947,-0.7584234238675128,0.03325815848685359
1791433668.0772657,5598.644620439,14.009999999997675,-0.32545376163164386,-0.024533104854735206,-0.25682237455881074,0.02642808234313343,-0.0803022814033851,-2.0690751732845385,2.048967781999443,-0.593831347852835,0.026714753160358425
1791433668.1041105,5598.671483332,14.030999999997663,-0.33225707551292377,-0.07366163465379506,-0.22223489780880773,0.017000560757650152,-0.5696221639302063,-2.4558081361437663,1.0842213155988376,-0.31799098743424764,0.025670646831894368
1791433668.1315775,5598.698930244,14.051999999997651,-0.3462231223008732,-0.12414805534546912,-0.16813610177182295,-0.0006281624179572801,-0.6875237757716609,-2.63936132890678,1.0770659572476786,-1.2445902650149527,0.023898315179536594
1791433668.1619456,5598.729301425,14.07299999999764,-0.35728866233818896,-0.18168041069115495,-0.150677112922209,-0.017850098934296087,-0.37258628416708756,-2.5428351167009,2.1243526090004776,-1.4969381643196549,0.008745223343849388
1791433668.1862533,5598.753602271,14.093999999997628,-0.375051065856713,-0.2310203966679832,-0.10789765326816822,-0.044937087148134325,-1.2607084189606677,-2.0631345710118936,2.023998838573962,-0.46363296106632135,0.018673530861489217
1791433668.2126515,5598.780007023,14.114999999997616,-0.40685923778684724,-0.26450269713138963,-0.06745449496532495,-0.055933634404973794,-1.550626636797569,-1.2431372254152926,0.9288226651308646,-0.5519726596937092,0.007961551000827223
1791433668.2376194,5598.804981312,14.135999999997605,-0.4403604721550366,-0.2815599261394282,-0.08681860158750228,-0.06027643548416141,-1.5864129117259045,-0.4440682645925161,-1.5653073369426802,-0.012488614784260504,-0.012236521040912081
1791433668.2669244,5598.834290598,14.156999999997593,-0.4735750389352421,-0.2823226159054868,-0.11666575813571012,-0.056523976107086114,-1.4936699235347202,0.29643190678297665,-1.3845830485530797,0.31747183426713593,0.004739287743116448
1791433668.2939065,5598.861267162,14.177999999997581,-0.5024718037655462,-0.2694715241862721,-0.1616917192243429,-0.04923869827037589,-1.1949118068012143,0.8595894830782367,-3.583646392955248,0.1651389444697721,0.026038188920281365
1791433668.3228817,5598.890240036,14.19899999999757,-0.5234666554571829,-0.24671102107977186,-0.2288228876985526,-0.05692460157493554,-0.7871374840446671,1.2506057270975857,-2.5028077557144255,-0.35248535698314837,0.039879841899591595
1791433668.3480346,5598.915379606,14.219999999997558,-0.5346022222428087,-0.21769073737518826,-0.26934449339189903,-0.059348283460156644,-0.2616277329478202,1.4563947904575478,-1.3858444393629967,-0.0898560962591753,0.046831261266444095
1791433668.3767247,5598.944084253,14.240999999997547,-0.5334033267635263,-0.18644134911559587,-0.2852987847718416,-0.05961778270519213,0.36222395157421233,1.4656986386409965,-0.13772311189505226,0.13789989512871323,0.037970874595404325
1791433668.4014118,5598.968763548,14.261999999997535,-0.5174956115998293,-0.15722272268935006,-0.2868564335993476,-0.03673332219739205,1.1216327299865507,1.2854168440949258,-0.7479267514835122,2.0929038031614073,-0.017363490576161565
1791433668.4299269,5598.997288622,14.282999999997523,-0.4854204699765563,-0.13365803012067728,-0.30441600389690526,-0.018041607263149413,1.8908438493960766,0.944334438119396,-0.7613097538468315,0.44202594166070924,-0.07501148762706489
1791433668.455141,5599.022489548,14.303999999997512,-0.43843984487776766,-0.11665250613213105,-0.31697303953490574,0.0020957429073817715,2.5637871098262037,0.6594741657406249,-0.588917612003288,1.7791655463541496,-0.03242754821700134
1791433668.4799018,5599.047249808,14.3249999999975,-0.3794809679671186,-0.10509648129279735,-0.33197477040989615,0.03363875528729051,3.0576208448058586,0.46349268500069635,-0.8003657382778154,0.7482179885738822,-0.009271222917549742
1791433668.5051715,5599.072518719,14.345999999997488,-0.313128405833143,-0.09725735926650332,-0.3412844559042729,0.04876831158508284,3.2682441256431596,0.2834545484842868,-0.26705510485983025,0.5471632038938155,-0.0011363939482847718
1791433668.5299845,5599.097345633,14.366999999997477,-0.24722337871224118,-0.09321532225126862,-0.3489418940752283,0.06918311547714832,2.981833030176483,0.05824478571239366,-0.5060399299692134,2.2413327080503547,-0.00501020371890951
1791433668.5563464,5599.123714399,14.387999999997465,-0.1966422117468354,-0.09394270169150026,-0.356821001282778,0.10637403087417023,1.86303215947141,-0.14315916791721378,-0.31772438224611294,1.6957756779669726,0.00101922081508712
1791433668.5814235,5599.148785172,14.408999999997453,-0.1324193537208272,-0.08865665068433204,-0.3643272995206019,0.14765134858808915,0.785964092115987,-0.13822368027816884,-0.3568524300743098,1.9988026769488794,0.03825154837808717
1791433668.6095874,5599.176945984,14.429999999997442,-0.08871318475900924,-0.07948452189609699,-0.37308774079419926,0.18181988107510838,2.384172931512259,0.7124244815449514,-0.42938037202749074,1.1410206665326013,0.0555452614749857
1791433668.6345637,5599.201914972,14.45099999999743,-0.07321086538668033,-0.03818366565245195,-0.381424551145373,0.20299009177060462,-1.222373157178311,2.8190351282815915,0.21661263860219657,1.568603905580731,0.026514041444291443
1791433668.6618662,5599.229225139,14.471999999997418,-0.10382193569152398,0.0015627188375105362,-0.39418297100414523,0.2123453278906213,-1.4413081430540933,1.4441328440665981,-0.8805874698165753,-0.03405857703251648,-0.016322964563736258
1791433668.6863194,5599.253677222,14.492999999997407,-0.14011275317989857,0.04025069000906919,-0.4132288164274811,0.20547407730124564,-2.0726401701777446,2.2667019703677322,-0.8808704496403323,-0.5574068364663556,-0.03468694801613895
1791433668.7113168,5599.278669174,14.513999999997395,-0.1979132100125536,0.0598945892275469,-0.4311072206468598,0.19016370183813286,-3.290240572439907,0.9092176170006877,-0.7840701468490593,-0.8216933531442197,-0.02782394890987766
1791433668.7363412,5599.303691136,14.534999999997384,-0.25121576226323283,0.07004064916164425,-0.44622431264780466,0.17140206825876553,-1.845062269258651,-0.5531885723329539,-0.6266611622336667,-0.9055503389930479,-0.022051347659476004
1791433668.7610207,5599.328365511,14.555999999997372,-0.2726009827299869,0.05949618796974154,-0.45734935836438234,0.15220685032503534,-0.4850612025573317,-0.5559454003497701,-0.4094614679079042,-0.8923214683198489,-0.012636569977163056
1791433668.7861156,5599.353490824,14.57699999999736,-0.2757091677857937,0.04391957008527898,-0.46299304896675536,0.13400893366019037,-0.7475989566900494,-0.7406457590817197,-0.10822822548737474,-0.8245014067841734,0.011067931596210182
1791433668.8114135,5599.378776744,14.597999999997349,-0.2999670023063104,0.034473034168432656,-0.4614730264786388,0.11734461456840271,-1.1389648702053867,-0.24074171484844295,0.2667616410922302,-0.7572196920533683,0.03349074543613033
1791433668.842134,5599.409506007,14.618999999997337,-0.31829956643416796,0.029012004085977868,-0.4515892801543838,0.10176825856796559,-0.7451553621037573,-0.2987953900074926,0.6949612018160953,-0.7197113725246862,0.016442961471527445
1791433668.8671293,5599.434483729,14.639999999997325,-0.33429284406983706,0.023485604497364615,-0.4319130196245664,0.08651568640071398,-0.9374511643686742,-0.1905698317794354,1.1574622077251289,-0.7113011758534484,0.0005342561591606349
1791433668.8958142,5599.46318332,14.660999999997314,-0.35330275560209023,0.021109823885494865,-0.4018831644391392,0.07119686302730917,-0.4865245402803098,-0.1958967134148374,1.6407003288705504,-0.7190124248898206,0.006581463460794139
1791433668.9207377,5599.488097009,14.681999999997302,-0.36039371686458554,0.015552243801138772,-0.36151473039943727,0.05608818221564966,-0.1811806907509586,-0.35608351547340816,2.1476368062981486,-0.6709167684157556,0.03489657517279253
1791433668.946539,5599.513891675,14.70299999999729,-0.3592230182790244,-0.0034638006267667712,-0.3130909813182243,0.04230813723032106,0.183654923207025,-1.8358656447954267,2.481603436735491,-0.5448330131420971,0.03218911048799253
1791433668.9739227,5599.541278862,14.723999999997279,-0.3554221266240901,-0.05165198208802999,-0.26388956154288024,0.031339259772265246,0.09800804158187479,-2.5030084399690744,2.307779405138159,-0.37321098317794205,0.0265997926511907
1791433669.0068939,5599.574267871,14.744999999997267,-0.3587898956243508,-0.10831256728159176,-0.2264075420304941,0.025373390012048753,-0.42423091846666894,-2.6862039644738096,1.4413646263798037,-0.11455249176155172,0.016741454485683184
1791433669.031551,5599.598918897,14.765999999997256,-0.37241996198219757,-0.1659653158488412,-0.17252743970055928,0.01598222177086531,-0.6890804704651439,-2.7788984127536493,2.4933948509002093,-1.2425223267817131,0.00013869486839071816
1791433669.057853,5599.625259481,14.786999999997244,-0.3834846206859513,-0.2238133717117748,-0.15741555403817742,0.005929594299364081,-0.2914032797052774,-2.3687346303099788,1.9008190880838693,-0.8836548118336889,-0.031173864114884323
1791433669.083067,5599.650435653,14.807999999997232,-0.39428830696544953,-0.2685673429223261,-0.11329362124425431,-0.0185778343284995,-0.7435086930244047,-1.9492253544950324,1.636635367013681,-1.0284833611260549,-0.0300075492702373
1791433669.1139572,5599.681323622,14.82899999999722,-0.42179220813673035,-0.2946271956709163,-0.07639267679717958,-0.04103915173048718,-1.40882178106562,-0.8607667172213659,0.9307722320796071,-0.9879059234901763,-0.02722102363319065
1791433669.139102,5599.706449578,14.849999999997209,-0.4533277494649616,-0.30349617224740866,-0.10006945588010081,-0.053188360232830294,-1.5504266473677588,-0.07136415641478866,-1.8353074495137813,-0.3603562408251674,-0.037849624585204446
1791433669.1638145,5599.731158754,14.870999999997197,-0.48637074596406465,-0.29742983149926444,-0.1355799943838307,-0.056085046223856565,-1.5291223641720382,0.5765329759179103,-1.6642557736115264,0.0767925820180706,-0.02716438650536103
1791433669.1887486,5599.756097607,14.891999999997186,-0.5165350959186558,-0.2796545040569556,-0.1893164983870651,-0.05061080359956194,-1.2933006701655905,1.0495849042872278,-3.9534707922489387,0.14080244138968911,-0.005505731743526133
1791433669.2135813,5599.780930999,14.912999999997174,-0.5399343627828712,-0.2537759881555231,-0.25657624200098567,-0.05704144060002033,-0.9095530471546499,1.360141802662842,-2.245168338513732,-0.25467584984072505,0.0014639467109725333
1791433669.2409189,5599.808270666,14.933999999997162,-0.5539475927980153,-0.22295621463361656,-0.2936132674201649,-0.05892030039814321,-0.39946111220778213,1.513295170460843,-1.18399201534629,-0.19069518997338494,0.0018289801674842199
1791433669.2729068,5599.840257959,14.95499999999715,-0.555750963597846,-0.19079313039872253,-0.3037541904643345,-0.059775488636706044,0.23355182363871063,1.4855745198517696,0.15178998732628313,0.14308798724586003,-0.011419786421986393
1791433669.3009121,5599.868262437,14.97599999999714,-0.542598395130072,-0.16129430674081133,-0.3156009800515817,-0.03693286783760847,1.0005596519467552,1.2711868864026912,-1.1141521989203715,0.5675958472489594,-0.08715273299506836
1791433669.327911,5599.895262955,14.996999999997128,-0.5130436332235155,-0.13781006804492874,-0.33666940812692364,-0.031121452116055222,1.7629864582162185,0.9832047266414738,-0.8400782504487015,0.47204929645731086,-0.09972729746711717
1791433669.3599348,5599.927293514,15.017999999997116,-0.46780755073913705,-0.12078663579880755,-0.3512441805277216,-0.014150691075481236,2.477926739206975,0.6758738450197168,-0.7434582529977897,1.2949097291016871,-0.06524262200709993
1791433669.3870823,5599.954445218,15.038999999997104,-0.4086100137761744,-0.10919016536554352,-0.36911683092679715,0.005271014312231103,3.0773982605172927,0.44337849509942806,-0.8223672569340709,0.3795945383319445,-0.04529307281260585
1791433669.412033,5599.979409847,15.059999999997093,-0.3389578812475177,-0.10192516075802649,-0.3745045930947132,0.016169772333846873,3.452270393893705,0.26717764453863824,-0.05219245743840817,0.3219073785353804,-0.050411505424910984
1791433669.4413424,5600.00870425,15.080999999997081,-0.2673537428452128,-0.09920808402029394,-0.38159246669808183,0.04953450436408795,3.264276861699271,0.023966304684471838,-0.3514660250878346,2.3490303466795215,-0.062255947420861366
1791433669.4663203,5600.033856733,15.10199999999707,-0.2088299901019722,-0.10216366752567196,-0.3843032197884679,0.0914522145995845,2.275136435641594,-0.24860059905544152,-0.19560391823985224,2.4666193692752354,-0.047249074943653435
1791433669.4909213,5600.05827035,15.122999999997058,-0.1379051203876486,-0.09967225863337104,-0.39201023430526744,0.14297637145815226,0.5426123468957812,-0.2106330453896468,-0.42949052478305383,2.3645699724069136,-0.007551936035201196
1791433669.5161192,5600.083472449,15.143999999997046,-0.09869238031272855,-0.09440741679453467,-0.40098048773115386,0.1872797077972899,2.6149245478180085,0.5358523115146454,-0.3563323149125453,1.695415394339678,0.009358282281002491
1791433669.5409741,5600.108324848,15.164999999997034,-0.06318379836018467,-0.06916788787387591,-0.40441592101160545,0.2148785399452673,0.07242076504990319,3.2038159834479973,-0.179391596654814,1.1347395416981716,0.0025755213510748913
1791433669.5698786,5600.137243199,15.185999999997023,-0.09280187477724518,-0.013767801198144896,-0.41184319502898115,0.23143980982741358,-1.7696326847773263,1.8526401965282553,-0.7545869241337998,0.1829919733076349,-0.04342467189467626
1791433669.5946848,5600.162035852,15.206999999997011,-0.13047606772941142,0.02439402037976129,-0.4289699450573765,0.226903957140428,-2.2378612891707608,2.5463071615778445,-0.8819093813975393,-0.5262455920599011,-0.06397387630302541
1791433669.6198132,5600.187171263,15.227999999997,-0.1851921257306145,0.0618104454064279,-0.44673625322731536,0.21044017907527776,-3.515527411248242,0.6683471128431525,-0.829738505834982,-0.9554968275884439,-0.0630033664844912
1791433669.6446936,5600.212044014,15.248999999996988,-0.2583619706031629,0.08226368431113362,-0.4626690255082645,0.188155670455196,-2.780089402178624,0.4127529356872267,-0.7027902120287871,-1.1297901506309438,-0.05096789284472694
1791433669.6749423,5600.242302157,15.269999999996976,-0.2959882439490716,0.07704786459362142,-0.47500849870638173,0.1640814404692727,-1.152891711777415,-0.6099452866098952,-0.47134172633877225,-1.141281987401467,-0.04945029830042341
1791433669.6998227,5600.267182884,15.290999999996965,-0.3051303937837004,0.05980800296710236,-0.48166892981966397,0.14068143443189587,0.32368709949667085,-1.0632909461041735,-0.15152869132959265,-1.0701071593839797,-0.03329744906890396
1791433669.7257133,5600.293070423,15.311999999996953,-0.317896896939507,0.02690075507953731,-0.4803242290862572,0.11929482560041893,-1.2181991243373451,-0.6268337537866071,0.2896557632710478,-0.9539185464300642,0.02174126205055132
1791433669.7529886,5600.320340996,15.332999999996941,-0.3406011107305582,0.01902003694381602,-0.469261523176398,0.10045010360688349,-0.8643831345902535,-0.5571477915715504,0.7837917827941532,-0.8531716972757213,0.015388735242821793
1791433669.7811654,5600.348520983,15.35399999999693,-0.3565288205342505,0.007442444016932691,-0.4472072768973167,0.08330693680144055,-0.7254872246049494,-0.38944209284341397,1.30816327866892,-0.7853546611965532,-0.022344581259294605
1791433669.8112397,5600.378591142,15.374999999996918,-0.3739186409177303,0.003928685997124303,-0.4141647352248123,0.06680588522450931,-0.9029227090696355,0.03749160107628359,1.7969098551240839,-0.7561950336824774,-0.0220735489396085
1791433669.8381956,5600.405550055,15.395999999996906,-0.3820709164363742,0.0021803209977232607,-0.3711835571102557,0.051048863848887696,-0.12456459637261345,-0.32637770286520756,2.2480278019119018,-0.7164361954056977,0.001568846172141007
1791433669.869406,5600.436776908,15.416999999996895,-0.38296321309982334,-0.012891924505355944,-0.3205999738770744,0.03723704122542407,0.11552001661083616,-1.698101370497788,2.4824796384497576,-0.6066859079464771,0.01583548535667857
1791433669.8946636,5600.462022176,15.437999999996883,-0.3774316552739967,-0.06351828928174313,-0.26979257049020533,0.027637798149077037,0.4808479733202571,-2.224739885596894,2.207583221080346,-0.371068748803915,0.009141535499240233
1791433669.9196389,5600.486988197,15.458999999996871,-0.37492617857185934,-0.1260264696339527,-0.231358815464454,0.02454505906617101,-0.14894338351025094,-3.153375353376822,1.313649234186316,0.0095765977556387,-0.02385358557454509
1791433669.9445653,5600.51191135,15.47999999999686,-0.38554197908783594,-0.18920437004309043,-0.1945938896308437,0.023785834417468572,-0.7454716513432587,-2.8278281233897924,6.269655510118402,0.5360876112478083,-0.04843616285729838
1791433669.9811366,5600.548508967,15.500999999996848,-0.39737699814586097,-0.24290583704531185,-0.1704760542726707,0.020024234810327134,-0.32515579849405696,-2.324249688110921,0.3855522223746773,-0.06076984017473715,-0.09583656478381104
1791433670.008327,5600.575704335,15.521999999996837,-0.4008647986381729,-0.2808787309164677,-0.12841430787003968,0.005754060527138662,-0.17273682883164723,-1.8843884260908952,1.8564240118773434,-0.8852484677020478,-0.09933549052004682
1791433670.0333266,5600.60069578,15.542999999996825,-0.4230982551012148,-0.3007069528482233,-0.09043591310881335,-0.00845225863875495,-1.2978012308288873,-0.5246273705701677,2.0301662212367715,-0.7774510877558831,-0.10356932370333789
1791433670.0595217,5600.626894105,15.563999999996813,-0.4518259159282327,-0.30424347142801184,-0.11016183279420197,-0.04649860543479863,-1.5246122296768914,0.16133825036143035,-2.040560089418466,-0.37926090109609895,-0.05998177255215617
1791433670.0849142,5600.652280638,15.584999999996802,-0.48389030131871363,-0.29558005902214324,-0.15064102095160833,-0.04999111357792561,-1.6073024732098078,0.6460353606011809,-1.8195578318315293,-0.17638965913287352,-0.060233355098510244
1791433670.1116319,5600.678999852,15.60599999999679,-0.5151892479118408,-0.2782002487158693,-0.20376866131695134,-0.051835299740809616,-1.4391105329500018,0.9894129047848348,-4.218831353421987,0.01112806364580829,-0.043950218891286655
1791433670.1372838,5600.70465303,15.626999999996778,-0.5417258686836905,-0.25510715168428527,-0.2843808392132473,-0.054332918179959236,-1.1300780448368926,1.2033254579984658,-2.5288390698159953,-0.13233863381628383,-0.035716932129225394
1791433670.165911,5600.733287815,15.647999999996767,-0.5603799131322786,-0.22849733463089855,-0.3264896007092338,-0.05420880169650952,-0.6762672066721516,1.314715412108301,-1.4717067868938363,-0.026801083441917367,-0.03570626051279767
1791433670.1963048,5600.763682447,15.668999999996755,-0.5683026604100608,-0.20082406830795893,-0.3397985484217166,-0.05407468752563524,-0.09164931302983953,1.295437903384527,0.13145309317557585,0.06173352126196224,-0.05538757382867461
1791433670.2222855,5600.789646182,15.689999999996743,-0.5625547646669218,-0.1750141517067811,-0.342407900449208,-0.041905652758868886,0.6301617647527498,1.1299120548248964,-1.0620405271179556,0.47222445366485444,-0.11030526892873556
1791433670.2510495,5600.818404405,15.710999999996732,-0.5409227198963673,-0.15432313104707948,-0.3668946781898854,-0.03855662546051815,1.3936951426731814,0.8632588176733573,-0.9825420991959267,0.22491626927572445,-0.1450455863116728
1791433670.2765625,5600.84392395,15.73199999999672,-0.5033745075381895,-0.13942351469470943,-0.3832896387932497,-0.027504998168301365,2.144560330669869,0.5723045315746447,-0.6679099441919242,0.6269222421672009,-0.11649347721810481
1791433670.30445,5600.871818883,15.752999999996709,-0.4502937103792036,-0.12989065322603036,-0.40203454252068666,-0.0059324962917720655,2.84304129270983,0.3503490917697055,-0.9911982643276452,0.7173918878261647,-0.09684427461749266
1791433670.332628,5600.900006926,15.773999999996697,-0.38376563647684014,-0.12434290370928308,-0.41272010293747535,0.0073355542898092905,3.4078624316292583,0.20739922022925628,-0.256623971711251,0.4249819099508288,-0.09136068319977844
1791433670.3594651,5600.926827774,15.794999999996685,-0.3095925097500632,-0.12198552987519637,-0.4194599006167443,0.04278527756217822,3.4647636868258176,0.04138161470542019,-0.29509611165586774,2.7396890571126895,-0.10598130913515812
1791433670.384967,5600.952326583,15.815999999996674,-0.24210677481546802,-0.1235928512914151,-0.4181183481927652,0.08896229320134638,2.704987179814194,-0.12873920668908478,0.12630697430716178,2.648539285819281,-0.10542763324490906
1791433670.4110553,5600.978424739,15.836999999996662,-0.1651874941277012,-0.1234419833338619,-0.41968250420948655,0.14693171730604407,-1.9307688853475806,-1.1786544160761216,-0.2808397037158782,2.7494517553577356,-0.07338591318977744
1791433670.4430711,5601.010675651,15.85799999999665,-0.12750596468179365,-0.11631135701926433,-0.42528206488430387,0.1972190287419426,1.7259772493550354,0.6209129026608173,-0.1584973797840044,2.068232332590098,-0.03994585986305573
1791433670.4720516,5601.039409425,15.878999999996639,-0.08033906502666159,-0.09749905956956897,-0.42238533237313375,0.2294733645016324,2.1889151366167168,1.2033323332243682,0.14367139733286965,1.327941119993999,-0.037995759864214704
1791433670.4996579,5601.067012159,15.899999999996627,-0.07593648779418914,-0.03721758467743618,-0.4231115873332839,0.2501285573171144,-1.8270928794352512,3.1170706821939267,-0.4884575210774715,0.30722127712789143,-0.075428028968512
1791433670.530209,5601.097626355,15.920999999996615,-0.11781501518400767,0.009804925029979617,-0.436616224357059,0.2470133922325875,-1.9047033470509473,1.905202149403981,-0.7664192430473145,-0.5630858139911785,-0.09481834774701677
1791433670.55714,5601.124525095,15.941999999996604,-0.16906746668463202,0.06155360327901616,-0.4542357079426759,0.22860446086686817,-2.6702167183211487,2.0703984318842523,-0.8857985436513524,-1.1616323516693479,-0.09446645689177204
1791433670.5874176,5601.154788554,15.962999999996592,-0.24958050971556836,0.08571512474159883,-0.47196581547523003,0.20185545356872245,-4.1386880978376706,1.5306263996803389,-0.8314467144030281,-1.4080245019321256,-0.07865016258629126
1791433670.6123276,5601.179703567,15.98399999999658,-0.3151010911449547,0.09867544208892763,-0.4868625101961249,0.17262101328147042,-2.1426967856772916,-0.060736246540683395,-0.6341717098141306,-1.415474935422044,-0.07960070348072909
1791433670.6373081,5601.204660326,16.004999999996578,-0.34341160253554237,0.088681834779496,-0.49616910418435817,0.14461315496381466,-0.5802404715437869,-0.6973631907732233,-0.29040806546035397,-1.2992569086912302,-0.0670613790308257
1791433670.6674445,5601.234810073,16.024999999996602,-0.3402053972292164,0.06489104376489035,-0.49747066584260374,0.12090503857694593,0.17991677002110526,-2.4370958664833777,0.1266628868448204,-1.13422285429866,-0.047988854063386155
1791433670.6906152,5601.257980766,16.044999999996627,-0.3571827239473694,0.026547646051432956,-0.4894408220298613,0.10092250607571689,-1.175395947166739,-0.61909074920838,0.6359521652996706,-0.9031154274404578,0.02071977555999503
1791433670.7174962,5601.284855802,16.06499999999665,-0.3762392783582547,0.010151698275070597,-0.47029302229209813,0.08471025820789797,-0.7293107942742695,-1.3341600254155408,1.1983137930939876,-0.7321951393659665,-0.012401932991125696
1791433670.7416563,5601.309013647,16.084999999996676,-0.389558096464901,-0.011677646959245752,-0.4397787053491813,0.07138316468052391,-0.7517033319605883,-0.7448685826828949,1.7893207422718322,-0.667412156779073,-0.048671308745058046
1791433670.765515,5601.332870603,16.1049999999967,-0.40769678213266186,-0.016357560306260125,-0.39969005212679026,0.059576671354507706,0.009915264215392239,-0.43001803549537565,2.2243430954386767,-0.5937359754480743,-0.0741018336675493
1791433670.7897987,5601.357154609,16.124999999996724,-0.40659628092015015,-0.02377748645603757,-0.35209290378872515,0.049064793909670466,0.022306811704106606,-0.17662372770907936,2.5307775053582047,-0.47165865681562325,-0.028867363247267734
1791433670.8144453,5601.381833693,16.14499999999675,-0.4039372393333808,-0.04463782823927721,-0.3012257599410722,0.04121825559338932,0.14459055379692254,-2.769403963722552,2.5911889345788715,-0.23506024220371227,-0.018414422790514355
1791433670.8390377,5601.406389146,16.164999999996773,-0.39390448421495644,-0.09068464429390573,-0.25606426503021623,0.037758645472040886,0.5573042084751905,-2.6682258813356623,2.0668936293407874,0.0048561281278166595,-0.0348422455158018
1791433670.8636672,5601.431018963,16.184999999996798,-0.3865829090434981,-0.14917714516184155,-0.22843131325192004,0.04038319061639068,0.06254957788033087,-2.9641574320066923,0.9117249655620658,0.3284764480952891,-0.07081165782278083
1791433670.8881314,5601.455478357,16.204999999996822,-0.3915546550310997,-0.20143735210344965,-0.18127011883417787,0.04005475337819515,-0.3032021109554086,-2.185910076783636,2.3511987248229502,-0.8017339466250085,-0.10674917136006633
1791433670.914422,5601.481771371,16.224999999996847,-0.3916560900205393,-0.24161618064853696,-0.17567029685846455,0.03914189297049734,0.4739649499423493,-1.3405636310564304,1.403676356993385,-0.17119701147561012,-0.1454688325053656
1791433670.9381697,5601.505519706,16.24499999999687,-0.3883349911089242,-0.27456975041137355,-0.13489283398101193,0.024124995384210837,-0.49398021263684727,-1.151630247228262,1.6457506893134484,-0.6860989742668606,-0.1288446977402944
1791433670.962765,5601.530120754,16.264999999996895,-0.4025432072034168,-0.28984194673861485,-0.09943543230853154,0.01260165402485519,-0.924102577946621,-0.48174606585982915,1.4757279911214205,-1.5129018434558077,-0.13592351147518783
1791433670.9866152,5601.55396607,16.28499999999692,-0.4231211485103911,-0.2935528791071665,-0.1240397957201889,-0.02997036976695191,-1.2532180373825437,0.07906487839325077,-2.2327138763746857,-0.5308568270693887,-0.07764581791074765
1791433671.0102866,5601.577661044,16.304999999996944,-0.449293486485526,-0.28778565963042585,-0.16774226966649822,-0.036962261166630254,-1.4443249241633578,0.4811815139174881,-2.1085329123305407,-0.5622174280524541,-0.07366360361163646
1791433671.0341613,5601.601510801,16.32499999999697,-0.4774966307548722,-0.2749576055437398,-0.21954605918766615,-0.05114948897376858,-1.4373194726317353,0.7829608326173239,-3.88054537205349,-0.35961372621223736,-0.05518907248063436
1791433671.0578012,5601.625152168,16.344999999996993,-0.5042755385006095,-0.2573636751813719,-0.30326747462337045,-0.058436969241327026,-1.2944574925903065,0.9889877558220543,-3.065314300986433,-0.5090902220574631,-0.055479216323551406
1791433671.0823364,5601.65041373,16.364999999997018,-0.526722786079601,-0.2367229538558821,-0.3492215263864307,-0.06328841115646164,-1.007657635145642,1.1088981029526737,-1.8227385785573536,-0.032647762488497885,-0.059392732225646276
1791433671.1068373,5601.674213196,16.384999999997042,-0.5421007473458537,-0.21490060419767357,-0.3685613859348305,-0.0617596439447818,-0.5715659552295999,1.1282603226496177,-0.2005272942862004,0.2424880789481908,-0.08196344263396126
1791433671.1313517,5601.698709911,16.404999999997067,-0.5474405606540834,-0.19373437460884088,-0.3688150124017631,-0.05432123610970261,0.03803374843719797,1.0162236996356055,-0.9193355122613439,0.390457759102548,-0.12616407084659062
1791433671.1553023,5601.722656488,16.42499999999709,-0.5398797275145113,-0.17564535235773182,-0.3951484435565747,-0.04863259244752504,0.7179007389122999,0.8049461821451469,-1.2526370125007997,0.27456997728003035,-0.16443084665046673
1791433671.1797478,5601.747121792,16.444999999997115,-0.5181935547574656,-0.16157344159589504,-0.414031018534994,-0.039531684386358894,1.4410764840740418,0.593905435773569,-0.73897001517977,0.5886902466779532,-0.1484737685629367
1791433671.2089424,5601.776329429,16.46499999999714,-0.4819312487648807,-0.1518849575866399,-0.4301133405001033,-0.019258156847729815,2.2048702357781758,0.4062601297397583,-0.9818582378186418,1.5109351120499315,-0.12949509593741143
1791433671.234596,5601.801992551,16.484999999997164,-0.4313590349343413,-0.14563764874067497,-0.44730189368650614,0.0015691007565398895,2.8573181359514708,0.2471193050104572,-0.5980286262891743,0.9250619614218828,-0.12186669523850364
1791433671.2592936,5601.826689782,16.50499999999719,-0.3691364589085914,-0.14145316631018787,-0.44836864606965066,0.03431886869251512,3.3297133847637657,0.12835627205417505,-0.3492547507948609,2.7574312026080454,-0.1309055570057409
1791433671.285861,5601.853242809,16.524999999997213,-0.3046231666297469,-0.13959735221242192,-0.4494347428937063,0.08680776053624814,3.200752097554009,-0.011695324981399231,0.24705022786439823,2.597386808739473,-0.1462164867440193
1791433671.3116627,5601.879031529,16.544999999997238,-0.24986912215159882,-0.13809645080016536,-0.44294836995177367,0.14626316032029427,4.415200412679199,0.9325095739072731,0.19761753825574183,3.1710790480652005,-0.1284096604259807
1791433671.3363194,5601.903677902,16.564999999997262,-0.18068011614374727,-0.12902621641830617,-0.4421747004244327,0.20191773307244815,2.136410854501105,0.48411249710953497,0.019309164685280454,2.2813960886279814,-0.07766197695744513
1791433671.3600883,5601.927438864,16.584999999997287,-0.14121786605382747,-0.113851910806509,-0.43831435252263073,0.23923932520955576,2.851998269105993,0.9104318975935588,0.5313696647697268,1.399879636877054,-0.060588766928684895
1791433671.3919017,5601.959275459,16.60499999999731,-0.09093397648862821,-0.08441988018979558,-0.42289827809815567,0.2668732431684032,1.886284324492575,1.4569989866362374,0.20971903400268366,0.7789428110605278,-0.07595280852102976
1791433671.4174016,5601.984761559,16.624999999997335,-0.10809053562936229,-0.012761565423342235,-0.4246507323922756,0.2713400307599454,-2.198106533052556,2.501278678556537,-0.31200389113991395,-0.22328036870076887,-0.10496126318083596
1791433671.4412842,5602.008640606,16.64499999999736,-0.14966269791641115,0.034312465689133126,-0.43472071269860146,0.25747212429226346,-2.096793582434263,1.7680952503761502,-0.72642898241704,-1.0732668313162697,-0.10947918251313751
1791433671.4656613,5602.033013552,16.664999999997384,-0.20464304808015735,0.08005233648337604,-0.45055818724274616,0.22967236200627536,-2.8826831313086285,1.1714390215066408,-0.9207374740878599,-1.6248335151090267,-0.10543016411542284
1791433671.490009,5602.057358755,16.68499999999741,-0.28979923918892575,0.10253602219638451,-0.46819531966736544,0.19517009989572828,-4.320853888145547,1.2319706877987302,-0.9083315005332478,-1.829247597713908,-0.08678320847515375
1791433671.5146365,5602.08199285,16.704999999997433,-0.35106783131357816,0.10834901432679837,-0.48417147926266885,0.15946077371144032,-1.9758502413407149,-0.30779561882532286,-0.7391968073131923,-1.784877825714874,-0.08830500479198498
1791433671.5394742,5602.106838198,16.724999999997458,-0.37451879372976205,0.09430373089985437,-0.49510371578173346,0.12624387217455763,-0.33748139050836257,-0.9072168452975662,-0.39352932524608764,-1.5946649430548134,-0.0702262600608014
1791433671.5640852,5602.131463028,16.744999999997482,-0.3743964170964734,0.05480193732273034,-0.49821844915649977,0.09750578776726894,-0.7336371547395291,-3.1327373296933474,0.06891087076396259,-1.3130926960669147,-0.03304812213318322
1791433671.5889084,5602.15630002,16.764999999997507,-0.39747219592250216,0.027745424276845072,-0.49102149416301116,0.07470861020807953,-1.09745907775168,-0.6913512571724755,0.5973839272438692,-0.9974674439261252,0.024144509088072388
1791433671.6139286,5602.181286331,16.78499999999753,-0.41471157762702326,-0.007831473950258941,-0.47221423539258284,0.05764871912557469,-0.6516380991713926,-2.170775269411531,1.20468623980099,-0.7212905856286759,-0.026672179197228293
1791433671.6378171,5602.205188198,16.804999999997555,-0.4257398750874965,-0.03466289548051733,-0.44188366225258147,0.04488690688698816,-0.6935079392954253,-1.5964420372486323,1.7727781958641053,-0.6091491666089124,-0.0539440393565333
1791433671.6617477,5602.229106185,16.82499999999758,-0.43809019375810077,-0.058823573473913114,-0.4020961812201992,0.035067640724364184,0.2626072709188836,-1.2496197337194337,2.197456989679507,-0.46950384768523035,-0.05258856424307626
1791433671.687711,5602.255075465,16.844999999997604,-0.43580075176033983,-0.07612292146238223,-0.3552063580231561,0.028195047413158553,0.1458174469164234,-1.8430086881541003,2.486859155352017,-0.24418533670433398,-0.030827260444719916
1791433671.711544,5602.278899079,16.86499999999763,-0.42730587830448324,-0.12060579236060714,-0.30604037786544863,0.025826468823690683,0.7596162853314502,-1.6353307498150342,2.4754733305848338,0.048668758488235875,-0.019934073329878073
1791433671.7367089,5602.304067887,16.884999999997653,-0.41209279132380927,-0.16606298523169255,-0.26417304609384973,0.02847715839226857,0.6540564389135715,-2.6091428960952645,1.8744014674653318,0.3157119158316562,-0.04868450508410634
1791433671.7607946,5602.328146903,16.904999999997678,-0.4057840328513798,-0.21291172693487792,-0.24067133280057854,0.03731158032717041,-0.045421138194861765,-1.995915204145971,0.6958496741651609,0.6415716121778412,-0.08440553758589957
1791433671.7866933,5602.354057164,16.924999999997702,-0.4098820708874708,-0.2423273305764503,-0.18860754990756345,0.03745929989941717,-0.0002805132131891222,-0.8950700587383645,0.9733382594859712,-0.11742845675946675,-0.12019436695331104
1791433671.8104634,5602.377811588,16.944999999997727,-0.3983595592187915,-0.2600482956518023,-0.17781155436207424,0.03983213415186348,1.3525419916303223,-1.7000371634224543,2.170636971520422,-0.333094728813803,-0.13396030242494655
1791433671.8349483,5602.402297851,16.96499999999775,-0.3957607576627502,-0.2696270782624632,-0.13020002397544772,0.025702220793791322,-0.24255165495853007,-0.08852774427058047,1.9451960905532488,-0.591849892890842,-0.10469465239039995
1791433671.858737,5602.426084751,16.984999999997775,-0.40544166045396596,-0.26645501123656057,-0.09732912841331647,0.002912725745451392,-0.8047990134631959,0.374476752787515,-0.3517055953002459,-3.683187906309859,-0.09584319317784683
1791433671.8862395,5602.453610575,17.0049999999978,-0.4241376861940466,-0.25631165900099584,-0.13890354334010102,-0.02868162500973413,-1.19512465511303,0.6229506386540821,-2.545939685053845,-0.2947951777663041,-0.0528125806325255
1791433671.9168346,5602.484201402,17.024999999997824,-0.45015319446466945,-0.2419247504221068,-0.18806243693171174,-0.04079346295238982,-1.5001343546539183,0.7976306948339855,-2.5124729893711235,-0.7900373926912027,-0.04172419720510136
1791433671.9408143,5602.508178905,17.04499999999785,-0.47991581695878394,-0.22493253320656695,-0.26294585460103326,-0.0645619679050184,-1.54577596726755,0.9179485899741832,-5.125130038808095,-1.0996284909306768,-0.00413525873370737
1791433671.9652624,5602.532612464,17.064999999997873,-0.509564862553261,-0.20662874924271535,-0.3417967726596683,-0.07614500310151916,-1.46270512756804,0.965775908530573,-2.8122978067740703,-0.970036993630711,-0.0038839404220730985
1791433671.98904,5602.556390051,17.084999999997898,-0.5355079285149038,-0.18812825751758191,-0.38531096652365016,-0.08562719556820404,-1.1790319945878365,0.9411843144845642,-1.3642798162267575,-0.2002421868746178,-0.021629306589252523
1791433672.0133128,5602.580675525,17.104999999997922,-0.5544057907443147,-0.17061337347125197,-0.39523770264375563,-0.07849589746859988,-0.7176127936446339,0.8794026502669378,-0.1812022302653008,1.5068392467885978,-0.04718236173498485
1791433672.0375836,5602.604934271,17.124999999997947,-0.5625858033443873,-0.15516459372621888,-0.4210204125579373,-0.05079414538841544,-0.09354695260458985,0.7063079548591173,-1.648703064182315,0.38474140728006145,-0.13352128058458015
1791433672.062117,5602.629471457,17.14499999999797,-0.5580070686706043,-0.14221498112337827,-0.4492607845857367,-0.0389228939314267,0.5509414974240217,0.5743595269978591,-1.1706634980230184,1.2613801079571352,-0.11854708066443306
1791433672.0870433,5602.654434624,17.164999999997995,-0.5389798666606941,-0.1321128301770077,-0.47008262727774663,-0.01105220607414826,1.3381668777994915,0.4627298216407456,-0.9878055887890503,1.019245690387968,-0.10064072313528546
1791433672.111022,5602.678382224,17.18499999999802,-0.5046059528295985,-0.12473648205048296,-0.4938461043695733,0.01587193785673275,2.1376883321333593,0.3378995099642407,-1.1699602553388686,0.6267613220053054,-0.07828719855632901
1791433672.1349916,5602.702352315,17.204999999998044,-0.45473520988736493,-0.11939079017606512,-0.5026115590914677,0.03412038050060271,2.8394430019128634,0.2213015884171551,-0.3611273200509093,0.9268962191323117,-0.08299140859944994
1791433672.1590285,5602.726379994,17.22499999999807,-0.393081571873854,-0.11588961718762546,-0.507876559161262,0.07635586571389345,3.291620031574957,0.06633812310624748,-0.07363589683913718,3.059478084141543,-0.09841752608143226
1791433672.1839304,5602.751288092,17.244999999998093,-0.3305568234147683,-0.11491469819146544,-0.49832144694532826,0.12243487268209041,3.0987806232443953,-0.06080467123729633,0.6550991801939168,2.7606713771073497,-0.08930326209233924
1791433672.2108796,5602.778230268,17.264999999998118,-0.26760569297100756,-0.11240217750552657,-0.48540761099683144,0.18044056659598254,7.57700969390396,1.1819917202284924,0.49012937472407986,2.8586802362902346,-0.06749633267805408
1791433672.23608,5602.803455231,17.284999999998142,-0.21182691906393392,-0.1069624126993174,-0.47720080102585044,0.22820843029159693,3.29915390927277,0.5897232462381119,0.4845522388312726,1.8129840369637005,-0.02136763930273417
1791433672.2640626,5602.831420678,17.304999999998167,-0.15884748099198934,-0.09195270767494569,-0.4604010845542143,0.2589047015093258,2.2638489241510036,0.9445704286638916,1.4191505267157958,1.0288791293834811,-0.00995515658951824
1791433672.2891955,5602.856552243,17.32499999999819,-0.11241211889589753,-0.0664457089012545,-0.43403837053989763,0.2817374305693807,2.474793203768572,1.4465714341318099,0.7117528868713563,0.4633103989903793,-0.03744047669488498
1791433672.3139434,5602.881311678,17.344999999998215,-0.12993206737678148,0.0026902807582190697,-0.42696878636051183,0.28001125949618144,-2.550719890252314,2.0787993165004766,0.035227854018926114,-0.5399272757288888,-0.07786118252546445
1791433672.3385735,5602.905945223,17.36499999999824,-0.1809834412994827,0.03331564500996425,-0.4316106097225652,0.2599427107121301,-2.448268097035755,1.5665292950112195,-0.5436018308921374,-1.36929630052519,-0.0695494003251813
1791433672.363957,5602.931321905,17.384999999998264,-0.2412768273762929,0.07487592022554802,-0.4446281267222361,0.22692750267652909,-3.8601373514780777,1.502677991790532,-0.833170315909757,-1.8578955601733442,-0.07117682934861401
1791433672.3938138,5602.961198243,17.40499999999829,-0.33470148107919384,0.08866897291850813,-0.461712222841508,0.18878087623967035,-3.8484146391381318,1.031068933522633,-0.9325549376152314,-1.9785093654839332,-0.052031882348655606
1791433672.4202616,5602.987632809,17.424999999998313,-0.39054427955705545,0.09226960910702753,-0.47894052816447324,0.1509448113322067,-1.8542686682687646,-0.34542507938033884,-0.8343934200460486,-1.8496526626239935,-0.036011627354130334
1791433672.4443135,5603.011670115,17.444999999998338,-0.4082234066189285,0.07422947262897385,-0.4924931181282358,0.11720023630810773,0.14384949023361837,-1.2831681679044635,-0.5477358640543051,-1.5835320929080718,-0.006257281258980425
1791433672.4688113,5603.036163079,17.464999999998362,-0.4042639364955391,0.04997966678697972,-0.49909130222760334,0.08954044038602293,-1.0345788706151826,-0.7807553199914122,-0.12045672681212284,-1.22235370630947,0.038251122117693166
1791433672.4944203,5603.061775486,17.484999999998386,-0.43078856806939886,0.03296714719633108,-0.4959053661107205,0.06915291556866791,-1.1011665544478877,-1.0252401893482965,0.38287289796862245,-0.8444424658529546,0.047149425051445114
1791433672.5213134,5603.088670536,17.50499999999841,-0.4458395076967034,0.009097702215004182,-0.48102389377300847,0.0560029308562805,-0.5738155587934728,-1.1791763481210078,1.0291847538317795,-0.5103630501328235,0.01767272133842349
1791433672.5458026,5603.113156241,17.524999999998435,-0.4586159403237487,-0.012199384931731201,-0.4544418539877675,0.048753808173305026,-0.8787719310617523,-1.7039484268714182,1.6104414363127362,-0.2937839750750802,-0.0014634857654921762
1791433672.570215,5603.137573909,17.54499999999846,-0.4696281177239847,-0.03753052230133088,-0.4176322495218808,0.045699459480643446,-0.07072029445727016,-0.921112015693717,2.070472312153619,-0.1378531857945127,-1.8592901824199147e-05
1791433672.6033072,5603.170677819,17.564999999998484,-0.46521888141310447,-0.06688394543843816,-0.3721660272064921,0.046095795124677076,0.08126276885335403,-2.8407199132284275,2.456339085987766,0.12891467378452015,0.028024667514514278
1791433672.627533,5603.19489089,17.58499999999851,-0.45485150368986293,-0.11907958626223585,-0.3234192912283197,0.05018022112091006,0.9458880482130259,-2.5030072615583796,2.4802681831441786,0.3303994718390415,0.04230856454269893
1791433672.6515574,5603.218916728,17.604999999998533,-0.4342149297553833,-0.17791356396930097,-0.28162923337049356,0.056724833592349144,0.8713216927548239,-3.140205190316755,1.9011533326549441,0.4396942255494277,0.014515768674280524
1791433672.6755435,5603.242904894,17.624999999998558,-0.42527493195809946,-0.22951608078728944,-0.2571333687872475,0.06580365364691981,0.07721427290018662,-2.0427678624956354,0.7324524962093136,0.5618382752334921,-0.027875137993248675
1791433672.699681,5603.267050849,17.644999999998582,-0.423868089520684,-0.25940882469149446,-0.20390609674713778,0.06358110823218197,0.4996489923031686,-0.8616168426033536,1.5394573852517879,-0.509110606751033,-0.05934441740918058
1791433672.72352,5603.290875374,17.664999999998606,-0.398879866376969,-0.27974917555310586,-0.1950101948355348,0.05978352801172786,0.998789170334161,-0.9086419438124754,1.9962765290894229,-0.6461129144062433,-0.05692890976103543
1791433672.7498183,5603.317172768,17.68499999999863,-0.39229254321282714,-0.2846125720931184,-0.14744354215146951,0.03737788915152337,0.098480552286668,0.06876664176754702,1.9248578920287567,-1.0663623487447613,-0.033653314533975145
1791433672.7750945,5603.342443308,17.704999999998655,-0.3967442786351825,-0.2772455917962635,-0.10460815570526288,0.01824421149410232,-0.6404879069351153,0.645286921566646,2.4205117389274027,-1.0582772778408818,-0.0505224037773184
1791433672.8001454,5603.3674983,17.72499999999868,-0.41291679086865607,-0.2616146889896797,-0.13053032409025092,-0.03651825716322849,-1.1310685836644456,0.9336805903156685,-2.847588396294899,-0.8225579182386403,-0.009502640601724347
1791433672.8264904,5603.393846679,17.744999999998704,-0.43843079699089776,-0.24140722064613931,-0.18676394810840394,-0.05117522248852403,-1.517063862570423,1.083970764015958,-2.7249178282859465,-0.9133676757882104,-0.012137353766576636
1791433672.8508062,5603.418167166,17.76499999999873,-0.4698562362594144,-0.21888784379348206,-0.25533085594523863,-0.07706679541452288,-1.6764952219967793,1.171957247521571,-5.131960424237085,-2.0160144705889036,0.017347297726850786
1791433672.8760028,5603.443355045,17.784999999998753,-0.5023598166567624,-0.19585326720960886,-0.3530865484395102,-0.09039384320002469,-1.6138118219973332,1.1730292823628041,-3.696706716333678,-0.7710754138013204,0.027436043697782412
1791433672.899733,5603.467082734,17.804999999998778,-0.5318816792656778,-0.17320727620526913,-0.40883224698662224,-0.10155958871348451,-1.3770439526892577,1.1506992100954758,-2.0042209257844883,-0.2731918739614795,0.01775416288563493
1791433672.9237242,5603.49107476,17.824999999998802,-0.5544872062998414,-0.1518285910379947,-0.4290012200969347,-0.09517302412138193,-0.894989355754053,1.050800934812145,-0.0663192901810499,0.756431344294737,-0.005539490855319577
1791433672.949954,5603.517307205,17.844999999998826,-0.5662069325109734,-0.13253155543097853,-0.44493120989234614,-0.05982354926702328,-0.2478397108961205,0.8920982933841815,-1.6424454228444472,1.0119349737579446,-0.08230479987846619
1791433672.9793873,5603.546740974,17.86499999999885,-0.5643049202115032,-0.11666911728879768,-0.4757383082698583,-0.045436894905878863,0.4433718180301859,0.6872779600717991,-1.273526000110345,1.346619584079928,-0.09420814779285032
1791433673.0039375,5603.571295322,17.884999999998875,-0.5474747703688971,-0.10503337909195436,-0.4975850836749849,0.0005403222818924792,1.218891111015104,0.4840198074728885,-0.8603221442257863,1.714187148213235,-0.07294251874439125
1791433673.0300002,5603.597359312,17.9049999999989,-0.5152534035338502,-0.0975712345617098,-0.5157992155678883,0.0385820366271445,2.020584483224057,0.3026608530279998,-1.075990856224606,2.2980288049422213,-0.049629490404379695
1791433673.0534058,5603.620794417,17.924999999998924,-0.46792659662946834,-0.09332844126484904,-0.5276427207588102,0.07888620385898655,2.691688819406693,0.1654648470603717,0.052406735364664794,2.124109207929954,-0.04150090701753623
1791433673.0772629,5603.644615939,17.94499999999895,-0.4090808178665475,-0.0913639887119918,-0.5297818434847277,0.13070526323549525,3.164549551270881,-0.005569400003511659,-0.14186271862929628,4.117883318095151,-0.055337795497520256
1791433673.1058998,5603.673271548,17.964999999998973,-0.3485965985130351,-0.09234255018278899,-0.5179837424809853,0.1850063139926826,2.993389582360833,-0.14797571251428612,0.9435004561938776,2.8024222611367997,-0.06336572746310645
1791433673.1300159,5603.697377552,17.984999999998998,-0.2987840030061551,-0.09541766532953114,-0.49676069214043356,0.24041322960521144,2.1451575331246673,-0.19574738974293293,0.9798527528080121,2.6411051562765793,-0.05013331094077156
1791433673.157009,5603.724364472,18.004999999999022,-0.23011600190623283,-0.08926962598296835,-0.4774718554977114,0.27869918269544414,2.157998493212663,0.35763928859437316,1.138594236853864,1.1347089190907833,-0.01306023931332198
1791433673.1821246,5603.749528745,18.024999999999046,-0.18706094218282637,-0.07671224684674639,-0.4439936403410852,0.3034377262499923,2.653527578705388,0.926922999856267,2.002240405482831,1.27669404468153,-0.01670634742313937
1791433673.211718,5603.779074587,18.04499999999907,-0.14130600651369893,-0.05280569264698005,-0.41902334605306,0.3108722724089169,2.2448310051950626,1.326495565685136,1.0143137516314138,-0.11492231916205395,-0.04475223177470259
1791433673.2368217,5603.804172726,18.064999999999095,-0.13320028532852451,0.008362149381342719,-0.4070821928632425,0.29742387801404924,-2.239607649549504,3.2751838224239656,0.18835799163209885,-1.1576316315178667,-0.06502200521304434
1791433673.2624013,5603.829755027,18.08499999999912,-0.18805761190521922,0.041722192133733856,-0.40981897347871143,0.2652232946158867,-2.6990088462735553,1.3511368056890602,-0.529531466148958,-1.9735334384577954,-0.052649744438700546
1791433673.2869542,5603.854320147,18.104999999999144,-0.24659290981942963,0.07541698209476934,-0.42378941288888367,0.22023839186025948,-3.4348047625104066,2.248201982342637,-0.9444254690351341,-2.4300673968878503,-0.043964810737340876
1791433673.3236167,5603.890972188,18.12499999999917,-0.34181186587321705,0.09306078516060398,-0.44361296860073784,0.17150463834847768,-4.819102470199312,0.28648751601647526,-1.1047862099961647,-2.448649997146112,-0.03742404083667884
1791433673.3518825,5603.91923404,18.144999999999193,-0.411751613861072,0.09998048441516995,-0.4646273228103313,0.1257926027114957,-2.474004352449917,-0.1535234049268334,-1.0455125973301214,-2.184367775996484,-0.01804594827107236
1791433673.3809166,5603.948285184,18.164999999999218,-0.4391942934676361,0.08225818892188858,-0.4825440243045186,0.08710174706136813,-0.2246326084992353,-1.1611484334180415,-0.7663410638053104,-1.7520807915715888,0.013725032928001785
1791433673.4059765,5603.973342939,18.184999999999242,-0.4349946663874454,0.06100810672393041,-0.49391332061857934,0.05723207137080158,-0.8347020872650395,-1.014913031678165,-0.34999444470247065,-1.2685136940332031,0.050332878120537605
1791433673.430624,5603.997996963,18.204999999999266,-0.46076675455081423,0.040504779615928944,-0.49543865351667843,0.03726033052141133,-1.1365906446779577,-1.2946401819993998,0.15026607880909687,-0.7581202912065799,0.0724688032671467
1791433673.4600685,5604.027433723,18.22499999999929,-0.4752219432742048,0.008564970705965885,-0.48521578477866445,0.026715759348240414,-0.5043259144297232,-1.914761181662194,0.7906989157254125,-0.32059704115043786,0.04104734872029797
1791433673.4903185,5604.0576899,18.244999999999315,-0.48516581238332884,-0.02347412462588477,-0.4634601705408153,0.02367656266740352,-0.738319440202664,-2.2622963021985094,1.3549128739483047,-0.07121591988836179,0.011403118755225719
1791433673.5199082,5604.087282355,18.26499999999934,-0.4952027920979514,-0.06606052512573905,-0.4317676067772316,0.026125789363636607,0.3130127462855676,-2.0035126478631153,1.821192431566236,0.16956992617828603,-0.005818776048343487
1791433673.5439384,5604.111291705,18.284999999999364,-0.48664000410655445,-0.11195518874626022,-0.39113670701360637,0.03260456800090775,0.5752787756409283,-2.9029861081227124,2.238420816973255,0.4229488736380285,0.014466708835995627
1791433673.5698242,5604.137174631,18.30499999999939,-0.4790205314388946,-0.16762885657720647,-0.3464235096541496,0.04288520439682605,0.7711678091775632,-2.353191335744049,2.322230787106397,0.6404047940593248,0.03932625310684358
1791433673.5962605,5604.163609663,18.324999999999413,-0.4570480418716215,-0.2217319098999086,-0.30724897202905094,0.055529923741119626,1.149508468340017,-2.7730930611356954,1.7660731149942843,0.7428294257778268,0.01998303382837552
1791433673.6243453,5604.191722327,18.344999999999438,-0.4408515145755349,-0.2618520495469792,-0.28483362862655937,0.06987035800682294,0.4881526851552179,-1.1282529585225294,0.6443889760948687,0.8137293258776325,-0.016225935187655204
1791433673.648311,5604.215673442,18.364999999999462,-0.42706442589726035,-0.27671989273656417,-0.22720764781123143,0.0681924054281428,2.4978608437212633,-0.9888157349945235,0.5275596671558143,0.11934216057829126,-0.04064524763624561
1791433673.6752815,5604.242641047,18.384999999999486,-0.39642667740161425,-0.2849104475778304,-0.20793676970577013,0.06548234128261012,1.2278744424713244,-0.05096141666281126,2.6060523113125225,-0.7467660055734191,-0.010708309470769114
1791433673.699953,5604.267318401,18.40499999999951,-0.37907909170614884,-0.2781257397599672,-0.15526153476459054,0.044861754116719076,0.5367853736781605,0.620773634695979,2.281398242953883,-0.9640253544222724,-0.001904524996177628
1791433673.7244637,5604.291818012,18.424999999999535,-0.37578251135797025,-0.26076521732807695,-0.11363896192009196,0.015278482451312777,-0.31334160955391127,1.094756653294136,-0.020853984521641833,-4.133083074929914,-0.011563843280500844
1791433673.7509365,5604.318289773,18.44499999999956,-0.3870921849875385,-0.23657375587577056,-0.16116755125809765,-0.027966062559532164,-0.9701842286190929,1.3042403349861806,-3.055747660513531,-0.8193684299062379,0.008708494574049557
1791433673.7752483,5604.342609693,18.464999999999584,-0.41160793533968554,-0.20919240762616617,-0.21966745940233756,-0.048889694412158916,-1.5566600705321803,1.4065012964570203,-3.0415781243696305,-1.0770706373368708,0.011089731463085119
1791433673.7987819,5604.366137008,18.48499999999961,-0.4452899151033136,-0.18114011474054365,-0.3034137444987601,-0.08045078686512173,-1.857359009013689,1.4229091115827035,-5.638177844567691,-1.9272456882236333,0.045832384854098726
1791433673.8224952,5604.389847807,18.504999999999633,-0.4828823929843782,-0.1541149214887532,-0.38991135879340605,-0.09782230197225793,-1.9223615015155753,1.340478670608406,-2.9897064597797645,-1.1555262426818678,0.05105810636811765
1791433673.8465455,5604.413892469,18.524999999999658,-0.5192456630817018,-0.12920048959761676,-0.4327337591495696,-0.1121596735081699,-1.7262977240376185,1.2167124365878443,-1.1831439478354064,-0.301655788911953,0.03330592497726991
1791433673.8709333,5604.438285966,18.544999999999682,-0.5490322735845524,-0.1068307202296395,-0.45633075752961455,-0.08539611583406735,-1.235885604297734,1.0573854228848922,-1.911207927439743,1.885326119889763,-0.03471741643240433
1791433673.9012437,5604.468621261,18.564999999999706,-0.5678522420506432,-0.08731372679573632,-0.49461770082644746,-0.0692236840560459,-0.6342269746884877,0.9008023084165054,-1.7326743037780865,0.7837978897434524,-0.0827085429306256
1791433673.9251943,5604.49255288,18.58499999999973,-0.5732532045693436,-0.07100501404400453,-0.5268475432765666,-0.021830401183155053,0.08413788962764666,0.726112936751758,-1.40185851364228,2.6759271803127813,-0.04226121004187098
1791433673.9508924,5604.518242675,18.604999999999755,-0.5631890054903526,-0.05788186496308291,-0.5499660000060567,0.015262629142382468,0.945730291663825,0.6433319733498432,-1.0941256765290979,1.7332274415558582,-0.023090325552108687
1791433673.9751956,5604.542543484,18.62499999999978,-0.5356059255073466,-0.04729365905782977,-0.5716166456727756,0.05401256934518141,1.8300586809164179,0.49937948943971944,-0.841796553478918,1.538763280629029,-0.010575457259092544
1791433673.9993405,5604.566698807,18.644999999999804,-0.49017528989680614,-0.038591576555065454,-0.5671529384923495,0.09655792771107503,2.667349817909677,0.38207150899696274,0.1315923827044594,2.1093688913887356,-0.015195803411297072
1791433674.025077,5604.59244817,18.66499999999983,-0.4318444424369926,-0.033146498386303784,-0.5691045765146627,0.1538695030172937,3.151612591625459,0.12658502069826683,0.3775362467257069,1.7397628670981937,-0.03863278656524998
1791433674.0554485,5604.622802341,18.684999999999853,-0.3715649231692996,-0.03271712201593438,-0.5526588869869358,0.20115295964444266,2.9742474059215898,-0.12495001644526126,1.1223966682444506,2.747247244388351,-0.03152823809083813
1791433674.0795462,5604.646921858,18.704999999999878,-0.2903049825146255,-0.03134412435708926,-0.5293018220929643,0.24872494561206338,-0.1283700639637404,-1.2737158687674477,1.0714591010448236,1.8435159735357602,-0.008608726916268338
1791433674.104366,5604.671723184,18.724999999999902,-0.23842063990977744,-0.027513499736149465,-0.5025299198592891,0.2776485767072484,3.595942816887882,0.6224422812580781,1.2082990534872082,0.8926614610375698,0.009738230586549254
1791433674.1291294,5604.696507378,18.744999999999926,-0.17955839902595097,-0.018800892119741192,-0.4595065482917651,0.30498947846062163,3.81703753082973,0.809810276200056,2.095963562630443,0.851399889977442,-0.02096614100599985
1791433674.1551707,5604.722548187,18.76499999999995,-0.13498243523450953,0.016148303189502916,-0.42602146047902806,0.3106273682793891,-0.8030584524694173,4.10840544210259,1.372635873959195,-0.18727525929317657,-0.047744640511818676
1791433674.1816602,5604.749009346,18.784999999999975,-0.1855953058553104,0.056896534050724264,-0.4081191798390749,0.2955687451652337,-2.8799382978079944,0.8162020624819023,0.4049968003940833,-1.2068291903812969,-0.06410524158131262
1791433674.205474,5604.772853774,18.805,-0.2405218646803679,0.0755887864045693,-0.40700269312604714,0.2623034797522542,-2.9257383748280468,1.1475506086668525,-0.3855051066639597,-2.0045467837814446,-0.05104669654847884
1791433674.2293482,5604.79669789,18.825000000000024,-0.32286188796941223,0.09634285029190441,-0.4188827179187771,0.21847586643227623,-5.463925574546172,-0.03975695359726824,-0.8923086804031347,-2.356826523552415,-0.05303045757242185
1791433674.2559426,5604.823296806,18.84500000000005,-0.4076584104723262,0.10566836684707295,-0.43965041862400217,0.17144091553077645,-2.7406707241888593,0.30698553006454526,-1.2264769340407349,-2.3957158268862204,-0.0306691523891874
1791433674.2804646,5604.847820214,18.865000000000073,-0.4372000333612697,0.09973599826133299,-0.46434376475130273,0.12583588177867533,-0.44263818721802733,-0.5278492054102687,-1.254609054479277,-2.219673658543265,0.0001836959847119128
1791433674.3042605,5604.871612427,18.885000000000097,-0.446819276853366,0.0659031231437849,-0.488127578751512,0.08461949132468488,-1.4855842979880036,-1.687673836717287,-1.0865138935599565,-1.9255982018795084,0.06551505565338953
1791433674.3289607,5604.896312615,18.905000000000122,-0.47795300331247903,0.05057844537865223,-0.5061761925033028,0.050200728305133925,-1.317319006763584,-0.7908956385910924,-0.7390151223868928,-1.5360334952995705,0.11030962036171722
1791433674.3527787,5604.920131543,18.925000000000146,-0.5006332640941994,0.005713515410277139,-0.5147680313494685,0.02380031706820872,-0.9460462611369521,-2.435678582191416,-0.16647044565314126,-1.1202070528350432,0.06874890130384836
1791433674.3776176,5604.944974636,18.94500000000017,-0.5159010839965015,-0.02171742103078823,-0.5111178400835018,0.0051565531597817125,-0.7482816685123276,-1.1334967577713055,0.5313905816291306,-0.8282625401251693,0.04637316459061488
1791433674.4021108,5604.969472401,18.965000000000195,-0.5304187846476314,-0.05083685687375057,-0.49357924120045776,-0.006822843523692668,-0.43098985198336903,-0.8780719016212332,1.2263441623539377,-0.5231608704091545,0.046536914529603526
1791433674.4263291,5604.993680202,18.98500000000022,-0.5245484627809109,-0.08302234284971308,-0.46088414659808574,-0.012515589595421803,-0.03161302650565315,-2.5367844281986347,1.991457327353165,-0.12684630278361278,0.051215133684308044
1791433674.4511545,5605.018504654,19.005000000000244,-0.5180004833814065,-0.12661817718528406,-0.4155435873209012,-0.010887726749593936,0.8154480719827059,-1.7605670662126778,2.5409314665852265,0.26368980203483317,0.06530583499021925
1791433674.4776075,5605.04499033,19.02500000000027,-0.4968585477250095,-0.17305053350295874,-0.36478704548342766,-0.0025209208354772797,1.0748378155497502,-2.451911247931816,2.6052694397985303,0.5927019274557834,0.04324777777574629
1791433674.5026023,5605.069981589,19.045000000000293,-0.4812730666975969,-0.21334161715493608,-0.31923598664962066,0.011215327729972484,0.41849665412271836,-1.5663058691973146,2.0901917527868923,0.8481369016276159,0.007052026768458203
1791433674.5277534,5605.095130568,19.065000000000317,-0.47564277075070727,-0.2334240852586012,-0.2869196398518553,0.02785114023727033,0.41106243742751036,-0.433815950383273,3.4045707688221776,-0.49085993246667714,-0.02523816459542117
1791433674.5520177,5605.119416747,19.085000000000342,-0.45138890316316704,-0.23893309128358012,-0.2231289941125797,0.03035564776172624,3.4470485800985045,-0.3950893145020198,0.9444422897257035,0.8787380718612577,-0.04756242310384572
1791433674.5781722,5605.145545255,19.105000000000366,-0.4214804625677643,-0.23502877796232455,-0.16722365829766983,0.027276749807117594,0.9156325199969167,0.4900067144767008,3.3128464202833516,-0.5730463151200427,-0.0001789134327491497
1791433674.6079261,5605.175353607,19.12500000000039,-0.4099070353022831,-0.22093870662619822,-0.10294096691364482,0.014368142919108349,0.1806820114376463,0.8379594332225555,1.8771692538388127,-2.4736364120827368,-0.0010247574683734395
1791433674.634593,5605.201963185,19.145000000000415,-0.4122838226787601,-0.2022740195715946,-0.14036882302224227,-0.03255596963879958,-0.584788528718793,1.0131249051129136,-3.172383476497159,-0.5131910782654069,0.053019046202612774
1791433674.6585112,5605.225868229,19.16500000000044,-0.43002804357223195,-0.1808334232365324,-0.19597148685382124,-0.04738139986295973,-1.3264447073018077,1.1312266798169313,-3.0730458115266104,-0.690151737727017,0.06001654899144959
1791433674.6831796,5605.250571568,19.185000000000464,-0.4609339431675073,-0.15795201322414062,-0.2852083807221372,-0.06612241581845259,-1.818482695683632,1.2028517704770982,-4.213382866483065,-1.430605874387485,0.07861477718208902
1791433674.707125,5605.274543741,19.20500000000049,-0.49860314635556113,-0.1349977282892408,-0.3865447687901779,-0.07776786311598742,-1.9638371588601244,1.1354279162009875,-4.3597613205650765,-0.8459946485524942,0.07927258978762475
1791433674.7316709,5605.299023207,19.225000000000513,-0.5376400409352601,-0.11364039215525933,-0.43808092216510447,-0.09117399286270887,-1.9427281953767281,1.0394993343087218,-1.4538931005135343,-0.14934025858190736,0.0756289893598462
1791433674.755889,5605.323252186,19.245000000000537,-0.5724414748820821,-0.09500776962076793,-0.4504418874187271,-0.07680217435145836,-1.5394901477467366,0.8778332836071613,-1.127544083721282,2.1811199023753307,0.03377634425883963
1791433674.780226,5605.347578286,19.265000000000562,-0.597895960780893,-0.07928100290494935,-0.48939437670972086,-0.05861681215100304,-0.992920353510148,0.7243425344367607,-2.039433355163223,0.3492656725711287,-0.03894015835401313
1791433674.8039217,5605.371270135,19.285000000000586,-0.6113651292589928,-0.06584972718095843,-0.525253681249775,-0.03624876743796992,-0.3789781884848106,0.6322822273449622,-1.5804808657479064,1.954213514646086,-0.0018520627169025955
1791433674.83349,5605.400843703,19.30500000000061,-0.6104714414123564,-0.05417226828569388,-0.5539353566963244,-0.004605251892243091,0.45821220780747074,0.6009719689984462,-1.2405886077471306,0.16561964138497778,0.020974394216308173
1791433674.8589163,5605.426285336,19.325000000000635,-0.5925468862631779,-0.043456923657687226,-0.5820824610778637,0.012997760665318336,1.3989486232780248,0.5516140901125607,-1.359238776095745,0.23169600926998493,0.04279262909218892
1791433674.8832967,5605.450649003,19.34500000000066,-0.5557334957842719,-0.03266868921535397,-0.5919024860774861,0.0232487835725645,2.303719788331957,0.5593259527183284,-0.48899105030433976,0.5916700761503828,0.045286815276925706
1791433674.9074519,5605.474799957,19.365000000000684,-0.5005084809724303,-0.022256771668659803,-0.5971012175143843,0.05795538094614091,3.171532804030395,0.4488608719541332,0.04964250418148922,2.4946078975400705,0.03042358200294904
1791433674.931569,5605.498918717,19.38500000000071,-0.4338722368043536,-0.014903097613193394,-0.5860794087489324,0.10058576312087873,3.5071422008373525,0.2272020629610928,0.8224506452896355,2.5087387773525145,0.026950778930683515
1791433674.9552896,5605.522642488,19.405000000000733,-0.3666051776843633,-0.01378883153080722,-0.566486854911327,0.15860654943039454,3.296653039871429,-0.101282894334477,1.0044625377209,3.065346864383272,0.03147148350744197
1791433674.9807594,5605.548114128,19.425000000000757,-0.28336118315754877,-0.013372103363589898,-0.5474435151687014,0.21229070131282893,1.2349001770086252,-1.2123255723760933,0.7748985175673567,2.4927197585298355,0.043988039220874534
1791433675.0046396,5605.571988798,19.445000000000782,-0.21847570552838158,-0.009739020470059288,-0.5179852844784193,0.2554563008252846,4.6070893368371575,0.42313786970316286,1.0876962657170788,2.0521270506701694,0.05599683696921802
1791433675.0285075,5605.595871712,19.465000000000806,-0.15172377196944495,-0.0017368876271114282,-0.4664207513334952,0.29368230094858105,3.3668554500891847,0.561943386930049,2.6972423537047288,1.7284868565611888,0.03213054162681441
1791433675.0524075,5605.619761408,19.48500000000083,-0.11133386236453023,0.03788500670621347,-0.4341753455535074,0.30752413947554486,-1.3931472870787944,4.048894326033273,1.1637656134450682,0.15007752806608377,-0.008407648957885604
1791433675.0761786,5605.643531376,19.505000000000855,-0.16648416753967885,0.06474589006565447,-0.42101682921868844,0.29860800338628013,-2.8350619494935936,0.5241043317126766,0.1397577747642512,-0.9129793573806531,-0.02702023565814978
1791433675.0999355,5605.667290233,19.52500000000088,-0.22181914297673552,0.07663247620026331,-0.42544966518889477,0.27113510401102986,-2.9959196631935985,0.5844744301419059,-0.6706901149077321,-1.7020478194083306,-0.035650026946567256
1791433675.1310697,5605.698436781,19.545000000000904,-0.31587359137947596,0.09296256526289609,-0.442570217275651,0.23340670033727853,-5.527341500016999,0.010210837026112113,-1.1329354580242168,-2.050133918427203,-0.05035462821450476
1791433675.1550364,5605.72239065,19.56500000000093,-0.396146644022632,0.09215967930550582,-0.4678690512171229,0.19232919132031812,-2.644675184849581,0.16777214401251542,-1.4261405757639867,-2.097573126682616,-0.022404824308895732
1791433675.1790476,5605.746397005,19.585000000000953,-0.4293864277848716,0.08486733696234551,-0.4961433889938972,0.15228492756081624,-0.4808910885734451,-0.766477607721202,-1.4160183969901565,-1.9409688150512843,0.018504686922397637
1791433675.2031846,5605.770538911,19.605000000000977,-0.428001653521419,0.07029525040137821,-0.5223263028708794,0.11624310695195458,-1.0567390548595423,-0.7213058509299161,-1.18235692684031,-1.6854911343283616,0.06293180424894954
1791433675.227527,5605.794892221,19.625000000001002,-0.4614119907475891,0.05811735509135885,-0.5418504517436743,0.08646997803368338,-1.6023870794412745,-0.5938967132641568,-0.7943479746295584,-1.318861733484101,0.09929606009380636
1791433675.2536888,5605.821049226,19.645000000001026,-0.4861485241788881,0.040245566095072856,-0.5511100180863244,0.06441655008821576,-1.0524768690396946,-1.2862346307595562,-0.18183213427810146,-0.9127109531979808,0.07545658754878115
1791433675.2789383,5605.846290444,19.66500000000105,-0.506910288994471,0.022286073369779943,-0.5470441930929859,0.05053453850391484,-1.1001057516612072,-0.6065935478808959,0.5997691099367483,-0.5734638675876363,0.058684281532478476
1791433675.3026433,5605.870003529,19.685000000001075,-0.5287641690426806,0.007539921676256851,-0.5278287372229938,0.04359858711771298,-0.7788278903329255,0.07965140807855099,1.3734060162744168,-0.274901877410697,0.060114120913757035
1791433675.3267224,5605.894097492,19.7050000000011,-0.5295490508012325,-0.0013896940995221621,-0.49188225548717507,0.04203056524415914,-0.03368588561975597,-1.290802282445696,2.1794949788582803,0.02702219809592786,0.06875828233970953
1791433675.352009,5605.919366083,19.725000000001124,-0.5235432020159984,-0.039211374624510006,-0.4404029839709042,0.04553257777508802,0.7971785600856649,-1.4441349209238699,2.8855595435263752,0.3184579929127677,0.09070019786883445
1791433675.3757877,5605.943143183,19.74500000000115,-0.5047055556284794,-0.0863345515229012,-0.3809015201162828,0.05283359591693054,1.0163644186201735,-2.954400465116521,3.137652656251085,0.47852384142219045,0.06688519825152965
1791433675.4019382,5605.969295234,19.765000000001173,-0.48708703260390174,-0.1469773966408229,-0.3233169871020804,0.062408567315669364,0.6086408597147585,-2.932579871988838,2.7452814210411467,0.5143785135775102,0.03412970866597473
1791433675.4304647,5605.997818826,19.785000000001197,-0.48083834595101466,-0.1963133706940606,-0.278879562130976,0.07278969640352792,0.12719848133712205,-2.0703861409395747,1.844598668739396,0.6118702998090398,-0.006170261207828527
1791433675.4562838,5606.023636561,19.805000000001222,-0.4745657803855532,-0.226277918119981,-0.2060563803558013,0.07214668631730435,0.850802604073903,-0.9410498153810334,2.8943135843165635,-0.44594566677653485,-0.03692800756303375
1791433675.4817514,5606.049137317,19.825000000001246,-0.442126443822918,-0.24817600076912835,-0.1789771661394104,0.06898943755844246,1.0116676125710378,-0.6726654649084008,2.969503375422138,-0.6319433744625169,-0.03320007986152714
1791433675.510304,5606.077663121,19.84500000000127,-0.43618795070118954,-0.25194077454643093,-0.1126662891508892,0.04864596706920492,0.06746179373270936,0.04504898067977506,2.785909969457433,-0.9363020491238057,-0.01260241424752236
1791433675.534742,5606.102098412,19.865000000001295,-0.4407166889631711,-0.24655096530311593,-0.08945648252941371,-0.0003157118369004402,-0.6557722524372473,0.49794057323105145,-2.0375032010199203,-3.3014206470306195,0.00730691591460921
1791433675.5587015,5606.126056522,19.88500000000132,-0.45739525323428004,-0.23447040514279469,-0.14575283723119364,-0.02613117556712042,-1.1644890164653665,0.7204908393617392,-2.560968236291863,-1.1929762346453616,0.014198962725325856
1791433675.5835233,5606.150877614,19.905000000001344,-0.4841965317098335,-0.2176961219127187,-0.2129002346015259,-0.0434588342616356,-1.5907767429164605,0.9052159157548181,-4.228801767765952,-1.0671701828970281,0.040405732642658114
1791433675.6075468,5606.174936003,19.92500000000137,-0.5164767379243992,-0.19807935732344936,-0.31247413062649326,-0.07882876989958232,-1.6807234098546213,1.044675140066269,-5.754820915517092,-0.7359412127725604,0.06760402833907342
1791433675.636521,5606.203895506,19.945000000001393,-0.5493014488283764,-0.177095196969319,-0.3993441766195195,-0.09634742559390232,-1.617337673291643,1.1062849347572679,-2.8637656946268204,-1.270248025744719,0.06705036707625377
1791433675.661332,5606.228707465,19.965000000001417,-0.5779030676291478,-0.1562075669379639,-0.4386341604630917,-0.10659022370127838,-1.2833930873259944,1.0578664855876228,-0.9653179291267889,-0.17656719945647734,0.04744275611383927
1791433675.6882267,5606.255598619,19.985000000001442,-0.5984347835037754,-0.1365245197758641,-0.446053351313759,-0.08708660494325017,-0.7512661187745279,0.9406769859484639,-1.0702173558482941,2.530165450814711,0.00910946450747562
1791433675.7134907,5606.28086062,20.005000000001466,-0.6066612969821269,-0.1195473521403258,-0.48186174259543235,-0.06492897784492233,-0.0677213879485174,0.7749442777558505,-1.8519685903143206,0.5315829888818746,-0.061503650487414914
1791433675.7403781,5606.307742955,20.02500000000149,-0.6012506804166046,-0.10573673601782287,-0.5145766169230195,-0.03022467855032741,0.6053152668877124,0.5905832518841602,-1.4716989225046018,2.7401561127087146,-0.021846160974561997
1791433675.7658541,5606.333215006,20.045000000001515,-0.5809641681314068,-0.0953440716698713,-0.5396374255956484,0.005620783858812185,1.4268616471007585,0.5061982469888019,-1.1732319907190214,1.1656902423244921,-0.006998583860445796
1791433675.7898612,5606.357214365,20.06500000000154,-0.5446629189987796,-0.08780408681092512,-0.5662326615151518,0.03994086001611124,2.254869391075891,0.3490806600736937,-1.2060982724993559,0.950985799009707,0.007224404975728498
1791433675.813742,5606.381091632,20.085000000001564,-0.4921371597703691,-0.08162035385251655,-0.5738857751500587,0.06438704700156789,2.9841827777887153,0.28266609484212346,-0.3758865555663357,1.4796837465996695,0.0035452020925086807
1791433675.8386035,5606.405951417,20.10500000000159,-0.4273580347999995,-0.07719969927317655,-0.5763975367356734,0.11653990234597593,3.461182887491299,0.10634571304340083,0.37532969430614155,2.2346305335324037,-0.026982531277373697
1791433675.8623307,5606.42968703,20.125000000001613,-0.36129498099115365,-0.07609593954022431,-0.559976868492634,0.16228288971751853,3.2468330118640023,-0.07423120338516544,1.056242232276428,2.7416348364719973,-0.027663555784928292
1791433675.8881805,5606.455533322,20.145000000001637,-0.3038010839415068,-0.07749270597464454,-0.5373056801371778,0.21558527440927874,4.767707367056532,0.9718824227204996,1.0508906732325987,2.4956037631776566,-0.025142463611719318
1791433675.9155064,5606.482906608,20.165000000001662,-0.23540250959791167,-0.07236840129919989,-0.5151239963662149,0.2527418613022604,3.1524574479617677,0.41982807217839213,1.3164073866563162,1.3927002747592792,0.00524387323491323
1791433675.9396982,5606.507071288,20.185000000001686,-0.1800060843757486,-0.06212528967469807,-0.4729524102199629,0.2841263643457592,3.5042933430292447,0.8469707171222718,2.546076467052455,1.3777905859537767,-0.015331802236575877
1791433675.9640157,5606.531373162,20.20500000000171,-0.12414092970222539,-0.040743099918112965,-0.43871101447890554,0.2987514733798429,2.604079147360346,1.0129327615003256,1.3721940352535973,0.21718949185779074,-0.040476463331426626
1791433675.988916,5606.556270939,20.225000000001735,-0.12774282003447468,0.02146897865593211,-0.4207404957512429,0.292132997175575,-2.6728468762580158,2.130917075384661,0.4247262500007819,-0.8191168843773887,-0.07147357445170167
1791433676.0172403,5606.584600379,20.24500000000176,-0.1843900995268667,0.04423882847110095,-0.41965439364330726,0.2664604615818561,-2.6775275286020404,1.106038896812436,-0.3861723860439407,-1.6527733274587308,-0.05105439096940335
1791433676.0442178,5606.611570339,20.265000000001784,-0.24716749924405038,0.07325160416654586,-0.43177504331001176,0.22766533588386553,-4.218411252393907,2.005091169303698,-0.9060719945943126,-2.142046787380175,-0.04996585866675279
1791433676.0681381,5606.635493923,20.28500000000181,-0.35341254069798383,0.0845244840179528,-0.451835484352325,0.18420091144903594,-4.560285437601959,0.30313428153810473,-1.1601147465536472,-2.2235170331774734,-0.038012412960775475
1791433676.0921135,5606.659466446,20.305000000001833,-0.4183912738778153,0.08829241216328731,-0.4749282363479416,0.14177690733824594,-2.2682361377454865,-0.17502155876917586,-1.1734709501729983,-2.0610189488383797,-0.013455873717240208
1791433676.1183047,5606.685669919,20.325000000001857,-0.4403197648061323,0.07303369815450445,-0.49632870060009154,0.1040209341094305,0.0867663640874451,-1.1720870883888523,-0.9627966969536121,-1.7693980464419912,0.020201107628266313
1791433676.146041,5606.713420393,20.345000000001882,-0.43376091768524283,0.05029961127961346,-0.5119506175265226,0.07274013411216183,-1.0117654695842881,-0.8822304080073603,-0.5785904938371473,-1.3890271744221865,0.07200776368223749
1791433676.1701357,5606.737492679,20.365000000001906,-0.4626494445547427,0.03234358106872681,-0.5180965976421126,0.049473597155849834,-1.2447974211567618,-0.9972725954884993,-0.07598496087867025,-0.9602172220154584,0.09129015949574613
1791433676.2000246,5606.767375596,20.38500000000193,-0.48009774801234917,0.004719024897188149,-0.5119524448612659,0.034587516595431196,-0.6902667750576763,-1.6493268782669115,0.6244270114974344,-0.5610831011913943,0.05693827290111179
1791433676.229835,5606.797191786,20.405000000001955,-0.494355489101402,-0.021356200252457137,-0.49259551777688926,0.026808247213047018,-0.9571468381601952,-1.902613948069874,1.300846082600429,-0.31158718611714903,0.03257987707884442
1791433676.254984,5606.822340079,20.42500000000198,-0.5050949220094864,-0.05171198658431117,-0.4606809861582128,0.024542497925720195,0.43026679647176336,-1.4041911934965636,1.9009400891239077,-0.06600847892225116,0.013705173952569193
1791433676.2790542,5606.846404922,20.445000000002004,-0.5025986880067033,-0.08109862030910113,-0.41650860209434004,0.026766088301330388,0.07889338319923456,-2.641805177327399,2.5012436274018577,0.23890544467246666,0.030877262853056836
1791433676.3036287,5606.870982988,20.46500000000203,-0.48944283233888686,-0.13102478612136276,-0.3648148030091529,0.03404189286015739,1.1077382434020515,-2.254106814823871,2.7556059538331663,0.5362555826549755,0.05593591784244739
1791433676.329213,5606.896577186,20.485000000002053,-0.46440252891720074,-0.18304277321642706,-0.3165509860580591,0.04517990803695161,1.2659244214466414,-2.7162648830358815,2.1916503609190254,0.634045681533627,0.041255846698194154
1791433676.3558168,5606.923173741,20.505000000002077,-0.44630382507778943,-0.2279341293349971,-0.281596015357697,0.06035299743272091,0.6303854812065874,-1.6402293299813635,1.2959442737718165,0.9157886888716269,0.000739328640448402
1791433676.3804913,5606.947850423,20.525000000002102,-0.432114139566002,-0.2505424952736877,-0.2141262479653475,0.06376384304488494,1.2531336394582826,-0.4746823609277514,1.5332220882922274,0.1465974980751728,-0.03078295498594376
1791433676.4048767,5606.972231329,20.545000000002126,-0.3943522661815481,-0.26873748818226073,-0.1919997731749292,0.06768569971088477,1.8662794160919367,-0.8340340888497633,2.675440649506659,-0.30969877331727846,-0.00934156936505768
1791433676.4316602,5606.999021279,20.56500000000215,-0.3703361189209633,-0.27336688156494177,-0.13193685178000372,0.05502777228097537,0.8226025884851922,0.06964755668736547,2.513733023354993,-0.5867605243809639,0.0066904226556413525
1791433676.4559903,5607.023342635,20.585000000002175,-0.36206648031240796,-0.2668344091116533,-0.10348363809673947,0.019492685162937225,-0.0962023175089259,0.5757651078590911,-1.5906211916148547,-3.676775735394432,0.010712091775536716
1791433676.4798162,5607.047173226,20.6050000000022,-0.37021048536157325,-0.25248719439885287,-0.15923898919966142,-0.005400534880024448,-0.8644666202261045,0.8602878145041785,-2.7544866001485984,-1.095678164671762,0.021808701838386724
1791433676.5036569,5607.071019627,20.625000000002224,-0.3935436216042366,-0.23274491924524326,-0.22198459756800942,-0.02340511497986094,-1.5383773939203838,1.0806527970958006,-3.5230413168116903,-1.0804650416881814,0.03711543726362022
1791433676.5289385,5607.096298726,20.64500000000225,-0.4273815005296579,-0.2098229968555784,-0.31313931095295666,-0.0599982405432048,-1.8834046331418053,1.2187353480169743,-5.745636780842639,-1.7624622350790358,0.062053118113512905
1791433676.5527358,5607.120089698,20.665000000002273,-0.46649534286011946,-0.18559557196196041,-0.39198740852772795,-0.08319234250954742,-2.0357199302817004,1.2556482841187575,-2.44629568376707,-1.2821038029700131,0.06208517673142242
1791433676.5764916,5607.143842012,20.685000000002297,-0.5052973383465356,-0.16161127064917183,-0.4270511566995905,-0.10235169841442485,-1.8665445007033665,1.2014371583499124,-0.793701444094773,-0.5307373394666002,0.03282580934550395
1791433676.6019835,5607.169353672,20.70500000000232,-0.5385171508425606,-0.1388939154952409,-0.45301860879750017,-0.07649929368849731,-1.4380486928884513,1.0901173323319742,-2.026120283702818,1.1714783548273267,-0.039002791368588606
1791433676.6285596,5607.195917592,20.725000000002346,-0.5616275893898984,-0.11837204594011597,-0.4930314144706598,-0.06023223014575816,-0.8712195033362707,0.9669350622352529,-2.158527117910573,2.10743864139926,-0.06192619698661237
1791433676.6543674,5607.22173741,20.74500000000237,-0.5716702673049742,-0.10075907352260503,-0.5263284591927971,-0.01604262394383811,-0.14341901469914206,0.8201431925176875,-1.3929699786981522,2.3016927282493618,-0.028977860767442423
1791433676.6793797,5607.246749237,20.765000000002395,-0.565950996381804,-0.08599862481170821,-0.5524327772099739,0.022214043794579495,0.7453387150085585,0.7075801187141691,-1.3744608588827252,1.834448288453563,-0.006455366464959707
1791433676.7037187,5607.271117567,20.78500000000242,-0.5419601704654358,-0.07353922483894126,-0.5743930886970259,0.054426295213417686,1.6796839034097382,0.6049969743221167,0.2564340292827654,2.1234285595841764,0.0105577250863864
1791433676.7283385,5607.295711956,20.805000000002444,-0.49907378266167274,-0.06250553691112602,-0.5799544809283368,0.0887771516052675,2.5639941956328562,0.49356574069865444,-0.4501741578953568,2.7369786544760455,-0.004057388472985399
1791433676.7532773,5607.320672536,20.82500000000247,-0.4423771602286639,-0.05402971098865486,-0.5806243987292367,0.13838710336433627,3.082882504451071,0.29729194880847276,0.4669959206050932,1.983084925767272,-0.022754655648662095
1791433676.7818246,5607.349195108,20.845000000002493,-0.38235754762416935,-0.049913020749828216,-0.5645744132800875,0.18933691627506,2.9985460852913763,0.087668188633994,0.9786165813680999,2.7928708909629236,-0.014435394615513705
1791433676.8069105,5607.374287975,20.865000000002517,-0.30460289621211467,-0.04416073108168023,-0.5452660088357925,0.23693545417654935,3.4374083880653723,0.69750629442968,0.8033018752202431,1.898954410656107,0.003973541883589964
1791433676.8315969,5607.398968523,20.88500000000254,-0.23945868173083365,-0.03618889363118189,-0.5211660379924119,0.26954879396848774,4.739905099168572,0.5754728126928599,0.8626423988564964,1.3223968133729584,0.014917676667376287
1791433676.8585124,5607.425878564,20.905000000002566,-0.17828517063016203,-0.02350710208343528,-0.47298062088291076,0.3014686430876462,2.9656607892215656,0.5857384176663777,2.67557022618398,1.2685626200469964,-0.006891099216450238
1791433676.8840015,5607.451358746,20.92500000000259,-0.12948215654100045,0.014762960212543924,-0.43667719246991127,0.3105373749662755,-0.6311799567008529,4.629429904323022,1.4476813017644177,-0.0752190542388119,-0.04384629220283566
1791433676.909469,5607.476820417,20.945000000002615,-0.18249061073306158,0.05611569724751131,-0.41734206239473187,0.2974123883478485,-3.0788206114197476,0.7959344792755624,0.47024016566945426,-1.1151618208273948,-0.058914309795512716
1791433676.9336343,5607.500982539,20.96500000000264,-0.24071795557656792,0.07322733259075194,-0.41515813309760613,0.265941883510151,-3.03372443215836,0.8334460405561472,-0.3482239421367905,-1.908936232487056,-0.05794219847763587
1791433676.9577932,5607.525138299,20.985000000002664,-0.32641173318700917,0.0951554878075734,-0.42621604911748495,0.2240941843171976,-5.405548057775314,0.069598598777811,-0.8539061834905326,-2.2576938439122585,-0.06802972431253308
1791433676.9847028,5607.55205753,21.00500000000269,-0.4099023296276294,0.09999826156137845,-0.44632280883941505,0.17920446665769285,-2.6772122125187416,0.46823411439166146,-1.2054762083847104,-2.2894615085368564,-0.0423230974402366
1791433677.0090327,5607.576395478,21.025000000002713,-0.43957537025999593,0.09293755172254693,-0.4712594767337924,0.13567736640732328,-0.29042007373057466,-0.6195170338004999,-1.2936613400990995,-2.120544839444221,-0.00842513731835765
1791433677.0335763,5607.600939192,21.045000000002737,-0.44999837511372953,0.0627105990304517,-0.4960386761144184,0.09645973992507904,-1.588806653760678,-1.1119960970473175,-1.154014769475276,-1.8320410969304235,0.05883476458042109
1791433677.0581393,5607.625506012,21.06500000000276,-0.48207766233239396,0.05000820447534594,-0.5156580359848756,0.0637586615700817,-1.3133713961186972,-0.8276831275661751,-0.831737521298143,-1.4611322219784237,0.09401563794572132
1791433677.0832539,5607.650619264,21.085000000002786,-0.5044573803195826,0.011211545750022566,-0.5262044869404428,0.03876454820327483,-0.9500201403483854,-1.9319864593192202,-0.2537496901978348,-1.0646346767343893,0.06469039805286525
1791433677.1076422,5607.674997068,21.10500000000281,-0.5208114376140398,-0.008571456566916495,-0.5243319126071245,0.021476617630648575,-0.8416014431608705,-0.9808618577007974,0.46745149879993164,-0.7509978079015405,0.05082405177124642
1791433677.1318054,5607.69915434,21.125000000002835,-0.535863720150706,-0.029243405954920483,-0.5077014144648181,0.011035312387360134,-0.42080151958243844,-0.4001262658305469,1.212334606188774,-0.4464692429873628,0.05396021378140043
1791433677.1563785,5607.723738294,21.14500000000286,-0.5220131185937797,-0.05710485683832997,-0.4742248047441118,0.006816168507806988,0.2594240768056966,-1.5583122045494113,2.0665612186628493,-0.07924324775517738,0.06563467378890248
1791433677.1809382,5607.748300572,21.165000000002884,-0.5197288230555864,-0.09675507429811313,-0.4259213573919627,0.009318205013932657,0.5793617384455311,-1.2775363995346347,2.714743629476534,0.3059280791402598,0.08213371958244702
1791433677.2047503,5607.772103931,21.18500000000291,-0.502011291878471,-0.1405371535668656,-0.3714906992244005,0.017464928513869327,1.0200672492421525,-2.6188160170052077,2.836631333057858,0.560651081435843,0.06829834893686713
1791433677.2285702,5607.795921872,21.205000000002933,-0.48637777960277245,-0.18652440647144267,-0.3206854318994525,0.029647824647221797,0.41113826654111896,-1.851249068077023,2.3606405648884987,0.7114095230856905,0.030979759001100587
1791433677.258922,5607.826278129,21.225000000002957,-0.4833295489809144,-0.21472644199018825,-0.27807287915049494,0.0407072989159695,0.2024016463106654,-0.923277449751629,5.692371090087622,-1.3166871103232403,-0.0069140964306499
1791433677.2852116,5607.852573816,21.24500000000298,-0.4635014605469048,-0.22921916372552323,-0.2201680485501841,0.04693740087420511,3.6395866001266066,-1.0580531904687978,3.116211408416408,0.1881487047931095,-0.035786145092613825
1791433677.3102028,5607.87757914,21.265000000003006,-0.4305748516433239,-0.23448275919117162,-0.16475005684206742,0.03957115536879972,1.230822111310704,-0.09931554360979224,2.8881769499246532,-0.4151143310701003,0.009039205304822504
1791433677.3347647,5607.902138301,21.28500000000303,-0.4164369318065493,-0.22900768383358552,-0.09971373166811455,0.02581323876643181,0.3232789930650274,0.4553106461343427,2.5768157264420077,-1.8502084729848973,0.016218142436577355
1791433677.3587792,5607.926136276,21.305000000003055,-0.4162277087277612,-0.21696730980720935,-0.13162111008121816,-0.026673245855872527,-0.46508703633097465,0.7449347415437673,-3.1635703407673277,-0.678148063965266,0.06067273594894442
1791433677.3855455,5607.952900323,21.32500000000308,-0.4316633865163551,-0.1999707888452472,-0.18729591002417253,-0.0450512019265537,-1.22137459414329,0.9620448632637549,-2.9328702396666295,-0.9365316224405724,0.06103310826926177
1791433677.4097986,5607.977201039,21.345000000003104,-0.46079955076897444,-0.17923020089278507,-0.2724522753081327,-0.06796280734162481,-1.7568034419100667,1.147705862525416,-4.312961883103964,-1.9053274152225197,0.07952873979151757
1791433677.435829,5608.003183906,21.36500000000313,-0.49738330219777716,-0.15639300680426796,-0.3744982089026799,-0.08279108464524962,-1.9246777168267115,1.172699666575594,-4.391622657307455,-0.9289503184135053,0.08148868253680842
1791433677.459586,5608.026934867,21.385000000003153,-0.5357751987695243,-0.13353336970711632,-0.42859311230980274,-0.09807005284710361,-1.9206349113304066,1.1488848097017488,-1.7566285684661038,0.02531060515104655,0.07638518323680767
1791433677.4859893,5608.05334051,21.405000000003177,-0.5704354875083009,-0.11227786830632254,-0.4426735921491642,-0.0876644671397074,-1.5484648645811283,1.0358981787388701,-0.9884340431689275,2.2650924450157603,0.042770562481561726
1791433677.510134,5608.077497591,21.4250000000032,-0.5961021388523757,-0.09336492008884681,-0.48062743059954766,-0.06488999511112738,-1.0036779072544386,0.8895762447322899,-2.054478164859439,0.3770383116395958,-0.034063296751603585
1791433677.5343785,5608.101732621,21.445000000003226,-0.6099360251247835,-0.07674584132528597,-0.517244682286047,-0.042268290231928865,-0.39757969685785005,0.7830460810781854,-1.621904898047207,2.039551930675224,-0.001649224599174707
1791433677.5610938,5608.128452085,21.46500000000325,-0.60955423740886,-0.06234041059047332,-0.5465365586826001,-0.006028606829382602,0.42414560176071825,0.7176773921029619,-1.2524357065746892,0.45748003195076836,0.01846574620152974
1791433677.5849783,5608.152332169,21.485000000003275,-0.5924779667828101,-0.04955674414949775,-0.5741894580908506,0.01506070167154902,1.3472914206842392,0.6337329483963825,-1.372703593969021,0.5313367212175687,0.03846218321389823
1791433677.6086636,5608.176019328,21.5050000000033,-0.5568636009285891,-0.03755567322082911,-0.583907688788331,0.029357583643918186,2.239606610584295,0.6095935157520382,-0.34285410650608666,0.529203372373864,0.04608369443683921
1791433677.6339366,5608.201290842,21.525000000003324,-0.5029878059361476,-0.02674983563793556,-0.5908070472764816,0.06240518992146901,3.085701940943526,0.452165526128996,-0.17125810310784423,2.5927238505990995,0.02936260107901658
1791433677.6601486,5608.22756991,21.54500000000335,-0.4376953499675823,-0.019764912565475905,-0.5835937904189704,0.10358456373990085,3.47921711199626,0.1915170745617435,0.6812399692488784,2.411354774668252,0.023348517671315756
1791433677.6850986,5608.252471621,21.565000000003373,-0.37041714324459774,-0.019484832855906072,-0.5655451878277312,0.16089451933211232,3.3104929597238035,-0.14637893346018926,0.9609511747996055,3.0561133353086305,0.03302507012343073
1791433677.709049,5608.276418047,21.585000000003397,-0.2872302268338466,-0.020076215947103272,-0.5481181929186385,0.21377341885956783,3.3210236703753413,0.37837793200253583,0.5929541177675299,2.4469250709792005,0.04191103978039966
1791433677.735978,5608.303341718,21.60500000000342,-0.22515196603579848,-0.01876858661177109,-0.5250004032627227,0.25745498647730003,4.376221067073981,0.4968726749321809,0.9139683683688223,2.100584260194188,0.05361689222571049
1791433677.763573,5608.33092552,21.625000000003446,-0.15901426654478232,-0.012881857835851156,-0.47294003212036023,0.29382826721190186,3.700794064910881,0.6262884362685986,3.1179803266830652,1.957466548043449,0.027600944072027647
1791433677.7898211,5608.357175429,21.64500000000347,-0.11003327737511934,0.019301067288961252,-0.4402518919418303,0.3077838658670583,-0.6778952451876943,4.2871854257397315,1.1729504849406236,0.14162852874435802,-0.010047801891978337
1791433677.8160892,5608.383440088,21.665000000003495,-0.16096431652428497,0.05490322294868136,-0.42672020569793256,0.29881771533163487,-2.8787721889765927,0.5836426813946496,0.16371604188933664,-0.9154388726314461,-0.04165260009932184
1791433677.8400576,5608.407416637,21.68500000000352,-0.21550732460148878,0.0684141959638981,-0.4304969491177007,0.27099156428531973,-2.8686952101495145,0.6776631253519138,-0.6387227362173149,-1.7337709570559838,-0.04372625795075512
1791433677.8658357,5608.433200134,21.705000000003544,-0.30317818057506146,0.0890087469601099,-0.44668091398596477,0.23256441527524865,-5.5556179744781,0.21567888024841914,-1.0781964786603384,-2.08748912549014,-0.05670678364892371
1791433677.8910162,5608.458386822,21.72500000000357,-0.3873258573664745,0.09074095443078194,-0.47043017796213143,0.19093562705876943,-2.79153506257961,0.3832890022063571,-1.3330653221119118,-2.1160135233084216,-0.029268957920141916
1791433677.917933,5608.485314088,21.745000000003593,-0.4234687435723129,0.08454829960169197,-0.4972721332022297,0.1503770950632695,-0.6716958391626218,-0.6458982318099364,-1.35773018686929,-1.9749091462941237,0.008382531295219204
1791433677.94466,5608.512041888,21.765000000003617,-0.4236074407581678,0.06704591254638358,-0.5223149110556204,0.11382070856992901,-0.8832219216601236,-0.7881264237111982,-1.1291657376446165,-1.715581074898793,0.058136115739736906
1791433677.968875,5608.536230512,21.78500000000364,-0.45685961413959403,0.05254884906431529,-0.5410302084726738,0.08351931625188924,-1.6935822151175035,-0.6972102237759985,-0.7575672973913014,-1.34427154633401,0.09791290486516542
1791433677.9930506,5608.560436952,21.805000000003666,-0.48325251424294724,0.03503763461764545,-0.5497106129708131,0.061071900638421446,-1.100371747480882,-1.1334986144553238,-0.17159154957348058,-0.9307741538310562,0.070261858264725
1791433678.0189993,5608.586355866,21.82500000000369,-0.5047845639438963,0.018440911338737626,-0.545384833928433,0.04694907796138935,-1.091196844407205,-0.38349148243809156,0.601378952449011,-0.5738526907003938,0.05021217205977472
1791433678.0431929,5608.61054614,21.845000000003715,-0.5267783523091704,0.007324371756656379,-0.526287414405618,0.039845828805455445,-0.21875170480592165,-0.5086611467115887,1.3639140902381741,-0.29298883705706164,0.046438899024548286
1791433678.0675838,5608.634947102,21.86500000000374,-0.530051077211478,0.00806430342378973,-0.49097613064680135,0.03828703154798116,0.03664241523815713,-0.6929273701083712,2.136852929589771,0.025980856584583968,0.06045266676475995
1791433678.0912924,5608.658647763,21.885000000003764,-0.5225615922872459,-0.025608135704551515,-0.44052048240920044,0.04200957051054829,0.7837731874995855,-1.3743211377976934,2.8363944717323757,0.34157684357879464,0.07955349775049715
1791433678.1175745,5608.684930819,21.90500000000379,-0.5036735704923929,-0.065891943890221,-0.38215597154787945,0.050068229540154885,1.0464359575707114,-2.7127222531059108,3.047954220773535,0.5247056617334452,0.05797129737026075
1791433678.141275,5608.708629355,21.925000000003813,-0.4840121625016655,-0.12553382958047304,-0.3267504102764618,0.06104181071955065,0.7599968241355408,-3.015039887938185,2.632437526634718,0.6066766310501824,0.026483382045983037
1791433678.1693819,5608.736753306,21.945000000003837,-0.47498599234538597,-0.17729948369279847,-0.28497612577771014,0.07351805576089863,0.21569081818580976,-2.2640950271028477,1.703900185425537,0.7165597952159755,-0.014206148628491672
1791433678.1943445,5608.761716215,21.96500000000386,-0.4668433571210811,-0.21152523654486163,-0.21349982428225245,0.07362680610741963,0.9365760627956519,-1.1985530031051062,1.079253715868345,0.3025948011227213,-0.04648985148369823
1791433678.218727,5608.786081345,21.985000000003886,-0.432455308182115,-0.23856122217443523,-0.18018421493660589,0.07324496494876985,1.3723858239097184,-1.1410134094523756,3.453661609158535,-0.5679429887538568,-0.04057653578782119
1791433678.242625,5608.809977307,22.00500000000391,-0.4223303548395109,-0.2486584913637716,-0.11744089947396828,0.057859844234002554,0.23512889044572782,-0.24420678407611593,2.689118377477318,-0.6566223200059468,-0.018013741832408153
1791433678.2680075,5608.835381594,22.025000000003935,-0.4239195954626374,-0.24867416615561122,-0.10582549824483659,0.009579035207465733,-0.5087060531106615,0.23700078848507986,-2.460148211503121,-2.282168585972062,0.016465172472475736
1791433678.2920978,5608.859460208,22.04500000000396,-0.43830612610342956,-0.2409811505197942,-0.16191461429712278,-0.012125677644752135,-1.0905891193774397,0.5496374577666111,-2.4711283738640297,-1.2971064385943658,0.01786297461848912
1791433678.316763,5608.884119413,22.065000000003984,-0.4639081403089745,-0.22698476707849138,-0.22951770549198175,-0.0322780428200799,-1.54805557744609,0.8358795502723094,-3.748068775628357,-2.740639023179465,0.043193374788114504
1791433678.3409355,5608.908288259,22.08500000000401,-0.4954880071775958,-0.2085243856025827,-0.3279955688070873,-0.06876962995521488,-1.6561392972117872,1.011549644015816,-5.280399734092267,-0.9185466626532327,0.06894755035567587
1791433678.3651378,5608.932488517,22.105000000004033,-0.5282251664562385,-0.18776986194693046,-0.39813908477387094,-0.08985407967297238,-1.629384428411471,1.1073749453849535,-2.3980652517782417,-1.373507335038343,0.06351319037951655
1791433678.3907692,5608.958130365,22.125000000004057,-0.5573136714514663,-0.16647038733278635,-0.4280647465995594,-0.10199285005873089,-1.3042178923667598,1.0805248552645443,-0.4135144975485202,-0.0926625030658779,0.038546290720908184
1791433678.4154518,5608.982804459,22.14500000000408,-0.5782543867326305,-0.14605383603047625,-0.44750431765837745,-0.07515345112291698,-0.7821188768000831,0.9849937676826092,-1.9457361910991282,1.1550707791233583,-0.027725555879604888
1791433678.439479,5609.006829421,22.165000000004106,-0.5876298523314575,-0.12780209213485583,-0.4855327292513785,-0.06264297499285373,-0.17078849406458674,0.8504371842959628,-1.693950433159101,0.9264908627953176,-0.05106733422940593
1791433678.4636002,5609.030960277,22.18500000000413,-0.5836339064358225,-0.11251952218988667,-0.5171611998462711,-0.018169977589722774,0.5551846838273364,0.6950794401782963,-1.3719532726410044,1.935841595240757,-0.01896319214971528
1791433678.4877446,5609.055097031,22.205000000004155,-0.5644522753095643,-0.1001190430043384,-0.5424076652209051,0.01045735191978824,1.4004569561931934,0.598947431632581,-1.3303309710566193,1.6798638800534094,-0.004347851873325073
1791433678.5120144,5609.07937858,22.22500000000418,-0.5286705373817951,-0.09003360366893005,-0.5657211845028481,0.037131273387350866,2.209458880810052,0.4904663401271263,-0.7957374943459887,0.9253115485640344,-0.00022863412364325017
1791433678.5361242,5609.103481041,22.245000000004204,-0.47635700448810614,-0.08109999616967226,-0.5627693022267309,0.07079861480706975,2.978807858660958,0.3946547263019643,-0.2641836716907223,2.3302887794792726,-0.012534924321537324
1791433678.559902,5609.127250262,22.26500000000423,-0.4129108646423416,-0.07460777767836443,-0.5641589931531927,0.12105166712220687,3.352304160267873,0.20086351404083996,0.46992338474587697,1.7750214432037454,-0.04020087211102185
1791433678.583355,5609.1507045,22.285000000004253,-0.34997005453727126,-0.07227105198847746,-0.5479575899415172,0.17257957919466121,3.043699313070542,-0.008001758948180601,0.9987195261825927,2.96008486275182,-0.03205631454206786
1791433678.6128922,5609.180251919,22.305000000004277,-0.27288284391556644,-0.06953832222606167,-0.5291125790507275,0.22416919369052166,5.066533555410725,0.5476802446862732,0.7583233201052959,2.1492467688042955,-0.01843209709643093
1791433678.64082,5609.208171755,22.3250000000043,-0.2268640828938041,-0.06435555888795082,-0.5051324048055114,0.2608169656623154,2.6295104730455234,0.4918411236196648,0.9671854585400095,1.0913881664766583,0.007363695882989953
1791433678.666,5609.233364516,22.345000000004326,-0.16504964385798362,-0.050116030720493594,-0.4640534811894706,0.2931319520114418,2.796933905951001,0.9072684388297942,2.6497028210745084,1.4711500110041105,-0.01195515676482703
1791433678.6939158,5609.261306431,22.36500000000435,-0.1120327148308851,-0.025019037859770395,-0.4294210633485839,0.3060690151143759,1.6204160246370456,3.159175773613651,1.3665582744369256,0.1138988052557767,-0.03839671900344946
1791433678.7187605,5609.286148672,22.385000000004375,-0.14802246099175648,0.03793838306803004,-0.4119001704012822,0.2963608993253713,-3.0541544949260597,1.1150348446905651,0.3708441818406015,-0.9650540763249476,-0.07714404330154188
1791433678.7452793,5609.312647217,22.4050000000044,-0.20542549577236335,0.05953660039406531,-0.4117338521474656,0.2674230859344353,-2.8117418808072374,1.1514334252494054,-0.4389055280671304,-1.8076352547303192,-0.05259697394416939
1791433678.7693775,5609.336735328,22.425000000004424,-0.279370042994435,0.08958716986282556,-0.4248571241138321,0.22631335648295767,-5.048134196124743,0.5331459117420153,-0.9571646384767439,-2.2421254620715634,-0.054362623454121246
1791433678.7931912,5609.360542839,22.44500000000445,-0.3783744649155331,0.09690476070109415,-0.44644849506667045,0.18133565819687913,-3.6030173293938543,0.7113421377035418,-1.263359055735299,-2.3117767482953493,-0.029625645300043996
1791433678.8171651,5609.384519441,22.465000000004473,-0.4249364365845591,0.09383408404978048,-0.47195788314345355,0.13727706335969395,-1.2481720908798697,-0.5020550530905667,-1.3003199817436835,-2.146088671864151,-0.0032172704978956604
1791433678.8464153,5609.413763798,22.485000000004497,-0.42876385170834347,0.07166441324768617,-0.49630812747166164,0.0974947837269221,0.32412757265931397,-2.354416627248551,-1.111590125418854,-1.8883638265297442,0.03249174142516079
1791433678.8707914,5609.438152891,22.50500000000452,-0.4535186202885251,0.048103477230889015,-0.5149933100798503,0.06417992141999253,-1.6875894196599914,-0.5779462108737179,-0.7541307157652587,-1.4796094586053194,0.10136343053680281
1791433678.8959012,5609.463263032,22.525000000004546,-0.47969540210971096,0.027619796494601098,-0.5242952068554733,0.03873249178780607,-1.0127792142806127,-1.8379644937096702,-0.21720366499405475,-1.0694917845048266,0.07899533118105757
1791433678.920498,5609.487844085,22.54500000000457,-0.49750381431697793,-0.0058757485785948995,-0.5211595022046155,0.02156828226934886,-0.716889674614417,-0.29344447764931514,0.5008834862353426,-0.7164882218970448,0.0537791958288251
1791433678.947906,5609.515266214,22.565000000004595,-0.5154336184277677,-0.029469302767171406,-0.5042453876150543,0.011355077861021584,-0.9089663080643771,-0.9392111957563083,1.214782159648532,-0.42247171749043994,0.03889407438878685
1791433678.9745562,5609.541917333,22.58500000000462,-0.518865502381228,-0.04523415902983736,-0.4726792475579804,0.007127242500003862,0.0353015667372313,-0.8703986041384321,1.9216621658272388,-0.1229709954878079,0.03907647788039886
1791433678.9998443,5609.567224905,22.605000000004644,-0.5145129267803552,-0.08947926727012394,-0.42723033824101414,0.009249763760313832,0.6460302659674054,-1.9719912902706138,2.569696845912433,0.2984135231299918,0.061202604293936765
1791433679.0254736,5609.592845877,22.62500000000467,-0.4950427720577049,-0.12908073927132335,-0.37475299723214384,0.01751705217779225,1.0921250237070073,-2.4536645117624047,2.746966007611956,0.5912994268864393,0.052333685774594456
1791433679.0515301,5609.619113264,22.645000000004693,-0.4748878848068138,-0.17868775040909457,-0.3257432425202926,0.030932810522289387,0.7611357950709676,-2.345588772883124,2.2961831853175245,0.8080306310825649,0.02868887834264742
1791433679.075297,5609.642654302,22.665000000004717,-0.4650595112610226,-0.21384284252920718,-0.2912456910265829,0.048154778305235964,0.3507754809454459,-1.272876048148918,1.2977930065768286,1.0206551673943924,-0.008084845718100588
1791433679.1010828,5609.668435563,22.68500000000474,-0.45098377574010634,-0.23036991262764567,-0.22376324441942455,0.05102028457768162,1.4638575365872957,-0.23667428938078122,0.5057504945483569,0.7159869424270523,-0.03932677845232466
1791433679.1273103,5609.69466282,22.705000000004766,-0.41642553749491307,-0.24145865546458692,-0.18381333194941624,0.053365368481620316,1.036003930772099,-0.18301747341153723,3.3540129495182125,-0.40107205736797436,-0.006863652079114865
1791433679.1511304,5609.718477011,22.72500000000479,-0.40300841603079784,-0.2386386060505757,-0.12245831666646835,0.04288442461059889,0.33002708365329947,0.3457783348542034,2.7560006350720734,-0.43243917609335736,-0.0009325671675766343
1791433679.175334,5609.74270466,22.745000000004815,-0.4028605877719201,-0.22832104000639505,-0.12210926555374252,-0.003444083708366843,-0.4556788036989933,0.7030578877126105,-2.8001930049994908,-1.3802150216430449,0.037750772207534006
1791433679.2025425,5609.769910486,22.76500000000484,-0.4174349485776865,-0.212160327764727,-0.17925116965606389,-0.02008798801150717,-1.1436999190313335,0.9323718666175798,-2.5538517305094506,-1.115921768991659,0.03984331983022887
1791433679.2266958,5609.794059098,22.785000000004864,-0.44492955075172147,-0.19173704213331916,-0.25251787091320127,-0.037309249523061715,-1.6658405395982259,1.114184039140481,-4.033996974107229,-1.8922771504967741,0.06176036167202756
1791433679.250653,5609.818011592,22.80500000000489,-0.4794249717391898,-0.16904766030611007,-0.35115177837956413,-0.0686350533751321,-1.8179271806796171,1.164870085958333,-5.06278494791356,-0.48956197603327883,0.07952063636977506
1791433679.2745318,5609.841880779,22.825000000004913,-0.5157886283111458,-0.1462636208182097,-0.4160556650824709,-0.08957544282355681,-1.8384196560435975,1.169355395018722,-2.080906843358431,-1.071595915434958,0.07641085859451179
1791433679.2992995,5609.866676986,22.845000000004937,-0.5492124398510888,-0.12466448281573407,-0.4362889420153292,-0.09624866468123462,-1.5134583019012147,1.0755771562360892,-0.22546411386361018,0.6045253467425941,0.050449001475485894
1791433679.32745,5609.894807912,22.86500000000496,-0.574401161465501,-0.10509829108957226,-0.4685768324905286,-0.06795853689252235,-0.9950977333979089,0.9265065293941454,-2.0749423189833798,0.44695760634191917,-0.03638996152874383
1791433679.3519828,5609.919340083,22.885000000004986,-0.5882159948159382,-0.0878060953963964,-0.5080932817688741,-0.046703608015428465,-0.40033095487847076,0.8001020307440619,-1.9661414235606833,2.225800405800003,-0.02701757264240896
1791433679.3762825,5609.943642087,22.90500000000501,-0.5882011946922403,-0.07300331548180558,-0.5381170206072038,-0.006746315412443513,0.3886773863410069,0.7123337611400599,-1.2342874530348764,1.4996950799492037,-0.0008138869528118798
1791433679.400274,5609.967633867,22.925000000005035,-0.5720073541344214,-0.060157139974297925,-0.5647220080045934,0.027170231957482922,1.2848388330929343,0.641166522347329,-1.4085566903027582,1.243834370718788,0.019968615847443565
1791433679.4240868,5609.991446117,22.94500000000506,-0.5376294664430549,-0.048177793891161544,-0.5778035792677867,0.05114880701490537,2.168155300856766,0.6071772057420293,-0.4248391087864163,0.8947130653906922,0.02444899139870827
1791433679.4485488,5610.015904271,22.965000000005084,-0.48534878108125284,-0.03699048956607355,-0.5859284845710038,0.09004044180876972,3.003078769033499,0.4873860917501934,-0.22041323880885338,3.0386044694812626,0.009028553757620142
1791433679.4722655,5610.039619109,22.98500000000511,-0.4219801207778867,-0.028829345061188304,-0.5778895787754649,0.1354022785325248,3.3560984735894306,0.26881040142132034,0.7770928570928488,2.4842001673181464,0.0021284470269118216
1791433679.49622,5610.063575032,23.005000000005133,-0.35790306500834373,-0.026394079765521446,-0.5584299331719723,0.1904248796375278,3.131313300938699,-0.020574528927810566,0.9902099287367455,2.8351221558967965,0.00645908036674831
1791433679.5206282,5610.087994862,23.025000000005157,-0.27875900474523885,-0.024156785140988252,-0.5404094817842355,0.23764931019929245,2.586398072609069,0.4894350128099799,0.7064953409658064,2.055353281705892,0.02174159009895907
1791433679.546126,5610.113487776,23.04500000000518,-0.21876984045006856,-0.0188691002614671,-0.5129586116503221,0.27191600119980003,4.605235242625679,0.3920581527965523,0.992677284363462,1.447115370785179,0.03603948950073513
1791433679.5701983,5610.137562192,23.065000000005206,-0.1568811515089246,-0.008447859813669467,-0.4651047771374394,0.3012695495110632,2.9320179587755253,0.5324970375891477,2.7303722320364505,1.4888759698875824,0.008664547313517568
1791433679.5954032,5610.162758707,23.08500000000523,-0.11409158778216867,0.03064199222486932,-0.43259917312474727,0.3077797547225783,-1.0349914913892766,4.5658979512364075,1.167035248550326,-0.2398329473920666,-0.02906425586245623
1791433679.6219852,5610.189336114,23.105000000005255,-0.16847811459733,0.06413751862543357,-0.418846063203758,0.2918869553667601,-2.980679331622077,0.6051945564644365,0.18684080782006876,-1.231749724930453,-0.04903521765252804
1791433679.648708,5610.216060175,23.12500000000528,-0.22580335455044603,0.07788115123871067,-0.42197661435889117,0.2587499572095658,-3.0377999868449295,0.6719940041793239,-0.5913236831462476,-1.953427920195169,-0.05316068664527272
1791433679.6725814,5610.239949063,23.145000000005304,-0.3162468408620081,0.09570356053374587,-0.4374221644734437,0.21668347308701655,-5.5208194190405715,-0.010482706900753591,-1.048008234218528,-2.236753541850969,-0.06653849478913462
1791433679.701723,5610.269095597,23.165000000005328,-0.3988515594203286,0.0957645487805902,-0.46048499990153036,0.17273247063347802,-2.706789315219471,0.19872598410830286,-1.302741598669497,-2.2063943162008943,-0.039515208149665554
1791433679.7257726,5610.29317168,23.185000000005353,-0.43203748677923115,0.08727456008779576,-0.48648413889967607,0.13125215851273622,-0.5269317156271855,-0.9350427472731345,-1.3051991293099885,-1.997411890065911,-2.8826961880330545e-05
1791433679.7503736,5610.317727571,23.205000000005377,-0.43371247044374955,0.07058499773278687,-0.510591760755239,0.09528571429959362,-1.2191556630109677,-0.8220629216124588,-1.090361227594943,-1.6469689632845321,0.0482120537468604
1791433679.774644,5610.341988363,23.2250000000054,-0.46736782980271846,0.05592572404306822,-0.5285854231688522,0.06676948404101918,-1.5407230768091096,-0.7237069484822399,-0.734839520376177,-1.233072752503526,0.08090820641318663
1791433679.7991326,5610.366481308,23.245000000005426,-0.4909493179224944,0.03428840255375441,-0.5368591864006649,0.04690394022429587,-1.0059092490260768,-1.5003398911368397,-0.13861996525803605,-0.7850416235474716,0.059174175281486094
1791433679.823109,5610.390457672,23.26500000000545,-0.510234958017428,0.013382952586977984,-0.5325269858068598,0.03578410676977904,-1.0426837764269108,-1.0584520627329776,0.5936751962936676,-0.4250244840522828,0.0438357348202236
1791433679.8534675,5610.420825423,23.285000000005475,-0.5290615530287951,-0.007743497866555829,-0.5136999241731651,0.03200827780119894,0.1534417300926616,-1.2026676451181835,1.3272834816390278,-0.11882144295371258,0.04518574925847454
1791433679.877787,5610.44513591,23.3050000000055,-0.5286716723701173,-0.024260518566848275,-0.47878724535697864,0.03383845598454025,0.05872589715612931,-1.8941012926160083,2.1128179774554283,0.2068036881995018,0.05687393197582273
1791433679.9054425,5610.472792174,23.325000000005524,-0.5202244370150481,-0.06949866807153934,-0.42949847479303627,0.0408300357377396,0.9110085730988408,-1.7780519171333882,2.752057149923903,0.49703211327230823,0.07204159634319782
1791433679.9319315,5610.499281865,23.345000000005548,-0.4983335282364221,-0.12173180082743691,-0.37409143577618553,0.051466284967863346,1.156159127593275,-3.08653671141738,2.887409616048784,0.6286684488663015,0.05341426639813455
1791433679.9577396,5610.525115345,23.365000000005573,-0.47872601190578973,-0.1809616378760875,-0.3226294425247845,0.06416694563458276,0.6745958341873547,-2.7155957901893006,2.3881317725306817,0.6768950179830623,0.01685950215634008
1791433679.9849184,5610.552276637,23.385000000005597,-0.4706827673828374,-0.22409190952885888,-0.28604217716075814,0.07743701145014709,0.3028513413738761,-1.6514738107180058,1.4059103772056059,0.7528066727501204,-0.022527538977472603
1791433680.0116918,5610.579054475,23.40500000000562,-0.45788598744919906,-0.24674320091743018,-0.2188203254717671,0.0761125625817636,1.3698387009686603,-0.5495993649472687,0.7638414688718931,0.25444818992164897,-0.0536723619486622
1791433680.0369518,5610.604307212,23.425000000005646,-0.4246206914505148,-0.2601408939496818,-0.18730559577760206,0.0724558537013695,0.6511529070766637,-0.12315693773989211,3.1649836543082546,-0.7630800895474242,-0.024848248439215466
1791433680.061704,5610.629076232,23.44500000000567,-0.4175996377919429,-0.2557336880341052,-0.12854914359388245,0.05397520026137435,0.05836023325130965,0.45753465219906964,2.5800562387913555,-0.8407183529077842,-0.015327419510745365
1791433680.087008,5610.654372325,23.465000000005695,-0.42249432349650934,-0.24274319676851208,-0.107695088527602,0.006544559720294949,-0.6719543911426645,0.8424738856335305,-2.098859443946755,-3.1068527565218136,0.005901308957243474
1791433680.1142828,5610.681653766,23.48500000000572,-0.43971368775743286,-0.22430500952825821,-0.16493081087432654,-0.019508921179618728,-1.2097461632940578,1.0090008346725943,-2.6570911482608475,-1.3291932815332357,0.008523453000943374
1791433680.1391637,5610.706533741,23.505000000005744,-0.46724266186561697,-0.20278127721351974,-0.2320580698817997,-0.03916386701622442,-1.6315694507611351,1.1199080585051735,-3.830309611586213,-1.3913986765424093,0.032655758860263694
1791433680.1661334,5610.733503647,23.525000000005768,-0.50015619640619,-0.1802745440793426,-0.33309621552684976,-0.07932742662578046,-1.7076648095469387,1.1228656998138584,-6.073734710623492,-1.1454465798750388,0.06505085949373775
1791433680.1934874,5610.760850992,23.545000000005793,-0.5345634875710998,-0.15766273983630966,-0.4184246426325747,-0.09675932221863337,-1.6752811758254733,1.160073913948635,-2.8793348600470052,-1.2098357200784404,0.06265186057400234
1791433680.2181602,5610.785527849,23.565000000005817,-0.5635112602865735,-0.13599427904269876,-0.46085663968607377,-0.10647862983697617,-1.2442211042839844,1.0798989257575602,-1.0418245202091658,0.03118539115218813,0.02906189191241342
1791433680.2421176,5610.809474155,23.58500000000584,-0.5828620797846984,-0.11561553330619101,-0.4642277261915629,-0.0828247847699336,-0.6516876506066435,0.9799089172133683,-0.6299804394684233,2.4401610450373292,-0.01172157523648648
1791433680.2670333,5610.834385388,23.605000000005866,-0.5887877858781071,-0.0979694860588664,-0.4967175101492878,-0.06102619369944651,0.07438869826668157,0.7797470655547842,-1.8053254011034174,0.6695297404727831,-0.0711391713911018
1791433680.2908263,5610.858180303,23.62500000000589,-0.5802392032070925,-0.08427081931633326,-0.526427672376021,-0.022437000212589882,0.7728276898443538,0.5504810531712758,-1.2115947698451006,2.7899002219095768,-0.038534190960900785
1791433680.3154316,5610.882784686,23.645000000005915,-0.5566284971322981,-0.07544195851289119,-0.5468051130680773,0.020972453918308737,1.5800790970512986,0.3801900811197338,-0.9314186502950969,1.4634603477101282,-0.025253166414002975
1791433680.3392615,5610.906613989,23.66500000000594,-0.5178128096563964,-0.07114824949979626,-0.5701523469474822,0.06962663113095151,2.3199667978043186,0.1666414366942156,-1.1717077423238926,1.9838414360731926,-0.0007346821730236864
1791433680.3643234,5610.93167903,23.685000000005964,-0.46451837724045,-0.06940409395987815,-0.5754086405938621,0.11115438451808722,2.966961266987379,0.036023524616484844,-0.23931490553791304,2.225001952096439,-0.0017061331417552394
1791433680.3882613,5610.955613512,23.705000000005988,-0.4025573523083016,-0.07000799704283257,-0.5635778178049933,0.18289558608696674,3.2548363567469925,-0.12087683647197693,0.15137114494564702,2.4412451440906113,-0.036241011006473554
1791433680.4135542,5610.980907042,23.725000000006013,-0.343241901141062,-0.07320135446297257,-0.54872785557762,0.22888512155907237,2.8168716234786877,-0.2591594108113804,1.2022595439554964,2.7849295911716623,-0.05673181610795511
1791433680.4383903,5611.005748574,23.745000000006037,-0.2756168591276073,-0.07371448367942143,-0.5187957419145797,0.2762151840855034,0.8860735696918765,-1.9014204011841227,1.6055118220252766,1.9306732369502209,-0.04409162476023569
1791433680.4622538,5611.029610201,23.76500000000606,-0.23378960096117812,-0.06507585801039911,-0.4865924698672554,0.30118621877368723,1.9846355474884705,0.4025754946094995,1.694401748436515,1.1950607862338687,-0.029138463937125395
1791433680.4866395,5611.053997094,23.785000000006086,-0.1800776008978864,-0.04336810172429037,-0.46121267552324485,0.3125107604007349,2.383600985937118,1.293283044738661,1.245764736707433,0.19272716773620807,-0.07079075732336913
1791433680.511044,5611.07855532,23.80500000000611,-0.1340672344930214,-0.01794289764700832,-0.44477036523976465,0.3050097921976207,2.5532196331055053,1.4426641059982868,0.44748668473674547,-0.8372927087084221,-0.057283100766203174
1791433680.5397298,5611.10711188,23.825000000006135,-0.1512537191976966,0.04822987460671666,-0.4430934330712773,0.27902611371336866,-3.0021415143657686,1.61961548122546,-0.34755119743975293,-1.7184760673005983,-0.08364986641231076
1791433680.5646813,5611.132050871,23.84500000000616,-0.2123221379812217,0.06987755414837261,-0.45455886136149,0.237900876874683,-2.9362102353497854,1.1227599882770787,-0.8862464288032067,-2.315415065150322,-0.04383589432451815
1791433680.5890293,5611.156391328,23.865000000006184,-0.2835439269574505,0.09807842427842252,-0.4735534525463103,0.18903153234348868,-4.368434288084989,0.6094185608958047,-1.0931658863779077,-2.521183119450234,-0.035830533027255744
1791433680.6144,5611.181762694,23.885000000006208,-0.3951817691196849,0.10139288486620358,-0.49419880271679834,0.14114383568590366,-4.52091130939678,0.4591098485746432,-1.0306397876230726,-2.3276427191497264,-0.008107347154908974
1791433680.6387935,5611.20614569,23.905000000006233,-0.4576717812518842,0.09539679604169593,-0.5118894453915455,0.09921673657973,-1.9561582712861563,-0.44648594156104926,-0.7544180961029378,-1.9378149493261652,0.01280666303359156
1791433680.6678672,5611.235223023,23.925000000006257,-0.47672733040549087,0.07903250744183721,-0.5228899242427849,0.06566986705657797,0.4131187628130429,-1.162124517352491,-0.32211060575684947,-1.4774977488113838,0.03507729075178762
1791433680.6954594,5611.262831489,23.94500000000628,-0.4551404692005309,0.05205766326714016,-0.5240583416839791,0.04134876290882104,-0.2917932947673202,-0.9542462294490903,0.22963969445805793,-0.9843728861457779,0.06394577832717538
1791433680.7228513,5611.290216266,23.965000000006306,-0.47556892262381945,0.03117139918532275,-0.5125477860324177,0.027095682136044644,-0.9202970486133286,-1.3312786336487257,0.8410679622940362,-0.46651448417459196,0.09577216827424766
1791433680.751268,5611.318633303,23.98500000000633,-0.4858321576334264,-0.008723751977829444,-0.48831236606205985,0.022000779887402216,-0.31019631191766756,-2.6017388429071264,1.489451930863656,-0.058037934696586774,0.06130826252566775
1791433680.7756782,5611.343038024,24.005000000006355,-0.4931114148185005,-0.05315478088718248,-0.4539357540278759,0.023605641551108832,-0.5253907627929729,-3.3559284465938664,1.9311410669534597,0.13606921282659626,0.032161360303615105
1791433680.802105,5611.369469172,24.02500000000638,-0.505829454794494,-0.11176195816049948,-0.4126798035929956,0.03043599747294838,-0.1537371370202405,-2.830708061947089,2.216865405563142,0.39269847244563777,0.0024150717175589406
1791433680.8262105,5611.393566153,24.045000000006404,-0.48651194733031955,-0.18570117070404873,-0.3673074335885204,0.04049321985159622,0.4645680461571657,-3.8205156467102235,2.3894441973831944,0.546674163088268,-0.01373267994776405
1791433680.8517191,5611.419078029,24.065000000006428,-0.4841447946852022,-0.23830431111193492,-0.32427047643075324,0.0531537757236757,0.3980158780072041,-2.4082775648541266,2.0913063218366292,0.7875105936851589,0.03319618163725813
1791433680.8801782,5611.447550666,24.085000000006453,-0.46690942660005,-0.28160374053841214,-0.2936860150377062,0.06788972564913909,1.1204210459407837,-1.82023718086464,1.146479976822334,0.8827214340423348,0.02163398234528135
1791433680.9066901,5611.474110376,24.105000000006477,-0.44706998819752414,-0.3008827039258969,-0.25285895937636865,0.07762626004591609,0.7812113649359843,0.27143719905413316,6.632126676382965,0.42560424178224365,0.021179633262302495
1791433680.9308016,5611.498165657,24.1250000000065,-0.43931671154563584,-0.30038722842429233,-0.22981623953607141,0.07262366984516733,0.31482626043467116,0.3537246629382024,0.6373188747439846,0.009429130963479589,0.03936988537730906
1791433680.9547465,5611.522102235,24.145000000006526,-0.4379324088768233,-0.28637819725394237,-0.18663589468836705,0.054459720638587256,-0.17981404837663315,0.9813196852103313,2.2807190587101887,-1.257101095778679,0.05421738872660645
1791433680.9790032,5611.546365719,24.16500000000655,-0.44696141223048086,-0.26176509919283764,-0.14226293521262773,0.030881717413373304,-0.8418070153695517,1.4510895065442704,2.2983934425977197,-1.222676107649556,0.021749190965377103
1791433681.0048926,5611.572249551,24.185000000006575,-0.46616420471471665,-0.23156942887931778,-0.14262999372034957,-0.02503816243918324,-1.242562029867123,1.5918204397971274,-2.8335931999681896,-2.257510347367998,0.04220392330108574
1791433681.0319777,5611.599373563,24.2050000000066,-0.4922000870275543,-0.2005507342327278,-0.20759074891959972,-0.046664365477965895,-1.4905427076104059,1.520647368743682,-3.1311324320804457,-1.1094387844724711,0.034112369591166244
1791433681.0559523,5611.62331757,24.225000000006624,-0.5222254709954101,-0.17140007898987636,-0.278767506526606,-0.07032929822390975,-1.5811929642671254,1.4063397677488578,-3.924823341057354,-1.7395541115663922,0.04916879269772173
1791433681.082252,5611.649605404,24.245000000006648,-0.551193168294088,-0.14562034427739112,-0.38945577275989496,-0.09567035388773511,-1.3872014763078129,1.247937212901019,-5.285948338997753,-0.16263270798580287,0.07133716326311795
1791433681.1061087,5611.673488196,24.265000000006673,-0.5747994086761014,-0.12281370213279226,-0.46457811375857716,-0.1077559818274659,-1.021647376104788,1.1298216597130823,-2.915421422093628,-0.4481985372685443,0.05466282448975187
1791433681.1342971,5611.701652037,24.285000000006697,-0.5893023330712186,-0.10209143808739626,-0.49902836623392705,-0.10335559610250719,-0.4247784582782627,1.0138165332635483,-0.5819903915879753,0.8738442720229067,0.026718542857452718
1791433681.1613946,5611.72875411,24.30500000000672,-0.5917252285753969,-0.08315775733597361,-0.49947981932164115,-0.062036512608765755,0.2633857159946286,0.8925710472108752,-0.9557145238742466,2.182123286010176,-0.027249822769958864
1791433681.1866596,5611.754036538,24.325000000006746,-0.5792977728801622,-0.06786552540076392,-0.5299832193595101,-0.03835713777923361,0.9914804222337672,0.6226010782896523,-1.4592339799749392,1.3927833147532471,-0.07199974160262802
1791433681.2208724,5611.788246734,24.34500000000677,-0.5521155233852227,-0.05828464772390389,-0.5521665002099393,0.022070972474080502,1.691018212874583,0.2956550764483446,-0.752345588141836,3.3560823094568235,-0.041766911753819025
1791433681.2490335,5611.816407389,24.365000000006795,-0.5116407018657594,-0.055636799172329915,-0.5643610965707975,0.07982056438015761,2.331526667317297,0.010846335726647987,-0.6005294520226399,2.2223901884310653,-0.016335546856064382
1791433681.273761,5611.841135248,24.38500000000682,-0.4603608796270581,-0.05864567045498309,-0.5791368632689659,0.14543542955407554,2.7864119787808495,-0.20946880159845221,0.19562923990087863,3.5395707863116574,0.02383462040489329
1791433681.3012624,5611.868632159,24.405000000006844,-0.4016468009555508,-0.0641835921336301,-0.5743215798972775,0.21054090574834303,3.1078534238121747,-0.3022804719048415,0.048202742260913714,3.653087395487395,0.017846630253737537
1791433681.3252912,5611.892648224,24.425000000006868,-0.34234447446343574,-0.07031112334646923,-0.5698451623158554,0.27585055542719605,2.9401324286861583,-0.3382122883066735,0.9749101531749728,2.208821767952426,-0.02436101317248287
1791433681.3507414,5611.918100911,24.445000000006893,-0.27382707066377304,-0.07052379896312624,-0.543150228796223,0.3222415862044542,3.803453486839568,0.6853475592448004,1.6518445360290157,2.0090298026390063,-0.033056148224251576
1791433681.375486,5611.94285722,24.465000000006917,-0.22442938255433809,-0.06194480820393653,-0.5021159797558377,0.3479427841898627,3.6711142070593517,0.5165616432682474,2.267961268067994,0.7909255907427535,-0.021587175219918885
1791433681.4018018,5611.969166237,24.48500000000694,-0.17083391223005504,-0.04352208963114966,-0.4819185197325632,0.350781117396488,2.7144569581799556,1.0453040362687638,0.7727988906149577,-0.37062840806658787,-0.05539735481298606
1791433681.4263575,5611.993712889,24.505000000006966,-0.12537781090434683,-0.006286736491234701,-0.4745031235147072,0.33136070583569166,-0.5213778841650084,4.301517669010165,0.028462658345693486,-1.457128603501845,-0.06266753311080396
1791433681.4503012,5612.017655769,24.52500000000699,-0.17931458565380443,0.04049529844631083,-0.4798190731440968,0.2929166250640799,-3.18834398821449,1.0768855189588036,-0.6367669965017957,-2.2688104377113656,-0.07888947002914926
1791433681.4741113,5612.041462114,24.545000000007015,-0.2422755817599009,0.06164867412364463,-0.4945736637678827,0.24176053694559307,-3.498707558391129,0.9712430286256767,-0.96721649814611,-2.72061725896729,-0.07240337641739401
1791433681.499418,5612.066772071,24.56500000000704,-0.3357457863076448,0.093518967980443,-0.5132847834109427,0.18701407363475844,-6.220000052522992,1.006957097032182,-0.9866848094674237,-2.7383742272250493,-0.08017999701625264
1791433681.5233877,5612.090742965,24.585000000007064,-0.4359843777887546,0.09852454467774821,-0.5308036380978163,0.1368879656287865,-3.3730978237146325,0.5065612312691703,-0.8223124896038265,-2.3869077191217594,-0.05337349263377158
1791433681.549147,5612.116516829,24.605000000007088,-0.48413661502344685,0.09435427024500614,-0.5435272114498286,0.09523650847843888,-1.3556304228786438,-0.8015588245096477,-0.4615647615850529,-1.8763200293399984,-0.012440954389458228
1791433681.572962,5612.14033698,24.625000000007113,-0.48478945643066024,0.07603523832806322,-0.5482334542314975,0.06393534400718477,1.234307873579362,-1.340415341405144,0.011365582889630365,-1.3241102509661795,0.007751696085177937
1791433681.5992794,5612.1666431,24.645000000007137,-0.4791932679175262,0.050541414396304794,-0.5420366934085983,0.042960236708288795,-1.261075313206073,-0.9021030348177892,0.5927185893552086,-0.7867145031171742,0.04727555881460618
1791433681.6287646,5612.196122326,24.66500000000716,-0.501795604968569,0.02493218970920374,-0.5232721512693018,0.03237758175681805,-0.6935145302114438,-1.5070022577732156,1.2104817354966269,-0.28194156513866503,0.0463365181093299
1791433681.6543684,5612.22172339,24.685000000007186,-0.5139077549956224,-0.023044787709792475,-0.4919177440829879,0.030844575253368544,-0.3989277078953479,-1.7513711231115567,1.8565529810672012,0.07362103425713959,0.020995204284494282
1791433681.6788595,5612.246219995,24.70500000000721,-0.5268363285655229,-0.06838316129391742,-0.4505195944576596,0.0354661688934663,-1.3905074722928732,-2.430892824114905,2.2930189743044926,0.29007388787000843,-0.006906939541735405
1791433681.7069364,5612.27429875,24.725000000007235,-0.5292383503911207,-0.12180377307994283,-0.40138655449014127,0.04396253854195563,0.4820748012662629,-2.9132871555352833,2.6269369029997174,0.45167285226103043,-0.0419141724839916
1791433681.734212,5612.301590917,24.74500000000726,-0.5194757281809159,-0.1921607072091319,-0.34787021003517477,0.05455511506064916,-0.218446605657561,-4.2861053560875835,2.8086158316410454,0.5782757975593599,0.0005442975627023185
1791433681.7599447,5612.327314464,24.765000000007284,-0.5046378593401494,-0.24164283108770757,-0.29749527548727384,0.06655766335590267,1.166624288833714,-2.7638573095860295,2.427569336648863,0.7697346052520488,0.03832264490086581
1791433681.7869987,5612.354354427,24.785000000007308,-0.4781840684848522,-0.28635473306686593,-0.2628375446008882,0.07962548592090879,1.2775721374137692,-1.7520814706898244,1.232864333320175,0.7663548987859173,0.012579724345634048
1791433681.8112838,5612.378639831,24.805000000007333,-0.452204848746069,-0.30402509706369674,-0.22027972690990455,0.08696702737116484,1.8729810835541245,-0.7138017623935708,6.873248775414238,0.003480334688818032,0.015743572692806657
1791433681.837943,5612.405289779,24.825000000007357,-0.42982575855862065,-0.3077428207969559,-0.195255792531913,0.07932063070211354,1.1543782965595817,0.0605520784043488,0.6157407689816462,-0.1420369589153728,0.04459675493150946
1791433681.8651237,5612.432470927,24.84500000000738,-0.41300073073190635,-0.2992377481896467,-0.14688579896095355,0.060413340223916284,0.5102647366364386,0.732253598208084,2.6837255688478363,-1.289868898418786,0.057725017874020415
1791433681.8929174,5612.460265469,24.865000000007406,-0.40988856478253777,-0.2791672994351261,-0.09537670351843147,0.03806969907075718,-0.3296205174783798,1.2519230942211192,2.6047403498431563,-1.1010939148790746,0.022408475818780176
1791433681.918866,5612.486215128,24.88500000000743,-0.4208141508999668,-0.2524924192347497,-0.12496943327384297,-0.01903263013925281,-0.9279192443158552,1.4359408584192959,-3.550966953155647,-0.777241248254974,0.04300276312563883
1791433681.9499364,5612.517290768,24.905000000007455,-0.443860313217962,-0.22335591818341088,-0.18953038941446604,-0.04107453620391332,-1.4775157883733874,1.4803071818080522,-3.259575204488897,-1.1834890939690978,0.02936413288302738
1791433681.9785573,5612.5460212,24.92500000000748,-0.4763154938337559,-0.1940948183871938,-0.286771584630666,-0.07136681830770357,-1.8229995615369774,1.4906116804381346,-4.51547409278096,-2.670906424068982,0.05873968989220993
1791433682.0032253,5612.570583952,24.945000000007504,-0.5125402791305689,-0.16629982721954398,-0.40627399948081094,-0.08681426213027797,-1.8406354912216003,1.3751159436388984,-5.935599087489809,-0.6314378984304677,0.0489180375093358
1791433682.0350142,5612.602377758,24.965000000007528,-0.5467216102042006,-0.14029717598681762,-0.4864142687268551,-0.10473634805236934,-1.6114382296144487,1.315071048200763,-2.9856495170584063,-0.48227270779437753,0.028818919113091514
1791433682.0608914,5612.628244444,24.985000000007553,-0.573780408002652,-0.11525424458432205,-0.5193798529972343,-0.10035185353924624,-1.0769140035325449,1.2603961858141572,-0.34333666397273316,0.7208745439420591,0.00474457962321937
1791433682.0908537,5612.658208224,25.005000000007577,-0.589509670136847,-0.09079149354953059,-0.503599951691905,-0.07291663198524018,-0.39420882591678713,1.20942670150621,0.778011481407483,1.349163142680753,-0.024631575238941075
1791433682.117849,5612.685210294,25.0250000000076,-0.5900382437053747,-0.06916293575229457,-0.5250253718182908,-0.04922043372863327,0.3772960201370547,0.930148262798748,-1.5862409028257523,1.4624727894320018,-0.07007722927330493
1791433682.1416929,5612.709061131,25.045000000007626,-0.5748172132710362,-0.05344456385329602,-0.5475413730566342,-0.005559606446697485,1.107242646681474,0.5692371806812986,-0.7718995237487083,2.985893777261976,-0.039642387093997596
1791433682.166372,5612.733725047,25.06500000000765,-0.5449953652728635,-0.04652589141304937,-0.5610592785892207,0.05401521321840164,1.842495913821505,0.18634794635263185,-0.6193704771774982,1.8107129497242296,-0.0166043214929687
1791433682.1964447,5612.763791849,25.085000000007675,-0.4918839598130166,-0.04599213946728307,-0.5833485064921772,0.1112621330310701,2.6291003385364453,0.6763922611026951,-0.9720479355664516,2.933387521022103,0.03822409770232124
1791433682.2222154,5612.789584158,25.1050000000077,-0.4417477205789905,-0.050317619933358135,-0.5779123940015782,0.17470886701329919,3.3070911028263925,-0.21552379828406426,0.49649026527363194,3.4830718846711926,0.07031579754317005
1791433682.246265,5612.813629178,25.125000000007724,-0.3763590870242942,-0.05564021505160458,-0.5737526177997962,0.24785139201100176,3.378580904416734,-0.3257777514647965,0.3676650602951534,2.4606794602930773,0.005959870306261811
1791433682.2705276,5612.837886552,25.145000000007748,-0.31834731731457694,-0.059861786552199106,-0.5501907116647805,0.2940401446803943,2.5901211249831406,-0.24540663796503473,1.697595035195872,2.4928307168466532,-0.03262983412695125
1791433682.2948833,5612.862234992,25.165000000007772,-0.24597079803833014,-0.05177565617287195,-0.5042593908414228,0.3310062772362999,1.539410648868532,0.3562726889867878,2.8693069501469166,0.8236468681336542,-0.02518830782155056
1791433682.322204,5612.889573349,25.185000000007797,-0.17972470701977541,-0.03667755610308903,-0.483230841060276,0.33836534733719165,2.919378862571721,0.808886713741798,0.6011677440731857,-0.13509558855563558,-0.05407008125103417
1791433682.3472254,5612.914614287,25.20500000000782,-0.12455057946791963,-0.007315239890296914,-0.47898667188080835,0.32404567983697075,0.2165894404446741,3.966947779071797,-0.09856496236360161,-1.174952451253875,-0.06394378969444527
1791433682.3728333,5612.940201416,25.225000000007846,-0.1734236921994596,0.03767811034800192,-0.48697790977063526,0.290932367712837,-3.152429099192734,0.826350678044246,-0.7679484456756257,-2.007831738875105,-0.08992383634800488
1791433682.3977273,5612.965092236,25.24500000000787,-0.23420521917484616,0.053713087560756365,-0.5042697017304347,0.24475984753379246,-3.702360529727002,0.5942366180136762,-1.075629857742902,-2.4910390635014,-0.08675963329167755
1791433682.4244266,5612.991793874,25.265000000007895,-0.3251322026291786,0.0743456553986803,-0.5243537137938536,0.19504308675050183,-6.076933765115838,0.470116151608184,-1.0357772120999986,-2.4956197637504953,-0.09168544163105283
1791433682.4486864,5613.016044377,25.28500000000792,-0.43874907240518196,0.0762305788145706,-0.5424423470105612,0.1493286403027457,-3.7497450449323924,0.14948684954083422,-0.8176412737922805,-2.157698543880966,-0.05794250031125047
1791433682.4728198,5613.040167162,25.305000000007944,-0.49228389450701737,0.07510855819066602,-0.5544807831433672,0.1119011994992151,-1.8677523878663909,-0.3538861935404459,-0.40516279741178707,-1.6658843705716537,-0.026784151276029705
1791433682.496691,5613.064041638,25.325000000007968,-0.49688790532056915,0.05995993811733896,-0.5575645120872365,0.08419244870923207,1.209237806477819,-1.0158396388165283,0.11763310419396071,-1.1734739499244424,-0.008851767870717883
1791433682.5207484,5613.088105923,25.345000000007992,-0.46914311496396316,0.041380597689603865,-0.5486821312815086,0.06609593868046484,-0.39757044794631435,-0.3075739147458948,0.773901012027701,-0.673037387684036,0.02969827634464152
1791433682.5495129,5613.116861487,25.365000000008017,-0.48903577757349426,0.02499701022151407,-0.5256233073509703,0.05769367046848259,-0.8051562587646144,-1.1260016588999873,1.446170813739832,-0.18317506484452806,0.05643497575682599
1791433682.5731053,5613.140455304,25.38500000000804,-0.4990551526071323,-0.012919506593901786,-0.4887369331025679,0.058055244641479306,-0.3194391535623963,-2.2101146727364083,2.1536537152836472,0.18312874869022527,0.0241059456355274
1791433682.59692,5613.164269227,25.405000000008066,-0.50754631738734,-0.05930974939968294,-0.4413747223334784,0.063768331384171,-1.0127873270277574,-3.2056196661956218,2.5764872722449033,0.3021050199321988,-0.0005831392471545558
1791433682.6230114,5613.190367229,25.42500000000809,-0.5205708718763186,-0.1140409652751372,-0.38737575583051265,0.07205029116842561,0.010215077778815598,-2.9513580402171327,2.838618986573263,0.4004052083065756,-0.03520836200495223
1791433682.6475441,5613.214900561,25.445000000008115,-0.5012914114026549,-0.19036092139205418,-0.33010496854017,0.08004520831719175,0.20716364174352345,-3.647211582007799,2.945125388069213,0.3420932300739366,-0.028583613521653683
1791433682.675555,5613.242919897,25.46500000000814,-0.49832927753208195,-0.24635672269446848,-0.2774660401408492,0.08766953344366853,0.5325112999747263,-2.652415869779234,2.5030567423408367,0.49170298272586355,0.032994088895408696
1791433682.702244,5613.269607269,25.485000000008164,-0.4782426922727503,-0.29275899703822256,-0.2415880365225809,0.09536324396845114,1.2462901121956782,-1.9496301155274214,1.2922197268719409,0.5164986134033606,0.01024322139410556
1791433682.726877,5613.294250063,25.505000000008188,-0.4563127389754643,-0.3134907764621412,-0.20603632252824436,0.09850744812603102,0.7059547514343678,0.06598810101282643,7.6450809400486675,0.30545651995362677,0.016398781562791766
1791433682.751286,5613.318649435,25.525000000008212,-0.44600956974726613,-0.31780736114557306,-0.1741874628049298,0.08410372023855131,0.46315211960583846,0.111333610096538,0.3088682881715546,-0.49646648270978083,0.038791651926960095
1791433682.7754111,5613.342766946,25.545000000008237,-0.4414040382289405,-0.30869514319155095,-0.12862952821436038,0.061280049713576715,-0.03258268505807811,0.7412582172845075,2.819416652326089,-1.511912468300943,0.05200943920491057
1791433682.7997885,5613.367163457,25.56500000000826,-0.4475010715180489,-0.2886825817363761,-0.07631993974321166,0.03383867503662836,-0.6943673348584906,1.2054427330429605,1.9312820810640385,-2.3481059071941504,0.0189101452885807
1791433682.824639,5613.391987896,25.585000000008286,-0.46428774666453754,-0.26278423278857005,-0.11730041734784667,-0.0245445538617536,-1.151900464446124,1.3699191173036673,-3.560029813965354,-0.883353141602175,0.04086153130111422
1791433682.8522367,5613.419589359,25.60500000000831,-0.4898433602132022,-0.23486028992133715,-0.1814295915579457,-0.04761813032020949,-1.5270729054396057,1.413314451580905,-3.495718531385481,-1.0749084526888322,0.032215165182652224
1791433682.8761854,5613.443538244,25.625000000008335,-0.5212725494811726,-0.2070446942750533,-0.2809286586811111,-0.07874707371310705,-1.6810290779520607,1.430477425636766,-4.599108974742331,-1.7665545569480903,0.061666210636905715
1791433682.9038658,5613.471224836,25.64500000000836,-0.5526931546703199,-0.18002916937167424,-0.4039440272064595,-0.09200977707411276,-1.523661083372694,1.3603585345500326,-5.508197240319363,-0.9844524307324027,0.03947931793397366
1791433682.9282327,5613.495587126,25.665000000008384,-0.5796777130491623,-0.15379814884051468,-0.48029155408154456,-0.10852379069553278,-1.224498118345374,1.3461700673468862,-2.913839024922214,-0.291640125775915,0.022512629488413746
1791433682.9525342,5613.51988311,25.685000000008408,-0.5983737359073068,-0.1280182552918204,-0.512997622606564,-0.10167392398774582,-0.6359730122331981,1.3042479845072938,-0.437305778560535,0.8435917354914491,-0.0036272149165765635
1791433682.9761457,5613.543495868,25.705000000008432,-0.6050076307741418,-0.10287856759400717,-0.49819513713571406,-0.07589209644015654,0.06490712662189801,1.2370092734180616,0.9703775139624009,1.2453960294365833,-0.032317480671174015
1791433683.000437,5613.567792392,25.725000000008457,-0.5964101826998095,-0.08079642922277513,-0.5187535632872599,-0.05249843420992403,0.8224166796073757,0.9389409515171621,-1.6252721372304597,1.4746626677295422,-0.07804532164037119
1791433683.024617,5613.591969747,25.74500000000848,-0.5725768709042334,-0.06510073903190122,-0.541931684032372,-0.012423568811465426,1.5163690690930436,0.5638614620355918,-0.7980836271547302,2.7261578730559863,-0.05479818072590878
1791433683.0490103,5613.616362512,25.765000000008506,-0.5352297057769169,-0.05846212550753355,-0.5560277366019487,0.043803353556703485,2.186807815224971,0.15791625749521057,-0.6163416448430449,1.6740588925688438,-0.03502804202525502
1791433683.073367,5613.640727849,25.78500000000853,-0.4865300394808681,-0.059865309459029035,-0.5780290262962482,0.10008957231148508,2.6875755067262803,-0.16019091740072852,-1.0040777706610295,2.815140993234336,0.021431245792496802
1791433683.0973032,5613.664654885,25.805000000008555,-0.42814703100255175,-0.06475346548411776,-0.5726797139074108,0.16236330833772045,3.163766012305117,-0.2707942954755528,0.611793022749786,3.4193633900487326,0.055920503082916476
1791433683.1212544,5613.688617279,25.82500000000858,-0.36558724334164205,-0.07100175385281071,-0.560381905667515,0.23817053796949691,3.1850350644920766,-0.35116637317280125,0.6962912736548164,2.8179518033068174,-0.011084424366759401
1791433683.1450562,5613.71241551,25.845000000008604,-0.2960601558499451,-0.07155263777053529,-0.541888139332429,0.28280908263828053,7.1182037496188455,0.6425021606630178,1.4116984525840452,2.383856080384379,-0.042489568665790435
1791433683.168759,5613.736112034,25.865000000008628,-0.24126489384957128,-0.06570721129839459,-0.49825056603754675,0.3215736706831487,3.4111093410466897,0.5634796149259422,2.8944073214555504,1.1408105302763007,-0.02617697989414357
1791433683.1935623,5613.76091174,25.885000000008652,-0.18148917740356318,-0.04977582771013373,-0.4750237085110432,0.3294569222833136,3.2502154947385997,1.1898893478405452,0.40266725392039565,-0.1489225344532267,-0.06154806038883068
1791433683.2179112,5613.785271927,25.905000000008677,-0.12638718924228276,-0.029393125206647677,-0.4740184715078338,0.315147647698513,2.706097854510053,0.9740880910890966,-0.24995750384519444,-1.1537542528731084,-0.06605137352468209
1791433683.2427847,5613.810149284,25.9250000000087,-0.14885751292604588,0.028887159392868494,-0.4846476320446383,0.2832254950586204,-3.1050440806836845,0.9708552340051728,-0.8856196075669861,-1.9692026000586842,-0.09746905934646721
1791433683.2679737,5613.835340202,25.945000000008726,-0.20769399502150193,0.04663717932527791,-0.5047151914373986,0.23842966988075728,-2.9329216595843683,0.9089187162889544,-1.2203426113163012,-2.4352502127756703,-0.08281220064124298
1791433683.2925909,5613.859946946,25.96500000000875,-0.28566088963454067,0.0687772637333938,-0.5279176535825361,0.18910699318987959,-4.698923498934216,1.0413355024290303,-1.193217537313883,-2.483099733809609,-0.08616967875668412
1791433683.3164334,5613.883783729,25.985000000008775,-0.40498687771393926,0.07260264709294682,-0.5483866371810407,0.1436938985829167,-4.896888697452333,0.10626299882925543,-0.9183210196844357,-2.1304090630754033,-0.056200032342999376
1791433683.3402274,5613.907578146,26.0050000000088,-0.47262352823042153,0.0731966527029523,-0.5622927696915855,0.106788420490972,-2.6174641988945364,-0.21062157136745768,-0.49659255406730207,-1.6385147979596708,-0.032812166008044055
1791433683.365772,5613.933136724,26.025000000008824,-0.4968110291295583,0.06106698165055381,-0.5667688884592194,0.07997852662180661,0.2835086645772099,-0.8831211570975563,0.05752346643561961,-1.1301813271069883,-0.010002625802658845
1791433683.393327,5613.960686249,26.045000000008848,-0.46608647440431306,0.03818550126806548,-0.5590498310389815,0.06308122000968724,2.2813770359533097,-0.901903224071679,0.7324462061010633,-0.6093798134048513,0.013111091210438732
1791433683.4191616,5613.986523356,26.065000000008872,-0.4721863438659037,0.026508079955116566,-0.5364737108891741,0.05562624053017999,-1.1001871954938602,-1.14427687117598,1.4575656605142522,-0.1323522399792455,0.052569772383062804
1791433683.4447753,5614.012135684,26.085000000008897,-0.4844584420973472,-0.00043764617515522396,-0.49926497547465487,0.056717296251466424,-0.48815664543692394,-2.5231833273623088,2.151625699355094,0.27468701901352,0.035411441333319985
1791433683.4698985,5614.037261771,26.10500000000892,-0.4896980751222517,-0.0430507785236503,-0.450586173898771,0.06338203957146345,-0.21479115853589298,-1.8408579861538317,2.658355465246365,0.3619819002373081,0.011081342956987577
1791433683.4968421,5614.06421911,26.125000000008946,-0.509321116663492,-0.09861842452014426,-0.3954522748066909,0.0727306728968232,-1.1590211851859793,-2.6815322838411726,2.8763588945105085,0.4398729796674703,-0.021901719189693306
1791433683.5225644,5614.089939743,26.14500000000897,-0.5019093340873146,-0.16819563119384923,-0.33815003721954434,0.08192929074919165,1.1069492381786268,-4.371716717189406,2.9055913573290315,0.41196942488709426,-0.04045672427642771
1791433683.547345,5614.114714447,26.165000000008995,-0.47803166332377445,-0.24697020678370465,-0.2845365888940038,0.08984084721583674,-0.20141837592321743,-2.7875071263427773,2.6005708337218754,0.42437125065174347,0.0068495774633710454
1791433683.5711954,5614.138546066,26.18500000000902,-0.4737597114294383,-0.2881710785129949,-0.24474334409445464,0.09785209637922945,0.7244833130034297,-2.2118699711136056,1.6582294799355195,0.6160171493594874,0.02667954253469965
1791433683.5956945,5614.163049853,26.205000000009044,-0.4507177895965589,-0.31906728943826,-0.2318714564647829,0.10837880241160272,1.4312271072377354,-0.8327922699890766,-0.1074687553043103,0.6755959279867325,0.023811859538761165
1791433683.61995,5614.187298932,26.225000000009068,-0.44424619904364543,-0.3214733346051625,-0.16617037627808498,0.09346680366395115,-0.41889015468123,0.3176399525612712,-0.07635404476818353,-0.4165421855030152,0.043410660863715
1791433683.6548946,5614.222247601,26.245000000009092,-0.4570477122222263,-0.3081696760608247,-0.1353080967864098,0.07626625178043617,-0.8518619657838188,0.9191372420220668,2.9768783123662494,-1.4436618035749362,0.056483518717638855
1791433683.6837716,5614.251132863,26.265000000009117,-0.4779173471953288,-0.2849995637148255,-0.07714184992072327,0.04848092077042591,-1.3581629002013735,1.3567132758076677,2.5986070242451658,-1.2557103383739523,0.02866420386960776
1791433683.7079954,5614.27536,26.28500000000914,-0.5061691767899205,-0.25743325464767464,-0.09459911268003929,-0.010705506295741032,-1.6484932044209695,1.4354988079288515,-3.403418751491559,-1.075733057760438,0.05113846114779258
1791433683.7349355,5614.302302826,26.305000000009166,-0.539042975929835,-0.22992965368794338,-0.15762596822901387,-0.03406998594749832,-1.7939208022214452,1.3227773513708314,-2.9611355460572226,-1.3038547741463842,0.04518660459702323
1791433683.761169,5614.328567222,26.32500000000919,-0.5741726250198714,-0.20471554212926016,-0.2537952411322042,-0.06565491026817123,-1.7821269259121406,1.2308678663372592,-4.7827114310605285,-3.336939216797525,0.07659080707586921
1791433683.7882469,5614.355609797,26.345000000009215,-0.6056295312370957,-0.18235911040316224,-0.37084953789302294,-0.0799310425181539,-1.4325131737613668,1.0755505001910544,-6.6167230636153,-0.48182088759036207,0.06598122008716968
1791433683.8178508,5614.385205635,26.36500000000924,-0.6296673600124449,-0.16193684537215325,-0.4673802232559028,-0.09937817636252294,-1.0205690463343446,1.0550172154405584,-3.6351590649577563,-0.5628684718694108,0.0495218843407766
1791433683.8453226,5614.412683679,26.385000000009263,-0.6428579821240773,-0.14231835730118997,-0.5170044149974509,-0.09623178647578838,-0.32786260514552334,1.0078202563699223,-1.2415260906521297,0.5618367543425093,0.0210983067250473
1791433683.8729808,5614.440333625,26.405000000009288,-0.6426425332012917,-0.12267626417039139,-0.5175231162822824,-0.07706723529133315,0.4285318819172688,0.9811277399846866,1.0318317532708978,0.9303408024706974,-0.0005297165263002393
1791433683.900465,5614.467814036,26.425000000009312,-0.626008691706634,-0.10468471660997708,-0.5032530116788765,-0.04948588346400665,1.2888409752077612,0.7844161167785203,-0.8970365214333755,1.180093265476819,-0.04646922727795287
1791433683.924419,5614.491768308,26.445000000009337,-0.5920433726708725,-0.09188791913827915,-0.5266754435335298,-0.021374022095298827,2.0679138931286776,0.42472580817984434,-0.8568836086629443,1.7146779108480303,-0.05490923797581374
1791433683.9480293,5614.515376927,26.46500000000936,-0.5431328440715956,-0.08770490084772554,-0.5396938675552367,0.03625139318459266,2.7535011799799296,-0.0033759351467272034,-0.5406422047965461,2.967403134244652,-0.03166258766811602
1791433683.9726648,5614.540045218,26.485000000009386,-0.48384527838052377,-0.09225628240034899,-0.5507594492533493,0.08900514143199795,3.153047844892966,-0.35496655589641446,-1.0267114722282795,3.825965738381222,0.0040645184403873035
1791433683.9974575,5614.564829175,26.50500000000941,-0.41646895498381736,-0.10101906192448169,-0.5639211513425242,0.14955566743141213,2.928713629414267,-0.41717929123061426,-0.2691814542591149,3.1177732413428063,0.05236255665092431
1791433684.0214994,5614.588862112,26.525000000009435,-0.3491196797844569,-0.10962604988734224,-0.5494109084996085,0.22653462595136373,3.4362419100431603,-0.3850539919057929,0.2526577047914226,3.985633095526456,0.0285721186150443
1791433684.0455236,5614.612899841,26.54500000000946,-0.28958716821969555,-0.1141580010992275,-0.5456998169047896,0.2789945098293355,2.7660809705595435,-0.23317532069413596,0.6421527932256892,2.343572292094414,-0.03451142021883338
1791433684.0692832,5614.636631839,26.565000000009483,-0.21683649100242702,-0.10579093356815068,-0.5162688393334215,0.3209210086906451,3.612562078009713,0.6742858269559,2.25658682490928,1.7174804610312748,-0.023103023399016754
1791433684.0929918,5614.660341557,26.585000000009508,-0.16332290251366205,-0.08826165571002996,-0.4882410684772657,0.3363936740915364,2.98289220958699,1.1986996132805958,0.05045334084918354,-0.03807345783627631,-0.035204975330335224
1791433684.1228735,5614.690235835,26.605000000009532,-0.10666794758764472,-0.06330269761245365,-0.49298257323038497,0.32436317892250144,2.929453473893999,1.3078953735718066,-0.43496984853340437,-1.0107257357270456,-0.057214724439554866
1791433684.14898,5614.716335807,26.625000000009557,-0.12452828653556924,-0.0006745488870624533,-0.5069786606313278,0.29444291605951967,-3.2243154205683395,1.2815390455409912,-1.0261699525065882,-1.8939860116150216,-0.0873908404348344
1791433684.1748698,5614.742218426,26.64500000000958,-0.18396523409354182,0.03002279341589666,-0.5293783719062284,0.2508461840680249,-2.9500285971815656,1.199492370780819,-1.3160007717246887,-2.380553837668632,-0.08472630071942706
1791433684.1995654,5614.766939635,26.665000000009606,-0.2637835548820147,0.058311125548744853,-0.5538212728302842,0.20205834587267202,-4.506835543210648,2.0308951953454533,-1.2377251687235378,-2.4712318451645245,-0.08497098846526789
1791433684.2242713,5614.791624596,26.68500000000963,-0.38776094645681164,0.0777066997050652,-0.5744745114200914,0.15669273152538502,-5.694632526243313,0.14502919818185414,-0.9115501617433381,-2.1269140211264146,-0.06507910397835277
1791433684.254521,5614.821892711,26.705000000009655,-0.46870204818146743,0.08186337904783515,-0.5879769392330939,0.11991167802379021,-3.1229036615656502,0.09924477527727003,-0.4729919799358896,-1.6385414963315477,-0.033708070237518574
1791433684.2788231,5614.846187867,26.72500000000968,-0.5093268292540126,0.07499910186206668,-0.5914612544952125,0.09358981085204343,-0.6071993705223073,-0.7670306035709129,0.11562055536878642,-1.0969392770266868,-0.0031613560936456873
1791433684.3034284,5614.870782551,26.745000000009703,-0.4929774033433584,0.05288186712362799,-0.582629781607708,0.07756319660490775,2.0766922125731906,-1.2554720855421182,0.7896978042466539,-0.5750977574661011,0.015340846011763885
1791433684.3276718,5614.895042917,26.765000000009728,-0.4667624666013161,0.03355095112786285,-0.5590355177261856,0.07072946857087063,-0.7426027612637507,-0.36110188531942167,1.528865987817443,-0.12059654921570848,0.05523088769690089
1791433684.3529508,5614.920301267,26.785000000009752,-0.48384748146057893,0.012699254774255505,-0.5205390856035013,0.07215819794014347,-0.4427280666041862,-1.227870452750669,2.214835057846076,0.25899833412661,0.06308708119810486
1791433684.3774183,5614.944783996,26.805000000009777,-0.4903698920159072,-0.029382674628257947,-0.46994571198332413,0.0793868447856174,-0.11300523031370871,-1.736448501099106,2.7833585024042797,0.4330391665487047,0.03539305044817365
1791433684.4025838,5614.969935685,26.8250000000098,-0.5036854728898869,-0.0758987971758715,-0.4123504229279123,0.08917313987293564,-2.0657491265004038,-1.9639544105324132,2.9976572066758327,0.4467013968109766,0.0008108872407884885
1791433684.427025,5614.994397196,26.845000000009826,-0.5144729528129923,-0.1327140344013675,-0.3523252553709949,0.09848717988091926,0.23322645177242404,-3.094229150887843,3.041670763679463,0.39941830404195844,-0.03977669133271521
1791433684.4548824,5615.022237638,26.86500000000985,-0.4802231100559317,-0.2119060620704421,-0.2953161107818923,0.1059189235563728,1.7855450921089469,-3.8400203277635234,2.786584961348155,0.33556602235187805,-0.007449703552219923
1791433684.4791045,5615.04645963,26.885000000009875,-0.4760076544663543,-0.2647755749057567,-0.2499610990906412,0.11187068739210511,0.23846873119090956,-2.0441588294018236,1.9569088865095294,0.43347066894955316,0.028941685624586298
1791433684.5034504,5615.070809029,26.9050000000099,-0.45731099413710335,-0.3005393303820253,-0.22841626467800735,0.118754254628525,1.5822300725951088,-1.3008726802872685,0.4526639055193083,0.4989686214042389,0.027879814819234464
1791433684.529216,5615.096575819,26.925000000009923,-0.43193847952657305,-0.3166785515501511,-0.16708058518373287,0.10872697506547145,-0.2890275364114929,-0.0003032087304635795,1.173427014853842,-0.8178288808574713,0.05262346527570094
1791433684.5555944,5615.122968609,26.945000000009948,-0.44726393503168027,-0.30706375288110754,-0.1559000420560073,0.09475062983919534,-0.9468841455321063,0.7516963039687548,1.9528451338872386,-1.1035825251789724,0.06672376045797913
1791433684.5824015,5615.149767487,26.965000000009972,-0.46998516623245445,-0.28667537710479457,-0.10349719761943767,0.06578453451422894,-1.4215267450321005,1.24457676037403,2.269442626277695,-1.4165012360973779,0.052699365650235495
1791433684.6072059,5615.174593856,26.985000000009997,-0.5000561238296412,-0.2604917555145891,-0.07096468921093524,0.025966897678425357,-1.7403675176796671,1.38657389190473,-0.9246704922432727,-4.475450096472616,0.03342257967752471
1791433684.632925,5615.200301572,27.00500000001002,-0.5339855531381887,-0.23372183147445325,-0.13118801601288765,-0.0144276429296125,-1.7898716086183433,1.2642636180239704,-3.4083037674644103,-1.1273884651167836,0.047470520793237776
1791433684.6604476,5615.227820893,27.025000000010046,-0.5688953703477067,-0.20924230278577421,-0.20295568670237976,-0.036649006138629314,-1.7816738515814337,1.1442251933528214,-5.053230784322258,-0.6282155951334115,0.06826452739238774
1791433684.6850007,5615.252365278,27.04500000001007,-0.6004190420860277,-0.18845747170885202,-0.3013964782472604,-0.06740871967695887,-1.4636656527792333,1.02195387043214,-6.22801443709607,-0.5168641857890217,0.0901537366778607
1791433684.709962,5615.277319378,27.065000000010095,-0.6244274215792587,-0.16993455702236201,-0.42443976723382415,-0.08529454650891428,-1.0226526247331598,0.9637118265241762,-4.586196637997285,-1.286120458560586,0.058652459393239
1791433684.7353601,5615.302717663,27.08500000001012,-0.6378820509452103,-0.15224618557205347,-0.4970167563852611,-0.09358431180026125,-0.3802580127703275,0.9055465759529028,-2.928446633940631,0.5509228226885857,0.03281883992896245
1791433684.7601173,5615.327481818,27.105000000010143,-0.6388352127138932,-0.1347602237784084,-0.5263665580241191,-0.08316964910065174,0.32976242059923394,0.9259557499059937,-0.47151913693869263,0.510098056659252,0.015566988983798843
1791433684.7846315,5615.352004453,27.125000000010168,-0.6244583974287566,-0.11764765526392587,-0.5127931084277365,-0.06165102121503562,1.1707249694963051,0.7932743688217784,2.106181454889697,1.5590606971882028,0.003354600522792074
1791433684.8085415,5615.375895861,27.145000000010192,-0.5924059942597643,-0.10418771168766545,-0.4997998994859638,-0.033095727046767276,2.045526603594131,0.47189035647958655,-0.9886774572900733,1.1857894134846216,-0.04232667453478421
1791433684.8323157,5615.399663681,27.165000000010217,-0.5435767304181204,-0.09860839654213904,-0.5155708812762035,0.003135581043191572,2.752185286349059,0.010141086377994189,-0.28201920442312345,2.228390005044665,-0.04495362211266644
1791433684.8591802,5615.42653435,27.18500000001024,-0.48414886258133316,-0.10321625173103173,-0.5202899018181292,0.06847468740025402,3.113213143949802,-0.4355497922393364,-0.10699001319641435,3.048492693168919,-0.02352667184800241
1791433684.8870823,5615.454437769,27.205000000010266,-0.4099629954567785,-0.11433915148560893,-0.5343117280216838,0.1250528226016916,1.6749817182627627,-1.4631089250062588,-0.4895234745182713,4.261124937278644,0.020750461679826082
1791433684.9152179,5615.482577876,27.22500000001029,-0.35402140263938847,-0.12693113270577372,-0.5425311798574664,0.19861379313753105,3.4215603671324715,-0.5437569684619833,-0.22500251806581395,3.9722547814557596,0.05897010372507757
1791433684.939319,5615.506683415,27.245000000010315,-0.295276588366016,-0.13452769294992248,-0.5152270851985892,0.2757207790009902,2.743020153391552,-0.28615541546876,0.2596483915988452,3.442577718647744,0.009730717966530274
1791433684.9638677,5615.531223293,27.26500000001034,-0.2266118330523642,-0.12981596784426772,-0.5128065246682885,0.3213365489251547,4.505284570681042,0.6386988088224472,0.9541878619846467,1.759281853286292,-0.03138569538103865
1791433684.9901156,5615.557466301,27.285000000010363,-0.18229667299011468,-0.11414800544953309,-0.469395374479647,0.3532658811990658,2.473891206254127,1.1247539880161554,2.6773052989215484,0.6236282353762552,-0.0379337414263336
1791433685.0195343,5615.586895906,27.305000000010388,-0.1312194799668327,-0.08813115928003445,-0.4727980780938702,0.3452330310081233,2.6275032370884768,1.3495253126001887,-0.8344295139591991,-1.0347816297197332,-0.05333610527582918
1791433685.0454283,5615.612790545,27.325000000010412,-0.14439687874971988,-0.026304702909231693,-0.49451082674306784,0.31416768728374705,-3.075877344966117,1.5779630719912667,-1.3868957207646342,-1.9869138635580512,-0.07709055822549095
1791433685.0686848,5615.636034497,27.345000000010437,-0.20188623198552605,0.018847824863198893,-0.524390608754977,0.2676869175477734,-3.176657871246805,1.2985320224954986,-1.6912543209310007,-2.5503666049143194,-0.08735437541146658
1791433685.0933685,5615.660716666,27.36500000001046,-0.2737480722030365,0.05215228414728224,-0.5559354837030294,0.2148877378714717,-4.004583258169197,2.5193878020744216,-1.5854013592339107,-2.6983520830519456,-0.09625544303488441
1791433685.1177444,5615.685097348,27.385000000010486,-0.38699721766401246,0.08294772817267299,-0.5825507062397025,0.1647295329842748,-5.072648863321772,0.24692481031273356,-1.1673370574262905,-2.374494458813018,-0.08899423721865482
1791433685.142365,5615.709721931,27.40500000001051,-0.46003171046606156,0.0893546276955647,-0.5999715387997004,0.12334618946146751,-2.8120302413978298,0.09612209943046163,-0.6157993768433875,-1.8578440619676873,-0.050616045878573115
1791433685.1665208,5615.733871315,27.425000000010535,-0.4928096872325829,0.07607581146346684,-0.6054046939583264,0.09301917739292635,-0.3798183709750866,-0.7779953683550397,0.06637648307413778,-1.281441165878824,-0.014039863032073411
1791433685.1905367,5615.757886681,27.44500000001056,-0.4733039289679486,0.04449627910888224,-0.5964814755364785,0.07372184032809857,2.4779555836520237,-2.1029398399446144,0.8317986416140993,-0.7166267575173114,0.007614132373374816
1791433685.2153516,5615.782705498,27.465000000010583,-0.47854353556557894,0.027837049572669702,-0.5711233371819383,0.0645150754332827,-1.2570328941811226,-1.5773993634194172,1.6478601981443608,-0.21115328626550953,0.03075149808424507
1791433685.2396383,5615.806992559,27.485000000010608,-0.49396561242729586,-0.0017850111627059667,-0.5296442352271479,0.06384143098104766,-0.30924424030888764,-1.6067455793710566,2.414477177123027,0.14281582052248148,0.03476833637715266
1791433685.2660096,5615.833378813,27.505000000010632,-0.5007028520780202,-0.044344524517692,-0.474926903295411,0.06906805173294692,-0.14165051545700033,-0.9588548411926119,3.0162369441694126,0.31095731011363936,0.02259322997860174
1791433685.2900274,5615.85739027,27.525000000010657,-0.5163007523492126,-0.09359640982857087,-0.41170694873067076,0.07694159976979166,-1.1098364571542767,-2.435181495461304,3.3155511282679813,0.3719922898544526,-0.0074000486176526315
1791433685.3143208,5615.881676139,27.54500000001068,-0.5073278072665046,-0.15532383871346964,-0.3447788387162724,0.08465028125652552,1.0493615419761781,-3.450252243612232,3.4083236909714225,0.3364045270393136,-0.031121221748231523
1791433685.3384335,5615.905789366,27.565000000010706,-0.49987296575896634,-0.22615261606306655,-0.2810153084923151,0.09125683688587378,-0.010261857774234821,-1.8873318917465751,3.0988462514468957,0.36392264765274235,0.034625069856167465
1791433685.3622618,5615.929611418,27.58500000001073,-0.49058973608755974,-0.2709916169837897,-0.23156408413000004,0.0978582802511858,0.8958710145012412,-2.3299048389710504,2.0551060653374997,0.46218298612087977,0.04284796561945345
1791433685.386542,5615.953898125,27.605000000010754,-0.4699095598259893,-0.30465351843600796,-0.2110055382259195,0.10577295886229617,1.102625489007882,-0.8606317847511297,0.2742174760885339,0.5242418215571457,0.03225297477674658
1791433685.4109392,5615.978297979,27.62500000001078,-0.45830327352760886,-0.3121975787114977,-0.1452088955812051,0.09229312904888759,0.15441989799607664,-0.07750222570191198,-0.07143705943008621,-0.3756792879898817,0.03832124900029751
1791433685.4351318,5616.002930124,27.645000000010803,-0.46068095557679856,-0.30633701655176987,-0.11511461962817805,0.07581268518602823,-0.30892830023105156,0.5562960697310144,2.936440342307612,-1.3824009748993418,0.06262060804516412
1791433685.4600391,5616.027392689,27.665000000010828,-0.47188095423491444,-0.2892331012002966,-0.05990402251605067,0.04883674420955772,-0.9141326009518767,1.1063058219793112,2.443207362350667,-1.2749759010667077,0.040915612136896894
1791433685.483855,5616.051209591,27.685000000010852,-0.49291664850253486,-0.2655030885864224,-0.08023919985075939,-0.011398536514697234,-1.3643531730472584,1.307994562162017,-3.540937065994448,-1.1934653950725957,0.05236507683059002
1791433685.5100963,5616.077458346,27.705000000010877,-0.5216766552975087,-0.2392611571458459,-0.1455259864494728,-0.04131240114199011,-1.6546153862990098,1.329629836525105,-3.1583969291157112,-1.3861493831885734,0.04252250409571225
1791433685.5374372,5616.104795879,27.7250000000109,-0.5550106327105584,-0.21289859477120776,-0.2435907361337053,-0.07964594288359364,-1.7524196453082328,1.3239689438437452,-4.7847222144149315,-3.738824435576433,0.07155901357339635
1791433685.5613544,5616.128711001,27.745000000010926,-0.586949993515303,-0.1877477879973374,-0.3608031157697968,-0.09813220824092106,-1.5163787071869068,1.2469730858318997,-6.813161416796869,-0.585388202391274,0.0647239231189152
1791433685.5852933,5616.152650154,27.76500000001095,-0.6135729673151963,-0.16356841420300813,-0.46227641870014313,-0.1217130585006801,-1.2133269402971494,1.2694080553031994,-3.9186939313525504,-0.6318157575690869,0.0551938182813814
1791433685.6093023,5616.176658829,27.785000000010974,-0.6312828498309346,-0.1395877523059969,-0.5175373297305347,-0.11957059583027337,-0.5869965896619556,1.2407922342675133,-1.7379636683950581,0.49740798209621173,0.03488855184740893
1791433685.6332192,5616.200585783,27.805000000011,-0.6365678640681179,-0.11532248083481517,-0.5295168880499455,-0.09684677371837101,0.14026461776936194,1.2221408927318902,0.5069726546977582,1.7473844819981115,0.013987986339681737
1791433685.6573362,5616.224690585,27.825000000011023,-0.6263032675617876,-0.0920568822984474,-0.5054085835073855,-0.06129701405422911,0.9761240947901753,1.0866023740635498,-0.13822471050917753,1.4526366685195566,-0.029321145515210454
1791433685.6832268,5616.250590478,27.845000000011048,-0.5985849108392844,-0.0735518055395273,-0.528549385700378,-0.023809589096154896,1.766313258320015,0.701681476661543,-1.187017307897757,2.498510974489837,-0.056534565962579664
1791433685.7088902,5616.27625759,27.865000000011072,-0.5557166911385855,-0.06366591823876669,-0.5424038311652688,0.03583794639336076,2.429862360303428,0.2292738397827692,-0.6306395902421095,3.9528835435703527,-0.02438935771254046
1791433685.7346215,5616.301990635,27.885000000011097,-0.5026549789508769,-0.06427417963883082,-0.5509510621342469,0.0954076638619064,2.846552301047365,-0.19148848476013894,-0.5909817681201833,3.112253101215291,0.008494572685518098
1791433685.759505,5616.326883557,27.90500000001112,-0.43764939314012374,-0.07091828483908133,-0.570770184405049,0.16127174070893488,2.365349058135145,-0.5770238483110258,-0.8851545224857813,3.054056514059261,0.06799236856723029
1791433685.7844808,5616.351864741,27.925000000011146,-0.37587122924262445,-0.0806503409320125,-0.5615108075474105,0.2345956836647893,3.3074753529954015,-0.45378286805537865,0.9746849431058549,4.020069654473661,0.07262074446199454
1791433685.808601,5616.375966125,27.94500000001117,-0.3161645110522665,-0.0880836838600807,-0.5446251122954378,0.305745064346762,2.8254679598815,-0.3505823117508139,0.1555809814771636,2.2531278686795173,0.010579321025376887
1791433685.8326113,5616.399973256,27.965000000011194,-0.2439390885310473,-0.08480056799942147,-0.5253424444892529,0.3409508345102262,3.8244080005827468,0.6004893029540608,1.9076525094890355,1.6764464890242137,-0.016242622324364388
1791433685.8571637,5616.424511098,27.98500000001122,-0.1992191564061858,-0.07384900268273253,-0.47988698599886265,0.36146457923121156,3.766545379608726,0.8203413752520852,0.5909807692931843,-0.11811544215811595,-0.029481595957172774
1791433685.8811512,5616.448498331,28.005000000011243,-0.1417446016889778,-0.051538889407820594,-0.4873235667671353,0.34517429812429395,2.45316512118703,0.9796489499306926,-0.5636277288474767,-1.2800536267091454,-0.05482161075679978
1791433685.9073825,5616.474756312,28.025000000011268,-0.14867774751561003,0.005080427507502405,-0.503869379939011,0.3094282836884327,-2.8392073944470293,1.6880119827791242,-1.14304407515826,-2.2061551098451972,-0.07903446430983123
1791433685.9313369,5616.498689957,28.045000000011292,-0.20594281929886527,0.03294623420595218,-0.5284919750785322,0.25966025806051085,-2.817219819325871,1.0830714494003169,-1.4103951186853594,-2.688302825334985,-0.09061258438741508
1791433685.959031,5616.526390084,28.065000000011317,-0.2740516648158084,0.05632198194494556,-0.5544015414294611,0.20481133361003487,-3.84039944615226,1.6004431950952909,-1.299264910075151,-2.758832209822403,-0.09705971941214622
1791433685.9837086,5616.551062359,28.08500000001134,-0.3885582925542231,0.07767835436406263,-0.5754261095255616,0.1541309787183358,-5.079315614059523,-0.017736524779563757,-0.8939762673464907,-2.3685363245472923,-0.09017432927404986
1791433686.0097125,5616.577452817,28.105000000011366,-0.46078036000456973,0.0793393655958718,-0.5879880986060291,0.11325277157210893,-2.768656165214126,0.04910868894644435,-0.39445122499219765,-1.8089890066138337,-0.052970868547412286
1791433686.0339446,5616.601310719,28.12500000001139,-0.4947101344195472,0.070761139551588,-0.5898201166701843,0.08403415500164586,-0.29293171316872824,-0.8786204846431043,0.2051455647115962,-1.2104107476441992,-0.020454709476529307
1791433686.058111,5616.625495608,28.145000000011414,-0.4740712003066715,0.04430163071618383,-0.5788442553657513,0.06630276510632652,2.282998539351419,-1.5717528770210805,0.9008127552489974,-0.6294120230319459,0.0027303477301197925
1791433686.082044,5616.64942226,28.16500000001144,-0.4753343886403829,0.028403034493835903,-0.5529188540192664,0.05912330370627355,-1.160311118180875,-1.015861961232115,1.6377537510094995,-0.10737251772710382,0.04069882669498255
1791433686.1061532,5616.673503855,28.185000000011463,-0.49095898020546536,0.0017789519209194039,-0.5122054131747007,0.06115309511357023,-0.3306850934334697,-1.4693890982290594,2.3419731355969877,0.2946011763039715,0.03465242926124781
1791433686.1302423,5616.697592949,28.205000000011488,-0.4982236753424815,-0.041030078333782576,-0.4595627145620804,0.06942416507473692,-0.17448910811307003,-0.8383995666538626,2.876285367918908,0.462034361904988,0.017343032907566388
1791433686.154557,5616.721905733,28.225000000011512,-0.5119251563923847,-0.08848606407585272,-0.3998876764656455,0.08023935363960974,-1.1823919318871297,-2.4166547296816807,3.1126300941220855,0.5175106884359018,-0.0057271295493032245
1791433686.1818826,5616.749228081,28.245000000011537,-0.5041380683464091,-0.1495344070772919,-0.33761010327123964,0.0906088192292705,1.0137550742334338,-3.41317180202835,3.1555162488303603,0.4592563643228376,-0.03011801418431699
1791433686.2054746,5616.772826522,28.26500000001156,-0.4959007670217534,-0.22179204535665967,-0.2790542445461532,0.09909936921179649,0.07458718357217788,-2.0573621135234026,2.8754049161699102,0.4340523139339436,0.02942701475155785
1791433686.2302637,5616.797618898,28.285000000011586,-0.4847923469399822,-0.2693919932840939,-0.23370719326397385,0.10648692159250106,0.9887833378622055,-2.528643322223879,1.9148032295421875,0.5127245438103334,0.03503882026641317
1791433686.2541816,5616.821536619,28.30500000001161,-0.46321427532492465,-0.30734647314886715,-0.21505607396076054,0.11415294426182063,1.070437224332621,-1.100216983592036,0.24758474524741803,0.5518019455283221,0.016328658463020916
1791433686.278407,5616.845770734,28.325000000011634,-0.4480675853086611,-0.3175248635021103,-0.15290921730538318,0.10197577368497374,0.4049898073113619,-0.24330022980007449,0.3494973741057383,-0.5996092779660396,0.027166040848422605
1791433686.3023639,5616.869725487,28.34500000001166,-0.4465412009023558,-0.31400845757301027,-0.13674383551942743,0.08602303425884336,-0.12529007048985324,0.4523909046781079,2.3783487384001565,-1.400549376574411,0.05244432606907501
1791433686.326166,5616.893514404,28.365000000011683,-0.4541657250458179,-0.2984904671072067,-0.08252251860488925,0.055478181275177285,-0.7599081724685525,1.0684682463809436,2.3940482524815003,-1.4886092963987627,0.03193884404140443
1791433686.3505347,5616.917897873,28.385000000011708,-0.4725344039005898,-0.27519330698539934,-0.07557317178039875,-0.0031853897488196953,-1.2332585317630385,1.2970592445671458,-2.8074947063441837,-3.0550900496553512,0.029154361792135573
1791433686.3750973,5616.942464111,28.405000000011732,-0.49881008091168827,-0.24929415841542382,-0.14245387302930057,-0.03267523560323843,-1.5345517723889337,1.2976372230884803,-3.0522802859111673,-1.4836859098776602,0.018751103939381668
1791433686.3990922,5616.966459458,28.425000000011757,-0.530574471618729,-0.22342003436747412,-0.22665854535406696,-0.05823994181804641,-1.716576173541165,1.2559414148550345,-4.967690140974422,-3.0777491517833218,0.04640840364738534
1791433686.4253166,5616.992675931,28.44500000001178,-0.5627407452603587,-0.19904586491677767,-0.33526302435982785,-0.08625715275584724,-1.5732181153469695,1.216581997522551,-6.772688125928757,-0.46945704308842684,0.05405800711405613
1791433686.4502223,5617.0175967,28.465000000011806,-0.5909934279336326,-0.17559330550192428,-0.4427772456235871,-0.10699971051260758,-1.3152485718286746,1.2353376930356834,-3.9473151954624726,-0.9674678075766869,0.03528071079838877
1791433686.4747732,5617.042136741,28.48500000001183,-0.6111980212881682,-0.15226180181241378,-0.5026195188855787,-0.10901418686879685,-0.7476982610131095,1.1930507368786551,-1.872125517308868,0.36195521075464926,0.008745399958432204
1791433686.4992933,5617.066671847,28.505000000011854,-0.6201257980914844,-0.1287295136090565,-0.5166135109644969,-0.09487397119472055,-0.07276824962427195,1.1829150054398936,0.2756638462346277,0.7215669475261163,-0.0077982258610900645
1791433686.5233912,5617.090766539,28.52500000001188,-0.6147402941819072,-0.10630992049463493,-0.5019252498412078,-0.06945263442396557,0.6989997836090267,1.0437480724449866,-0.36946586599522147,1.3244337955084926,-0.03730769719558293
1791433686.5475438,5617.114919409,28.545000000011903,-0.5930062974054419,-0.08869782540021097,-0.525884327153902,-0.04391140319915832,1.4500232823770696,0.6629787404000629,-1.1724868358953768,1.6209531061311042,-0.06516194722697657
1791433686.5716434,5617.139014268,28.565000000011928,-0.5564356338578124,-0.07981536152727665,-0.5414523808322618,0.0054789925757677445,2.140614765574583,0.19217152999178871,-0.5928642917279405,3.2583783136837416,-0.04486097978402148
1791433686.5976532,5617.16502178,28.585000000011952,-0.5085099787539779,-0.0806263026335142,-0.5518026953640347,0.05921970185616073,2.635316936730093,-0.19299403861319187,-0.7351101079813034,3.1993325302382183,-0.012969139379127697
1791433686.6242738,5617.191653129,28.605000000011977,-0.44759245208953946,-0.08759818212050995,-0.566112253703904,0.12386728198628404,1.843600835636108,-0.6368988886717273,-0.2609503460691174,2.9446513607587717,0.038512561666886574
1791433686.6482584,5617.215637769,28.625000000012,-0.3910821904609257,-0.09599512331243455,-0.5572206952412753,0.19365195273144284,3.1887481441688985,-0.41302038144806624,-0.22392187493412666,3.717550402167525,0.043221834434320025
1791433686.6719217,5617.2393037,28.645000000012026,-0.33378487000247126,-0.1029635900495822,-0.5542225672134243,0.25577843644496817,2.784218289555208,-0.3951862540239056,0.8974164347700033,2.6008927431987767,-0.03341885281928584
1791433686.6960783,5617.26345433,28.66500000001205,-0.2627145864148545,-0.09891630636232832,-0.5233091722202245,0.30572016084770576,3.7118510402954503,0.534712188527245,2.1779186760561178,2.1593689144847863,-0.03275966272005051
1791433686.720841,5617.288218895,28.685000000012074,-0.21425230028812786,-0.08543462835827438,-0.4853299929518064,0.332224897839802,2.3092401693336377,0.9559492257650571,0.6255655048759903,0.519333596982176,-0.039186587276431865
1791433686.7449408,5617.312313126,28.7050000000121,-0.16315649030460766,-0.06098416753363461,-0.48029414650032287,0.3309862853935205,2.575178250102164,1.34938213871367,0.07301468287268914,-0.5164542637288786,-0.06815523026409297
1791433686.7691154,5617.336466878,28.725000000012123,-0.14018428762164165,-0.00884715715892738,-0.4854271021164376,0.3096144160053578,-1.8469033907673396,4.017382053013127,-0.6056649143403978,-1.5296988373859972,-0.06976763434080413
1791433686.797959,5617.365369351,28.745000000012148,-0.19643554837460545,0.03147847426874112,-0.5011990386467449,0.2713539741668318,-2.8381169438525617,1.4944863887420055,-1.070652298912441,-2.207805616750379,-0.07847464213801057
1791433686.8226328,5617.389996301,28.765000000012172,-0.2605866269532662,0.056689969784351035,-0.5224590978059152,0.22326803767842707,-3.610302015551905,1.80322037030547,-1.1521923647810461,-2.5082032955001963,-0.0755711190347234
1791433686.8473525,5617.414738256,28.785000000012197,-0.36132891675546663,0.0871266093413998,-0.5426346791787189,0.17447811345971515,-5.9112436150523004,0.21109680089239774,-0.9477449858112414,-2.3821730142999153,-0.07649392363301231
1791433686.8727329,5617.440126916,28.80500000001222,-0.4515041641867129,0.09068225946827983,-0.5573465756637697,0.1318578503871056,-3.2028120410517493,0.2172084417222838,-0.5646467071023566,-1.9769538774534816,-0.04546936273760096
1791433686.8974986,5617.46486119,28.825000000012245,-0.49759568427862716,0.07996176171264789,-0.5631700538745189,0.09866628115928017,-0.9696536450576564,-0.7141966646848835,-0.01760143325368555,-1.4418588141765705,-0.006141423698754058
1791433686.926001,5617.493369656,28.84500000001227,-0.4931960471938461,0.05575554852443509,-0.5574798183963124,0.07579718131872552,1.8505138461015307,-1.9315614856817116,0.6248007047003072,-0.9090851679231113,0.006712219839994626
1791433686.9510455,5617.518412226,28.865000000012294,-0.47394223405959507,0.031007847170033152,-0.5375366952455606,0.0626505981019702,-0.8546716322737646,-0.5824228167588337,1.3395168660820733,-0.4320116053376844,0.04300186951178723
1791433686.9769027,5617.544258021,28.88500000001232,-0.491201418077802,-0.0009692418936334414,-0.5028257208686394,0.05831751581460272,-0.3308359729118686,-1.442047007994829,2.0165996130306656,-0.010844150616456494,0.05576626458834123
1791433687.0010438,5617.56839718,28.905000000012343,-0.49457038141327747,-0.05004148744010735,-0.4561052960321435,0.060613051032163426,-0.017632398792272262,-2.376031182053873,2.5796829707858038,0.22363022950374295,0.028759689956791266
1791433687.0288284,5617.596181607,28.925000000012368,-0.5066830965892387,-0.10044840255330646,-0.40255847866950484,0.06644073143727,-0.5617354926991304,-3.8481949140875953,2.7880200126405024,0.30180944765839846,-0.0037177065822721496
1791433687.0529954,5617.620349174,28.945000000012392,-0.5145610796671859,-0.16720225478575898,-0.34718299843459854,0.07383375230017804,0.07431804675556633,-3.638416071860761,2.790972591591488,0.32614546261751304,-0.02507105820579625
1791433687.077474,5617.644823002,28.965000000012417,-0.4804350450372303,-0.24671400994859694,-0.2954984158258316,0.08062934500280032,1.2466394976065138,-3.4584927482565395,2.5034255806241483,0.35746525540289154,-0.0075027361438788475
1791433687.1014264,5617.668775903,28.98500000001244,-0.4792416057765756,-0.2955966225915067,-0.255898146595022,0.08720895637147436,0.23787192303627905,-1.81540756721008,1.6533026139273597,0.4796546639087826,0.0216882556997481
1791433687.1290197,5617.696377435,29.005000000012465,-0.4597509557128339,-0.3242153363293058,-0.24013771360572037,0.09557204568462864,1.6502563549535831,-0.9062518341610273,0.16860410773102485,0.5984088877118894,0.035612852956762
1791433687.1532214,5617.720592383,29.02500000001249,-0.436702373901856,-0.3303952645760631,-0.18106396866029303,0.0833285437994668,-0.34276949727522144,0.5393080155403356,0.17217530967640582,-0.6374964288034761,0.05723975907525342
1791433687.1785667,5617.745922654,29.045000000012514,-0.44630095428648886,-0.31286029171522195,-0.167420655978002,0.06817992430511957,-0.7438437528380756,1.1682374284553498,2.192369951095727,-1.3731877706105775,0.07898640579665366
1791433687.2048047,5617.772154066,29.06500000001254,-0.4651068157786404,-0.28431054086194596,-0.11656884775402207,0.03703534921617024,-1.27901119727739,1.6711923550813526,2.2414873372453448,-1.5272305418597507,0.06448878880676866
1791433687.229134,5617.796484527,29.085000000012563,-0.4927499909592187,-0.2503418191487877,-0.09632717354441747,-0.014824946376626095,-1.634935944150693,1.7568476800369062,-1.997644489405964,-4.2874931370569955,0.0565190448810915
1791433687.2547288,5617.822082336,29.105000000012588,-0.5251237741794418,-0.21708341013763824,-0.16185360715178324,-0.04790362725445887,-1.7454238339394652,1.5648125433032918,-3.328299084109561,-1.112208770256734,0.05978123000281254
1791433687.281524,5617.848889748,29.125000000012612,-0.5594363408915247,-0.18764847697087722,-0.23877984028384597,-0.06757152056365089,-1.7473781687544996,1.316369655700509,-4.7244081445733315,-0.9489619794126866,0.08227061217216661
1791433687.309129,5617.876519865,29.145000000012637,-0.591306723809172,-0.16354375365614376,-0.34819270642109557,-0.09367250776222645,-1.5189061711565384,1.1510197162043436,-6.713168400438712,-0.2763246502160786,0.10427273644925657
1791433687.3414943,5617.908877585,29.16500000001266,-0.6161836410061395,-0.14307240160371507,-0.46395716407492316,-0.10190307294139907,-1.0511083088834907,1.0408826205838695,-4.27143803012075,-0.6951733654556482,0.08184740529686046
1791433687.365487,5617.932849303,29.185000000012685,-0.6302883263904617,-0.12399190215565414,-0.5326297197776881,-0.10151876999751533,-0.3753623593323645,0.9549172890156719,-2.3120936081441927,0.6024992311787207,0.05547978616975239
1791433687.3898034,5617.957156048,29.20500000001271,-0.6310846105343144,-0.10527959208550818,-0.5519458420036714,-0.0851628719547492,0.38971913769722477,0.9371458130343374,0.0540658914140353,0.9727365891430646,0.03752450672981486
1791433687.4136348,5617.980988003,29.225000000012734,-0.6154955629655194,-0.08817671413990782,-0.5197521287209538,-0.053700759215782407,1.2568011996866142,0.756926807076478,3.4949723394685206,2.597888601484921,0.03600643487509141
1791433687.438113,5618.005461609,29.24500000001276,-0.5813187169579614,-0.07607994386076851,-0.5165769330529414,-0.019212612856238088,2.115519142275802,0.3457454826904703,-1.0449981340791528,2.285515695449987,-0.016929453137591123
1791433687.4637744,5618.031130594,29.265000000012783,-0.5317179883610041,-0.07417779187971218,-0.5259255485866894,0.030684114463707887,2.712378403756223,-0.25507215769597785,-0.2375422694898047,3.793034477625224,0.0016098956614590194
1791433687.487551,5618.054902355,29.285000000012808,-0.47534812533333887,-0.08361277548638481,-0.5257341677864529,0.10216290404308428,2.8395856177328738,-0.6820171098743332,-0.04255160171390731,3.1160228576654925,0.0388500750482317
1791433687.5114608,5618.078827023,29.305000000012832,-0.4085435199906155,-0.09937064832227417,-0.5431736008439413,0.17004593685086872,2.1192921012742008,-1.10658974709433,-1.028682116210237,2.9923598510757285,0.09908934413892147
1791433687.5356529,5618.103008901,29.325000000012857,-0.36169517840395626,-0.11695046925828535,-0.5430476135868137,0.24613599649598286,2.7869367332620048,-0.7372078155798769,0.5600790707147192,4.045206305886268,0.12533573394125372
1791433687.5637608,5618.131112968,29.34500000001288,-0.3160916409896481,-0.12767647058750753,-0.5088590976549779,0.32286983563617205,2.003626026088749,-0.41997394066410015,0.2329560470760786,2.966490613010779,0.06571209102269426
1791433687.590984,5618.158333478,29.365000000012905,-0.2532945387961395,-0.1220708603748279,-0.49747788571913976,0.36402295750071034,1.9463076427237596,0.5500479341453984,2.0051454003844653,1.5109645991540641,0.052039750185388554
1791433687.6147106,5618.182066742,29.38500000001293,-0.21838540103585893,-0.1042508870549815,-0.44487899765493455,0.38685425207773216,2.6720575621069,1.3157676927205773,0.49061913878900354,-0.18293653421463538,0.01699844574378011
1791433687.6385038,5618.205856103,29.405000000012954,-0.16725331182172193,-0.07544180742876921,-0.451619928529594,0.3671013901822467,2.324145985221807,1.3629758537198708,-0.672197519877406,-1.562850781049074,0.0158428385847169
1791433687.6626158,5618.229973903,29.42500000001298,-0.16081324486889204,-0.016416388346657925,-0.4705972902773936,0.32555749467820305,-2.581271208015858,2.7874479336964235,-1.323969391492651,-2.5239565934512855,-0.005171041362252859
1791433687.6871405,5618.254499906,29.445000000013003,-0.21778265991031365,0.02872782475306556,-0.4989194925862541,0.26880679792254814,-2.9167963616241983,1.6808413073073876,-1.626393954918982,-3.0491364653993145,-0.015289757974315017
1791433687.7112582,5618.278625327,29.465000000013028,-0.28614635627162427,0.05468070789486848,-0.5297725486561593,0.2066580262999604,-3.6597008285251817,2.13906426822949,-1.5540760046384061,-3.1163034082097605,-0.02899699657943916
1791433687.7381642,5618.305521464,29.485000000013052,-0.394063237033927,0.09024065977821648,-0.556121381977999,0.14880745999145345,-5.567732517853426,0.39145526612221937,-1.1655775806685709,-2.706520695037284,-0.030148314977493616
1791433687.7650237,5618.33240734,29.505000000013077,-0.47687500950665096,0.09503630296344066,-0.573739894643746,0.10277625933024967,-2.96317781916382,0.26310190781402076,-0.6288964579568258,-2.016699004628906,0.009184948426177529
1791433687.7927914,5618.360189021,29.5250000000131,-0.5191074391131664,0.0909034080655635,-0.5801161146434115,0.07174274462064051,-0.9381102027664994,-0.7431655428899879,-0.0012008373126282876,-1.2237248578650142,0.041483245875920345
1791433687.8175936,5618.384984859,29.545000000013125,-0.5030068861061187,0.062409811665717935,-0.5731979519591062,0.05552989455898706,2.2287740965135687,-1.9479551006702085,0.7141486784366988,-0.48888261998732147,0.05217925537803045
1791433687.8418598,5618.409208504,29.56500000001315,-0.48797173069390204,0.04564737424689386,-0.5507844272781842,0.05254137072320564,-0.8877465147439821,-0.830727740862912,1.473672846917853,0.14568483375235494,0.0821953425061136
1791433687.8660853,5618.433435564,29.585000000013174,-0.500803145322171,0.011680815230527117,-0.5132104072662365,0.05982242110509718,-0.0004499007302632141,-1.4791672552873885,2.1785316854847245,0.5841013171320949,0.1152346952496479
1791433687.8901963,5618.457542135,29.6050000000132,-0.4996226408223504,-0.041594668126710276,-0.46413349699425893,0.07370398309131894,0.2590994930168419,-2.404520787304615,2.6929281930654105,0.7875011874422783,0.10099665721089592
1791433687.914157,5618.48150625,29.625000000013223,-0.5070933244298546,-0.09944556749872645,-0.4094203157657594,0.08988528873773542,-0.5090853244049172,-3.9090587386129854,2.82642119904859,0.7933923876793598,0.05714627098077752
1791433687.940806,5618.508172735,29.645000000013248,-0.5138954755317264,-0.17263301605987644,-0.3542332269864245,0.10453546002670976,0.7346218994115021,-4.209434292530797,2.7527572469517416,0.6159548874801289,0.020302727528575346
1791433687.967749,5618.535131273,29.665000000013272,-0.47511998285743495,-0.2530260455082021,-0.304976510804252,0.11541528689068258,0.34304026011751265,-3.495218243676599,2.3228530134769105,0.5135229953233994,0.044620503181294936
1791433687.9924483,5618.559828606,29.685000000013297,-0.4746911543372181,-0.2997949112271571,-0.27021846164668323,0.12338585047161342,0.6014818816001968,-1.9245573086275816,1.3496317313868325,0.4893577940082573,0.09218821144528555
1791433688.021062,5618.588433913,29.70500000001332,-0.4446731212793405,-0.3307626499259584,-0.25580133703270863,0.1269160435156953,2.2720242137378714,-1.0298654304531074,4.297238555393644,-1.331652798108987,0.12914016239821208
1791433688.0467744,5618.614148031,29.725000000013345,-0.43811104244536037,-0.3315444760071853,-0.20275024345813572,0.10696406233315632,-1.1060525338650664,0.7092090397917404,-0.5549781034746435,-0.9106764369700836,0.1437598911069936
1791433688.0708637,5618.638227352,29.74500000001337,-0.4657726282496359,-0.30919035788575167,-0.1781757612903818,0.07845242232512832,-1.6978327024521143,1.4419422564062538,2.573712907939752,-2.037251956084504,0.13387276254226854
1791433688.0947576,5618.662114576,29.765000000013394,-0.5022344146400811,-0.2762400821209923,-0.13694154263643615,0.038100702397859613,-2.097401341470019,1.8426588510788708,1.713793677699909,-1.950464356551892,0.1072777093092119
1791433688.1199794,5618.687332863,29.78500000001342,-0.543728945377585,-0.2392642898486136,-0.10319905429598013,-0.0025269144193725713,-2.1925976699500795,1.8466650547889876,0.5778391727528073,-3.355470672741913,0.08572603324149979
1791433688.1438282,5618.71118306,29.805000000013443,-0.5850793317246032,-0.20420976636529478,-0.1549669894587994,-0.06506998342607746,-2.0619269392616486,1.6324427254192986,-3.8328135540299626,-1.1570226900441363,0.09127023696011767
1791433688.1728938,5618.740243963,29.825000000013468,-0.6222860487233006,-0.1746531868983049,-0.23150887918047772,-0.08618319006373704,-1.7694648203205072,1.3496440238314817,-4.249879965400779,-1.0294337002244447,0.08034966134885037
1791433688.1996193,5618.766975901,29.845000000013492,-0.6510786608591457,-0.15132039201382988,-0.3200909158295078,-0.11008715458352422,-1.2224768940862416,1.0977913824822725,-5.5634685660655085,-0.1533135343593014,0.10086149907476435
1791433688.2238274,5618.79118055,29.865000000013517,-0.6681198003380109,-0.13241937342647359,-0.44800045490295004,-0.11324763226549844,-0.5636932801817243,0.9322407356988103,-5.359622813442847,-0.4399365084401567,0.0827661940762206
1791433688.2508092,5618.81816408,29.88500000001354,-0.6715530454496027,-0.11544506386929695,-0.5340391378001842,-0.10754424297832031,0.2098353001059452,0.8736933388377379,-3.340456355229134,0.5045655619224808,0.07614133163747851
1791433688.281526,5618.84888493,29.905000000013565,-0.6600517918464149,-0.0992790086358902,-0.5825077718282267,-0.09050183807935513,1.034500054760011,0.8161363464065357,-1.1800702318733693,1.182586948843375,0.07451252078235972
1791433688.3068974,5618.874261448,29.92500000001359,-0.6311861168300457,-0.0849097305637266,-0.5729409164419683,-0.061435769285861405,1.9641891163680005,0.6359948558405045,1.985587038156749,1.880807048352081,0.07187800306570476
1791433688.3323014,5618.899671498,29.945000000013614,-0.5824932145922671,-0.07493572858265801,-0.5233836834538756,-0.014474471954679932,2.8809560284298157,0.2746657358933119,0.3335072845133311,0.9883367961987066,0.044184664374328705
1791433688.3562214,5618.923592331,29.96500000001364,-0.5172447639804617,-0.07396970224405633,-0.5302774360639354,0.030661221828885695,3.492693966538633,-0.3278448466963234,0.2324797111046488,2.0797193964232075,0.0004403235726575537
1791433688.3838444,5618.951213024,29.985000000013663,-0.4499195741399193,-0.08481193969757388,-0.5113190859094383,0.0970143280930534,3.158200217594728,-0.8196610563100734,1.1652339050172382,4.317800229667629,0.036865549258686243
1791433688.410343,5618.977697045,30.005000000013688,-0.3932953259813389,-0.10317078577393174,-0.5123892723926119,0.16764782103743686,4.686476210350694,0.02803004442913226,-0.5633665148690618,3.6641891245812115,0.1362883570034241
1791433688.4345515,5619.00190423,30.025000000013712,-0.3429092215775913,-0.1225166534885325,-0.5129392001608457,0.2385810209955953,0.9019744657725373,-0.970052526033766,0.09070990874717058,3.423677655055687,0.2130870021453201
1791433688.4618938,5619.029252226,30.045000000013736,-0.3046518476849368,-0.13410506648663417,-0.4905378506603923,0.3052355183983282,3.7177801162112956,0.03923964299366131,0.029146327954555407,1.926443426524813,0.20831500471051806
1791433688.486701,5619.054062318,30.06500000001376,-0.2703332069615256,-0.13521868206773924,-0.48205979374339847,0.3451227657649971,0.78149778313572,0.17572142323069412,1.9880552472461437,1.2672737110580148,0.25966094255690314
1791433688.5107596,5619.078116076,30.085000000013785,-0.2463024952231124,-0.11757693968786122,-0.439119175954397,0.3636106689621597,1.402632225018679,1.2528524895685051,0.2550121076345032,-0.23515665978217024,0.22001969092549525
1791433688.5346782,5619.102032545,30.10500000001381,-0.22062538228250325,-0.0872492532368883,-0.4428760951323023,0.34387156008289776,1.2563838986195148,1.6687795427733754,-0.5093235090316708,-1.5203156862372276,0.2171213616782031
1791433688.561309,5619.128661692,30.125000000013834,-0.19239510476986188,-0.0526863582298428,-0.4585755556994958,0.3036646516208706,1.425261849182052,1.7059100074967597,-1.1295641704397954,-2.4138643215473885,0.23598070472873509
1791433688.5851417,5619.15249788,30.14500000001386,-0.22773782003458862,0.013777131345566504,-0.4825671465333328,0.24981337109651877,-2.9150673209569145,1.7636642903296584,-1.4334588971309818,-2.909901888559369,0.1790026986432526
1791433688.6101718,5619.177525828,30.165000000013883,-0.2834793286116906,0.050779615053924594,-0.5093061903578298,0.1901484473642144,-2.7406394317350147,1.5237975462601183,-1.3258621023365835,-2.9816243665730062,0.17504603793713744
1791433688.633239,5619.200590735,30.185000000013908,-0.348804481629774,0.08826564740779091,-0.5315968850847279,0.1336945463592798,-4.703144534819241,2.505589568113129,-0.9722243781957713,-2.6584064448488465,0.1908450629800021
1791433688.6582592,5619.22561124,30.205000000013932,-0.44429215796116006,0.10426249924071157,-0.545347914401334,0.08845841640085414,-3.7316340613818193,0.43360232261308007,-0.45756475378435635,-1.9720666738903978,0.2299662605055522
1791433688.6836004,5619.25097428,30.225000000013956,-0.4994871527990245,0.1101337927218374,-0.5484296981554664,0.05919161178389174,-1.9300633656035113,-0.0659116430343551,0.15737437290905928,-1.1008747516218613,0.27679065147203075
1791433688.711159,5619.278520287,30.24500000001398,-0.5072188496176718,0.0931763834945512,-0.5389739695962982,0.04732853409249825,1.010242623992671,-1.5227826952707282,0.8200129875136736,-0.22615823217301795,0.3133878030017985
1791433688.7359385,5619.30329219,30.265000000014005,-0.4757193149810395,0.06906677655661081,-0.5153143157676218,0.05133032962541951,0.28870967445579165,0.7405579472420928,1.501236794680362,0.5258532677599842,0.333839561200154
1791433688.7599816,5619.327333872,30.28500000001403,-0.48256936119184995,0.04074303762854551,-0.4781737311865947,0.06692910261230876,0.031076644846500828,-2.009768829278551,2.113991427765087,1.076133145713715,0.36662405180677604
1791433688.7842848,5619.351638191,30.305000000014054,-0.4714290231654884,-0.014555783612104866,-0.4324632641962197,0.08823990032134676,0.6289010129690251,-4.051930748311584,2.4614092168881236,1.1721053240785333,0.3714268377887292
1791433688.809792,5619.377144808,30.32500000001408,-0.467521037527556,-0.09656522160824983,-0.38504107180200475,0.10907604723073025,-0.6388940781896835,-3.348000185335064,2.387855938921673,0.9020878651472658,0.31694791644931736
1791433688.8355308,5619.403904573,30.345000000014103,-0.466139073449807,-0.18268566938777553,-0.3424809540411961,0.12329246154930407,-1.1465277820400008,-4.171624040291039,2.017882070790124,0.4788958439517965,0.265036319024381
1791433688.8617835,5619.429167786,30.365000000014128,-0.479196991364678,-0.2546338274727257,-0.3084090155195957,0.1285783268854193,-0.6007655461660342,-2.807357056301285,1.4822563418923522,0.15028335129593928,0.2770898475318902
1791433688.8859174,5619.453269266,30.385000000014152,-0.48313155549903625,-0.3034268490512623,-0.2673327697153702,0.11906905596229586,0.378075430500054,-1.8887737359817751,7.357900766126657,-0.3228417699797903,0.29919792393513417
1791433688.9120903,5619.479441656,30.405000000014176,-0.47440470050770056,-0.32797514270397843,-0.23399542666183692,0.09267630080154084,-1.22248951746991,-0.19072406394750396,0.7849603959724678,-1.4719467684396987,0.27723312596139
1791433688.9459765,5619.513334501,30.4250000000142,-0.5093606596274072,-0.32043654523167453,-0.1917261270104426,0.04459803215700936,-1.998687447474346,0.8229412444098199,2.1209437396967066,-2.83258821901167,0.2849198863283987
1791433688.9700017,5619.537371338,30.445000000014225,-0.5532437373768712,-0.29563019147621783,-0.14980021458200868,-0.016649198799787962,-2.497734454530915,1.6039236623631894,2.2210435324621947,-3.2929650340069334,0.2748023212969977
1791433689.0037723,5619.571134508,30.46500000001425,-0.6033918181673646,-0.25986471407841305,-0.11216841638218136,-0.0919558267948452,-2.6775855827147033,1.9659917750602798,-0.15461942477678903,-5.918686949341996,0.2693466016178758
1791433689.0299404,5619.59729706,30.485000000014274,-0.6533895578985601,-0.22047053739981015,-0.17371485019697527,-0.1397258570011461,-2.4551072769007773,1.9657780581599102,-3.727513532948873,-1.16129544251441,0.2052320806000171
1791433689.0590372,5619.626406872,30.5050000000143,-0.6984523781141074,-0.18146920392693056,-0.24455169188939477,-0.1614483050986265,-2.1802438854076756,1.9240688212776862,-3.61492555441983,0.11970571499766688,0.19111622660656735
1791433689.0853984,5619.652859875,30.525000000014323,-0.7328711618964123,-0.145870362024086,-0.34645912188421263,-0.1481172259751628,-1.4199210238544742,1.7699050006364205,-6.780400020758802,0.7542471955412918,0.23063346165296417
1791433689.1105657,5619.677933969,30.545000000014348,-0.7516715104865282,-0.11263934047205264,-0.4682415462069147,-0.13367064304068701,-0.5312438986056062,1.692597471540586,-4.832778677861322,1.1505775699946164,0.2615644368901422
1791433689.1354992,5619.702868836,30.565000000014372,-0.7523058141638822,-0.0802173639150798,-0.5390431360431831,-0.10314156586848561,0.5199223861594765,1.6713932164282732,-2.512414461560281,1.625945874199417,0.2733634811354952
1791433689.162052,5619.729418139,30.585000000014396,-0.7322584627164369,-0.048114523865098464,-0.5626389621728468,-0.058934928390654076,1.6369101973229059,1.6140328798726946,0.09532020042735456,2.785911736131138,0.2620011013350002
1791433689.191347,5619.758712135,30.60500000001442,-0.688236842499572,-0.017489327654241195,-0.527500844916251,-0.005645800877088646,2.855656774059448,1.4690729557225382,1.9589784972744055,3.1414688088323275,0.2457688486133101
1791433689.2171614,5619.784519694,30.625000000014445,-0.6186293158800661,0.007010085591301981,-0.530679931732897,0.06218456105668277,3.9417679367430756,0.9035361112404746,-0.4834376236345035,3.8966450144604345,0.1793706413754478
1791433689.2428226,5619.810178029,30.64500000001447,-0.532642638455783,0.018571942737432626,-0.5193594897961593,0.13684548103205668,4.490667489548684,0.11489541840114177,1.1875677360881292,4.539577033855157,0.1971833628570316
1791433689.268746,5619.836100066,30.665000000014494,-0.4218391528667489,0.017361687460445443,-0.5007167762150222,0.22342159578875054,8.191999698335797,-0.14274278759514825,-0.14232913405524913,3.2380175111523823,0.2561367718360031
1791433689.2930365,5619.860389381,30.68500000001452,-0.3517858581224706,-0.00042671766796940046,-0.5059416286331049,0.29102615472815013,4.516597047433285,-0.9528846383221067,-0.26632717459300664,3.2525918343078097,0.3236753300338513
1791433689.3183453,5619.885703856,30.705000000014543,-0.2740376410314417,-0.022050022867250434,-0.4861271115728377,0.3589032332490341,3.4215660185647945,-1.1746290418408005,1.6010188927011693,3.3041119239580037,0.3095456889343107
1791433689.3457336,5619.913102431,30.725000000014568,-0.2012164487621796,-0.040805228518429805,-0.48196837657655517,0.3964531316840186,3.6497220974706788,-0.47950235636297023,0.7631167704422288,1.667112006612278,0.34553241624767234
1791433689.3707557,5619.938118778,30.745000000014592,-0.1540895028597262,-0.05179852637534479,-0.4353954284338312,0.4118594616141386,2.442484395486575,-0.4280729670275678,1.9365721480458453,0.11288635254191438,0.318406197286965
1791433689.3960555,5619.963416243,30.765000000014616,-0.10399415560695086,-0.04386843143324903,-0.4325512617153364,0.3886355709388598,0.08541415771517025,2.9157159345335395,-0.252888763489497,-1.8498300774024499,0.26366763029887613
1791433689.420078,5619.987446552,30.78500000001464,-0.16100019615839598,-0.00887675598885724,-0.44486748274348625,0.33908873367561054,-3.5598138306562586,0.8525753176955289,-1.038524531604596,-2.9329330894544205,0.1950371415361646
1791433689.4438972,5620.011250756,30.805000000014665,-0.22843529055482711,0.010649646354421687,-0.4675809220738657,0.2735827422362024,-3.606004388358611,0.9874522712957601,-1.3663432974881178,-3.4418336382901056,0.15504604772301306
1791433689.4677448,5620.035098541,30.82500000001469,-0.3217581801916304,0.03570331829996938,-0.49342153753239787,0.20438098971773236,-7.01990433370272,1.7167286750081538,-1.3679681321786552,-3.4455353031878286,0.1377162431662851
1791433689.491458,5620.058808816,30.845000000014714,-0.44486204776881827,0.06161485905266311,-0.5169285208019759,0.14264304366151237,-4.692981497857725,1.468077163547787,-1.0984834345961232,-2.8402661256381334,0.1501482434137654
1791433689.515777,5620.083132618,30.86500000001474,-0.5156362020613348,0.0868027007070353,-0.5342712319199798,0.09523110079035697,-2.306173150392566,0.43403073404911424,-0.6671769851607678,-2.0048494013812457,0.18280061314938878
1791433689.5404375,5620.107789176,30.885000000014763,-0.5388510035769835,0.09182776929179771,-0.5429576979764414,0.0650557694661309,0.19564743685192226,0.18482940106860762,-0.15993206968575271,-1.133810287671382,0.22999243927985213
1791433689.5648134,5620.132170629,30.905000000014788,-0.5083588712894463,0.08104737893113743,-0.5399840615440799,0.051698889859895014,2.9408421403726988,-1.399263900813014,0.46733927926400115,-0.29220029177604523,0.2682508162251594
1791433689.5891776,5620.156530899,30.925000000014812,-0.4963738561080654,0.080073969641456,-0.5231800915412329,0.05319764685024219,-0.9442201158017252,-0.7876960138054907,1.1591330807278075,0.41345055555669347,0.2813896503005039
1791433689.6192822,5620.186866989,30.945000000014836,-0.5079191403198223,0.05250379457664475,-0.4930264417959965,0.06622719326879736,-0.26412460304308527,-2.268136221014725,1.7698050735567152,0.911299281947202,0.29543007323525483
1791433689.6450694,5620.212421811,30.96500000001486,-0.5087254839342512,-0.0025150790866985697,-0.4526021843605474,0.08560499586405453,0.127788397987233,-2.5912747934892173,2.2429822619979167,1.0228601482232444,0.2828619677936146
1791433689.6690702,5620.236420821,30.985000000014885,-0.5227095987170959,-0.06776579825074412,-0.4065183127134377,0.10554087956246955,-1.2475907816144634,-3.5989252008793757,2.399145426522847,0.9237196507113965,0.23450927133931532
1791433689.6938987,5620.261266626,31.00500000001491,-0.5303259620919897,-0.1468639910975475,-0.35900786780383115,0.12122066619226951,0.8876903212484222,-4.457694395697487,2.4067514281558475,0.5963638433563985,0.18735926501229647
1791433689.7184622,5620.285828062,31.025000000014934,-0.4993825640347925,-0.23528849188161016,-0.3151276346858809,0.12929019088494215,-0.27590525744349914,-3.9274339042627244,2.1145039110215116,0.27039827471014666,0.20766798930646527
1791433689.7424343,5620.309792298,31.04500000001496,-0.49758455766437637,-0.2857802498568527,-0.2831065069450886,0.13029292900385514,0.6946173559363151,-2.4684926761415538,1.2781747439627211,0.040728567059528265,0.25270504421220824
1791433689.7665312,5620.333893404,31.065000000014983,-0.46795830347132833,-0.3236892162183758,-0.2762821482484208,0.12527377634618547,2.146184890763281,-1.2888180713659778,-0.34995575941608525,-0.2559263689596753,0.283424778282978
1791433689.7908132,5620.358187242,31.085000000015008,-0.4616216935906695,-0.3290262224554216,-0.2178641247243356,0.08846666264501268,-0.8947396573850379,0.41224247731439806,-0.7332570887055744,-1.6962483105849575,0.27777764408254896
1791433689.8147047,5620.382058338,31.105000000015032,-0.48545098371442286,-0.31129620140622705,-0.20141169210095428,0.04544413820378337,-1.515353584782441,1.2710305158183155,2.4886295527590607,-2.9027306281982557,0.2659409849740418
1791433689.840157,5620.407521556,31.125000000015056,-0.519249481038832,-0.27951205015232633,-0.15949476809668453,-0.01383626619810089,-1.9926629640788838,1.8868139523171141,1.6892631742165143,-2.9015817725734925,0.23695654494371599
1791433689.8644052,5620.431768798,31.14500000001508,-0.5597597611045435,-0.23971540272127728,-0.12382335598605432,-0.07142911140845713,-2.2127597323574792,2.1079899346486886,1.730334687773309,-2.785873444582696,0.214491991652815
1791433689.8882778,5620.455630989,31.165000000015105,-0.6009430016555651,-0.1993195365410264,-0.15431490858818214,-0.1305436445378495,-2.033644866571554,1.953453588076847,-3.874640941571324,-0.8919200246157417,0.18620498008602787
1791433689.9121847,5620.479534576,31.18500000001513,-0.6378894169321132,-0.1633682723545602,-0.22938066984415936,-0.1420563598339469,-1.7684589033353013,1.6724795124706533,-3.5398870576717947,-0.27258924862456335,0.14376788566572732
1791433689.9360192,5620.503373216,31.205000000015154,-0.6669845730245569,-0.13311948654011355,-0.31026826551460146,-0.12291563748429396,-1.2644034750505608,1.4315569084918232,-5.512116444188136,2.6138853903080714,0.16635213126552548
1791433689.9602497,5620.527601801,31.22500000001518,-0.6840055831902434,-0.1075729810815032,-0.4378545306825527,-0.09906289607490315,-0.5319189759753963,1.2672415622225104,-6.112634321279795,0.5234876699703584,0.16964601027788312
1791433689.9846601,5620.552024511,31.245000000015203,-0.6864349909038542,-0.08393109248826089,-0.5301416851685826,-0.08120372267749257,0.28766164290743956,1.2068027605111866,-3.2210560358773046,1.0627521158967022,0.18726198882463202
1791433690.0110505,5620.578406684,31.265000000015227,-0.672742126607615,-0.06120596946149999,-0.5680072037546484,-0.06200973114364864,1.192046861447593,1.1492612436503469,-0.6671212411259955,0.8842033803548502,0.18627007129616197
1791433690.0366936,5620.604077984,31.285000000015252,-0.6403287761486995,-0.04070755950150529,-0.5518960590921455,-0.03964375432605084,2.14023548496866,0.9185248540746206,2.071314701096147,1.3955058780604093,0.16443033578561048
1791433690.0615592,5620.628925518,31.305000000015276,-0.5877001622072531,-0.025870334884410786,-0.5316461048829582,-0.011214647449256977,3.073366385014781,0.47254994521396965,-0.605333263323662,1.362571626677513,0.12311456462718799
1791433690.0878365,5620.655188467,31.3250000000153,-0.5188314972462289,-0.022097555826399214,-0.5385367554600612,0.031481351446665896,3.6647869773505093,-0.23768349071824493,0.2948210501892851,2.648803458725571,0.11321966253676603
1791433690.1118019,5620.679161852,31.345000000015325,-0.44663349409408815,-0.03339585498136665,-0.5270613065297015,0.10827220055254462,3.5032553589683046,-0.8867967615917165,0.5212148456395561,4.532479989219209,0.1548981393461286
1791433690.140958,5620.708313105,31.36500000001535,-0.36564485623203247,-0.055406384533677334,-0.5247470950949048,0.17285957346963707,3.1661943914229695,-0.863538640384929,2.003027691159679,2.2759740991996886,0.23423259392178433
1791433690.1649468,5620.732301779,31.385000000015374,-0.314753369218318,-0.08346051710505269,-0.5207748299352497,0.251350228026924,3.2086772855318415,-1.4412705290292185,0.9346098886167912,3.66150042481106,0.23939331723160714
1791433690.1895769,5620.756960702,31.4050000000154,-0.2562177300978427,-0.10553729098129877,-0.4929112913785344,0.31268712556568584,3.793280959073273,-0.6751498158636955,0.04140533763930729,2.4209387207151534,0.22235997076607633
1791433690.2162037,5620.783569302,31.425000000015423,-0.20714730158894962,-0.11515682537668383,-0.44061634334999894,0.36026869496374486,1.5554196910491078,-0.24574700230342583,3.2883521234583917,1.2221007655040144,0.20808362561699226
1791433690.2432818,5620.810656836,31.445000000015447,-0.16369679876659124,-0.10855263380329155,-0.40596997285931635,0.37615187273752815,2.321851886019974,0.5882529128887034,1.2066583901111305,0.03887628619250638,0.16019343361652802
1791433690.2679906,5620.835358483,31.465000000015472,-0.12235753160708801,-0.08684009210053548,-0.394731060579249,0.35916883146393724,0.07203959280250327,3.4378089117661674,0.04424457723010107,-1.4815432363192331,0.16002832423714783
1791433690.2956831,5620.863076035,31.485000000015496,-0.17418796949390022,-0.03891079740184373,-0.40130446497484307,0.31808771027041377,-2.9822155877200447,2.5995345994482575,-0.8320544157605259,-2.5069443108561424,0.12605646380126811
1791433690.3198106,5620.887275495,31.50500000001552,-0.23972892869175455,-0.0058009283047275265,-0.4222304085908671,0.2610944944169536,-3.710446096865327,1.692407799362148,-1.353225596119185,-3.025449239075126,0.11026280226365048
1791433690.3470345,5620.91441054,31.525000000015545,-0.3266629499398536,0.03878703229355405,-0.4510351431872597,0.19904924777696745,-6.657412497003877,2.740405087189218,-1.5951727632719745,-3.1183405269195235,0.0982379865056563
1791433690.3712518,5620.938615151,31.54500000001557,-0.440762093987743,0.07178545810507388,-0.481620493378637,0.14207152696875694,-3.9178634894972677,0.7590908164763277,-1.5122609142852805,-2.6523718080660066,0.12136386459735528
1791433690.3954298,5620.962786684,31.565000000015594,-0.5028863423973572,0.08446278887494485,-0.5085193908179897,0.09711386444017403,-2.2769532820828715,0.4766974140938445,-1.1748753517617592,-1.946376982062501,0.17694744760055928
1791433690.4193199,5620.986672534,31.58500000001562,-0.5225948532336827,0.08084979954858158,-0.5274665448776799,0.06695119578757257,0.510156018325018,-0.8298531914672572,-0.658398819684794,-1.170003324161713,0.205252877899885
1791433690.4431667,5621.01052578,31.605000000015643,-0.48972444002741444,0.05695929831418789,-0.5341774966934865,0.05130119130153477,0.7654938214313735,-0.009326069946167359,0.008256645215902178,-0.46513507074231963,0.22982179138511163
1791433690.46746,5621.034813027,31.625000000015667,-0.5046957379606416,0.04129239160508503,-0.5258404279419924,0.048050326531224756,-0.9948580238168498,-1.8374395946554178,0.7580631136439062,0.15693942619594092,0.2501980766087231
1791433690.4922228,5621.059579948,31.645000000015692,-0.512382486783314,0.0058777014090305385,-0.5027110638142348,0.05415900470438683,-0.24853200214289364,-2.9083379690382625,1.4996241564104553,0.4979420359467219,0.25102051721089996
1791433690.5193493,5621.086704999,31.665000000015716,-0.5120351654023371,-0.043424814312752864,-0.4677340821290937,0.0656702283066178,-0.1880946594043159,-3.140184427599557,1.989805816158335,0.5958987574802589,0.22777667829622436
1791433690.543597,5621.110951764,31.68500000001574,-0.5277252193121788,-0.10580338367792237,-0.4251325075802514,0.07877509961799557,-0.7904928520882076,-3.023023559063512,2.2969674364518586,0.6117782047097623,0.1661687837367011
1791433690.5680523,5621.135406838,31.705000000015765,-0.5106748967764158,-0.1828067021772005,-0.37955590753944046,0.08986978870084807,2.2288889626955584,-3.8855730075316735,2.3568704502726114,0.480831527748495,0.14242138447334385
1791433690.5926974,5621.160054923,31.72500000001579,-0.5014204325030034,-0.24706586707238137,-0.33834531059731265,0.0978332429472837,0.1319557893349364,-1.926731087510808,1.9188230371790937,0.44376933767251636,0.19815396813769817
1791433690.61898,5621.186333755,31.745000000015814,-0.48547243533899337,-0.2873497307452014,-0.3133037571291159,0.10330402556768373,1.581209575148795,-1.6378089435637602,0.7689713124005587,0.34761466098452304,0.22875964681730987
1791433690.642742,5621.210098733,31.76500000001584,-0.45420651616657365,-0.3116735533464615,-0.248827484364281,0.08536342650398612,-0.18947277170259147,-0.18087096377661063,-0.08641208104997608,-0.7832748586585705,0.23245755095279014
1791433690.672269,5621.239623894,31.785000000015863,-0.4740128573168337,-0.30345951257812315,-0.22757596931352012,0.06169379265449045,-1.2454607905008248,0.779928096241623,2.5734070716688895,-1.9340084451111668,0.22987194777525674
1791433690.6981196,5621.265480607,31.805000000015887,-0.5035467251942565,-0.28063656001022325,-0.1813691512966156,0.021101565131160217,-1.7925569343789265,1.4552911530434725,1.948652134588117,-2.054602818381288,0.20719392101620468
1791433690.7222545,5621.289612353,31.825000000015912,-0.540772078453507,-0.2488200172209052,-0.14075353523476974,-0.020970052849986327,-2.0805848992134965,1.736119261685556,1.9428668793029387,-2.094144826795436,0.18819573052898406
1791433690.7464163,5621.31377149,31.845000000015936,-0.5805472265084027,-0.21450652188390346,-0.15066663453041482,-0.08666819289961018,-2.0316118037400988,1.721714837743921,-3.300680487642745,-2.3672009605101056,0.17946772154366128
1791433690.7743905,5621.341749331,31.86500000001596,-0.6176334909196715,-0.18275117502473265,-0.22473154511101723,-0.10702725416104858,-1.7916071784630883,1.4912137392320695,-3.6151182339398797,-0.7921660257881419,0.15013637182432585
1791433690.80107,5621.368436722,31.885000000015985,-0.6480687147038899,-0.1552157783674282,-0.3007914899880487,-0.1149873099615994,-1.35652767442354,1.318541368107819,-3.6877866718757573,0.056722679582412186,0.16309919842564122
1791433690.8276792,5621.395042721,31.90500000001601,-0.6671736288711708,-0.13164569086296232,-0.4265144235396377,-0.10953115192680493,-0.6570941089624218,1.1597751114019297,-6.336725595468578,0.2913454528335965,0.16005452357856037
1791433690.8533018,5621.420723495,31.925000000016034,-0.672638617979693,-0.10983163444936327,-0.520186260942362,-0.09421319382233986,0.09113901131376764,1.1124370774938896,-3.638865694268315,1.3204447268815358,0.16390689840813347
1791433690.8775403,5621.444922081,31.94500000001606,-0.6627264567026195,-0.08864776432561239,-0.5685869623495252,-0.07600233683401655,0.9843894130231308,1.067138009687827,-1.3926091832072398,0.9985795022930064,0.1536937692731724
1791433690.904873,5621.472228284,31.965000000016083,-0.6347247741632753,-0.06929337568725535,-0.5621026521506812,-0.04870779019256662,1.9335714910441641,0.8943961781408183,2.0045511902652464,1.8519061555877472,0.14809680615264187
1791433690.9287672,5621.496118726,31.985000000016107,-0.5859193077189363,-0.05454662529645179,-0.5162155490287678,-0.005917073989738272,2.915226193796538,0.5093698298222703,0.16740638845999387,1.0023176382695624,0.12239084133010887
1791433690.952819,5621.520170348,32.00500000001611,-0.5189440523904927,-0.04976995305333732,-0.5221546467035733,0.040348601159003905,3.6187794227647445,-0.12972595342403684,0.37829292055265207,2.1489931702844216,0.07816339018753696
1791433690.9795249,5621.546894807,32.02600000001606,-0.4436832307324719,-0.059269535506406276,-0.4997980320387212,0.11265577433420809,3.4655419609133333,-0.800226699429252,1.203046175494071,4.490438042792477,0.11388040739158643
1791433691.0046663,5621.572023194,32.04700000001601,-0.3719874115287108,-0.07783775623761252,-0.4972245058937692,0.18761787000536972,7.106399906446578,0.34837466878328377,0.28131077068014254,3.7645412823612343,0.20266567372217015
1791433691.0319972,5621.599355051,32.068000000015964,-0.3141559903373999,-0.10140523844326813,-0.49045191705238017,0.2617507690367827,2.3650018717966517,-0.9731958739268814,0.9901798912378232,3.5583695233698633,0.2543977890703331
1791433691.0598357,5621.627189146,32.089000000015915,-0.262099664762782,-0.11700406005260708,-0.4746614503928977,0.3199661723371556,0.7470947727517752,-1.1910344349845414,-0.09827334505692173,2.465477413804994,0.2792680511870537
1791433691.086561,5621.653928964,32.110000000015866,-0.22251555907325146,-0.11820456854558957,-0.44154413017989963,0.3526633328747853,2.472681294887534,0.5952114829838595,3.128237851072446,0.7699780367775569,0.29261904290792495
1791433691.1126428,5621.680026409,32.13100000001582,-0.1864775512448982,-0.10025629369829814,-0.41640740275797583,0.35473464378375485,1.7388235823813214,1.0604828547878433,-0.018969229052097716,-0.9913897844420858,0.24174661220512905
1791433691.1400583,5621.707418059,32.15200000001577,-0.1456435653550906,-0.07390213761223745,-0.4245275651134945,0.32134096353330727,1.9268043060825222,1.2319005144983979,-0.6977705362284683,-2.0909856762363916,0.25221453682275013
1791433691.1665807,5621.733940967,32.17300000001572,-0.18506623805539144,-0.012830098219804967,-0.44631131059787943,0.26842380980870056,-3.3207414751071007,1.2746588889206214,-1.2290754152013859,-2.843305595432854,0.19190745165135112
1791433691.1919498,5621.75930386,32.19400000001567,-0.24968998411809454,0.028011938263042355,-0.4759556750722433,0.2050365767339753,-3.3152098666568453,1.2351893062963837,-1.422211076041605,-3.0754575982579553,0.17757492227222912
1791433691.2170393,5621.784393266,32.21500000001562,-0.3352332519290107,0.06897450618419974,-0.5054835195530428,0.1421014466960601,-6.212101683681935,2.309897332242375,-1.293740503099834,-2.8156422656335978,0.17021270480900502
1791433691.2456572,5621.813011286,32.23600000001557,-0.45133267169206454,0.09118738074296827,-0.5297068366711966,0.0895489740187087,-4.335856875764047,0.5286661218087956,-0.9407028444410862,-2.1123625642352692,0.19485338825440499
1791433691.2743099,5621.841667426,32.25700000001552,-0.5204292240870003,0.10086967545357171,-0.544170793840926,0.05408437447373134,-2.4363796182478348,0.15183745268953452,-0.43291323992930886,-1.2182199479722762,0.24956706784433597
1791433691.2998846,5621.867254467,32.278000000015474,-0.5349571336189038,0.09002023229292133,-0.5456267752370161,0.037922941324362594,0.9594367237174745,-1.2648456458622064,0.25755768558906794,-0.3351289893210726,0.27883361181909105
1791433691.3259082,5621.893324921,32.299000000015425,-0.4914728334218534,0.06146985407111833,-0.5304839648314774,0.039068084791312484,0.9493289821511764,0.6616136298944297,1.1371602363378108,0.37886886168641504,0.303984689509631
1791433691.351451,5621.918825929,32.320000000015376,-0.4983845085461081,0.04148413090459047,-0.4979035736678488,0.05263885476537477,-0.10602204770051787,-1.3359811307513234,1.9194328857599265,0.8541275930293527,0.3476446047199696
1791433691.3871677,5621.954579444,32.34100000001533,-0.4902147990192435,-0.010113589722953037,-0.4526795754572032,0.07389770036081174,0.4810819472372093,-3.699700614845832,2.3501605215270867,1.0746532103325213,0.3366985679994757
1791433691.4155338,5621.982929603,32.36200000001528,-0.4889019508846725,-0.07565610299880429,-0.4014324219386533,0.09544067078662381,-0.005196217566371605,-2.822334608590955,2.476112253095725,0.8793274701310994,0.2719518985307443
1791433691.440713,5622.008120018,32.38300000001523,-0.4996352068204976,-0.17135198330271353,-0.3523296737671393,0.11149339765606034,0.4418272086287861,-4.2185599644485885,2.274589131396792,0.5364823893039096,0.22546413950813313
1791433691.4681783,5622.035541757,32.40400000001518,-0.48082609829505046,-0.25646656292643744,-0.31099205144884307,0.11778846589969003,-1.270604642333251,-3.870547345489343,1.7904103146030603,0.18962113575016276,0.20824357105813868
1791433691.4952698,5622.062635159,32.42500000001513,-0.48802681782213664,-0.30341517729779416,-0.28678983748029935,0.11627521833051335,0.8794302635800201,-1.9109337275757037,0.6852685624343101,-0.05946428420734714,0.2712638847776515
1791433691.520551,5622.087917387,32.44600000001508,-0.45415216931206487,-0.33440214549578884,-0.2261798384306038,0.08842272431119698,0.4103486559448594,-0.24157075381182308,0.026110191474909714,-1.268808167675265,0.27957689149122095
1791433691.545362,5622.112719036,32.467000000015034,-0.4797799639788252,-0.3237895390483599,-0.19421742700877134,0.04838019084355974,-1.572370201358435,0.984793650799723,2.6651729583991517,-2.550322858634563,0.29466427535117645
1791433691.5704646,5622.137816606,32.488000000014985,-0.519156287217374,-0.2934098938797679,-0.14268476074021547,-0.00851311808345407,-2.157231483409879,1.7806361281671652,2.304477097540786,-2.7560070906358183,0.2858339793575851
1791433691.5989237,5622.166279462,32.509000000014936,-0.5676187578252461,-0.25159819651936144,-0.11134193372982787,-0.08443697073511061,-2.4221201931290537,2.100834504755352,-1.8440348762640422,-4.477349724446001,0.27545764562760156
1791433691.6268694,5622.194222706,32.53000000001489,-0.6179802990693529,-0.20679781168381373,-0.18504022620226598,-0.12181877495922314,-2.3572161414292103,2.1107287285499425,-3.56139464102047,-1.0243921649088426,0.22848690120932744
1791433691.6511822,5622.218552073,32.55100000001484,-0.6653579612499262,-0.1637926905329827,-0.2624880087385328,-0.134125765417307,-2.0494077684044183,1.9255318164855617,-4.010756362793596,0.514638010371004,0.2414216728063445
1791433691.6760647,5622.243420526,32.57200000001479,-0.7020706967459092,-0.12570990796432008,-0.38962259286227735,-0.11780242412019379,-1.4148166803164968,1.7208087112853738,-6.933901204663892,0.40280342844288575,0.2702933721366746
1791433691.7015278,5622.268905383,32.59300000001474,-0.7226886028369179,-0.09061934222620313,-0.5051450301037556,-0.09861143780771582,-0.5660725774447029,1.617881644005109,-3.8737863649243334,1.5554741261206846,0.28897041176783084
1791433691.727104,5622.294463715,32.61400000001469,-0.723579468431088,-0.05666695894772677,-0.5604726221886052,-0.06559635468538838,0.40785502811456364,1.581404075060199,-1.1573749331866447,1.2049007803623162,0.28371457059050054
1791433691.752033,5622.319391286,32.63500000001464,-0.7017378446447198,-0.02349437872515361,-0.5562683735127217,-0.02847892121367694,1.5820158471818575,1.5363118523227257,2.1586860946462867,1.9647963844111924,0.265111920112157
1791433691.7779148,5622.345272596,32.65600000001459,-0.6536107869309974,0.006622824702798584,-0.5253516516374711,0.017841456173031667,2.9116568686992212,1.2667027089293643,-0.4401572862905596,2.1088459520250624,0.20594277269143837
1791433691.8035853,5622.370954972,32.677000000014544,-0.5819887472678221,0.025957171150074756,-0.5307627570381962,0.07683557327480003,3.7822911703441324,0.5865075884738198,0.5060462274456661,3.0843721356584455,0.19126063283434094
1791433691.8299959,5622.397357973,32.698000000014495,-0.49985681981553776,0.027083958882378648,-0.5142014743535225,0.16219117904282654,3.89772770748486,-0.42393484319075714,0.656212843764535,4.476933797598388,0.24821044342617546
1791433691.8548849,5622.422245569,32.71900000001445,-0.4076036366814476,0.014654711607940674,-0.5118482106790887,0.22754154525783465,3.056946927181797,-0.9241479600048418,1.91340113553759,2.0738906371278616,0.3242594692314166
1791433691.8803775,5622.447748816,32.7400000000144,-0.3219249712802441,-0.008218686028693616,-0.5104279240850048,0.3051697335801189,3.8557516632640456,-1.1859730435343312,1.6468269322964786,3.5411755124966833,0.30163468704099194
1791433691.9100063,5622.477378446,32.76100000001435,-0.2544366374339822,-0.032479358603289016,-0.46420126750474966,0.3708930271532582,2.447603120485768,-1.0447699565580242,1.2249799644866692,1.2617948002879973,0.2675493477896599
1791433691.936574,5622.503944638,32.7820000000143,-0.18237114069728363,-0.04642497634222832,-0.42025378262357427,0.4051203912574923,2.5331470331820656,-0.37132532679611363,2.248306093025265,1.0861020907641878,0.2874674608772296
1791433691.9639878,5622.531336928,32.80300000001425,-0.12495571839315393,-0.04821528104917506,-0.3647675173081894,0.4154088299566093,2.909749102306697,0.09300754013834418,1.3059523527730297,-0.7908445004379591,0.22058777380149172
1791433691.9878163,5622.555174018,32.8240000000142,-0.13013750159339987,-0.00459158931822814,-0.34810231376006345,0.3816783799837645,-3.3437848787701134,0.9526081868947265,0.16511528467113532,-2.3016035951774567,0.17277818439885875
1791433692.0181487,5622.58550807,32.84500000001415,-0.19577868256486428,0.023897348114219244,-0.35417267749756687,0.3213852934037193,-3.314031731133976,0.511666875602804,-0.8773162255506244,-3.2933587443458987,0.13998727186375098
1791433692.042981,5622.610336813,32.866000000014104,-0.2757046158095313,0.04524421797322119,-0.3789207042623746,0.24763944280342207,-4.0814016220126135,0.5762657675034365,-1.5484403338284525,-3.617196346176657,0.12192420201106252
1791433692.0712125,5622.638598456,32.887000000014055,-0.404902640696115,0.07522775099225514,-0.41493851976815893,0.17512871515111664,-5.13138995557132,1.2973753234756962,-1.9083686605168395,-3.270771508779042,0.13481245022864632
1791433692.0989323,5622.666288447,32.908000000014006,-0.4788598302025968,0.09346794978614065,-0.45607231278984306,0.1138188061050475,-2.5451891221802434,0.39555148589330696,-1.993699354934203,-2.5877897154755134,0.15691315484942517
1791433692.128908,5622.696265662,32.92900000001396,-0.5043335284671621,0.09873477741114814,-0.49598827786908267,0.06862780350992148,0.1474786014574782,-0.04054666880243551,-1.7707243326483093,-1.7615896799221529,0.2008922652473363
1791433692.1555514,5622.722903343,32.95000000001391,-0.48798919731878865,0.09379327124860315,-0.5285016987476026,0.04111243577253675,-0.4421604004279157,0.502622529423856,-1.2857738686447422,-0.930414824233064,0.22920586187975947
1791433692.180799,5622.74814523,32.97100000001386,-0.5146227651141977,0.08757075953673017,-0.5484365830730126,0.03003748270819624,-1.201238729820854,-0.8784636187544548,-0.5986799607521698,-0.2022394340907924,0.24722743210800588
1791433692.2056231,5622.772976895,32.99200000001381,-0.5313408186449461,0.05909788785678244,-0.5523410881170809,0.032486391072107476,-0.6350353157171902,-2.0994553462941714,0.2084311693227499,0.3826199440627722,0.24698407252583557
1791433692.2306056,5622.797958888,33.01300000001376,-0.5453171616560464,0.017372611429885308,-0.5384532955159054,0.04477000156461553,-0.9147088660180557,-2.870452290941135,1.0477023396607412,0.7494692696807004,0.22864780062150517
1791433692.2576776,5622.825040404,33.03400000001371,-0.5551740044837515,-0.0281135993243088,-0.4993397285976513,0.06417032741942288,0.17794658369673658,-3.035662481313037,2.0124173866059367,0.9625039704695362,0.1318011415582222
1791433692.284368,5622.851732343,33.05500000001366,-0.5475648055350221,-0.09030086623091879,-0.44264556879137484,0.08511116036805476,-0.1656229449015684,-4.819432772658598,2.8350095349357054,0.9212349632310526,0.164060215234175
1791433692.309985,5622.877344158,33.076000000013615,-0.5287147592207413,-0.1454851324028625,-0.3815400817997906,0.10223575003267862,1.4695508545589966,-3.0761867635764277,2.7371995671557143,0.6631223869796831,0.20492646715112134
1791433692.3354926,5622.902845845,33.097000000013566,-0.4935479726650092,-0.21029922045501215,-0.3315612672662544,0.11303844342626516,1.6511360771561896,-2.744538638861665,1.8283271575042825,0.2728077884024333,0.18897982982619038
1791433692.3635998,5622.930956305,33.11800000001352,-0.45673018513662644,-0.25206691390566915,-0.2670668478097759,0.10823708960691941,2.3359744095881028,-1.9505324627972187,6.153706855441336,-0.8878686283555772,0.17649651500229704
1791433692.3899696,5622.957344228,33.13900000001347,-0.42429886314100873,-0.2785662702553824,-0.241286272057972,0.0885627522996873,1.2414089851906955,-0.8469541159204417,1.5137157421391854,-1.2073992536425733,0.19229683158308114
1791433692.4165864,5622.983947126,33.16000000001342,-0.40542179586524657,-0.2875577090572179,-0.19002530873301784,0.04975858799663818,0.518582901788893,-0.014135584932917014,2.084467423528802,-2.0139340035722437,0.1738206161287133
1791433692.4473946,5623.014776301,33.18100000001337,-0.40480199669499417,-0.2788745682860227,-0.14809886150682716,0.005625355171608042,-0.3524816453140257,0.7505360010404372,2.1214667861735452,-2.219272847860143,0.13553636325378873
1791433692.4732008,5623.040602502,33.20200000001332,-0.4210559490029968,-0.25694472306098226,-0.16655239994096427,-0.07241831673027575,-1.1104381655122433,1.284238475376714,-3.2559398971580897,-2.3506636166302206,0.1128495916359981
1791433692.4999404,5623.067323441,33.22300000001327,-0.44953981481586386,-0.2268014984950005,-0.2394324408349711,-0.10164045676048558,-1.632154415306753,1.593170406657337,-3.493392039949423,-1.354843670426612,0.06766900730712652
1791433692.5262299,5623.093595449,33.24400000001322,-0.4841313594455301,-0.19260220679314347,-0.3207921468733029,-0.13109166942195888,-1.7351534366149493,1.7379450130060383,-4.4625874000911265,-0.18737715288213286,0.08025498315308285
1791433692.5522501,5623.11961683,33.265000000013174,-0.5167743398999403,-0.15646602582524474,-0.4393621791344119,-0.1358441031161562,-1.427458453738677,1.8016290056909054,-4.5430764209671874,-0.050234714275324444,0.07916425622815014
1791433692.5773118,5623.144667576,33.286000000013125,-0.541328780494756,-0.11895917030894705,-0.5007570694987576,-0.11515297059020776,-0.8700412653051236,1.8145058727159007,-1.6363472633437341,0.9000977333310489,0.08038261095182221
1791433692.6043127,5623.1716631,33.307000000013076,-0.552607857592855,-0.0818526724480093,-0.513013167955896,-0.08591546555815056,-0.10830980201056745,1.7021379735258146,1.3376547028490355,2.0579563147744704,0.08368210009296408
1791433692.6291225,5623.196471479,33.32800000001303,-0.5453496586056368,-0.04924001454843845,-0.502995704884015,-0.04448213608996106,0.823628264006546,1.345653106745258,-1.1253892574051405,1.5432074827487559,0.03769855034975899
1791433692.6551661,5623.222524899,33.34900000001298,-0.5187019673507252,-0.02735566236159557,-0.5202276199133006,0.009703929904850854,1.6091643144574397,0.7280729670869689,-0.10613342359049095,2.9195654321375435,0.01137797395941697
1791433692.6829,5623.25025801,33.37000000001293,-0.4794507487044814,-0.020516280582641724,-0.5228055358329513,0.09674938257273198,2.01645371288254,-0.009803951033286191,-0.3068405673815935,4.432502849624387,0.06581686194261287
1791433692.710733,5623.27809366,33.39100000001288,-0.4187933895765463,-0.023300263853806697,-0.5323265337434495,0.16514307519453872,0.4047673048836169,-0.8939491071313587,-0.678549048951909,3.798703723431828,0.10900158823077964
1791433692.7355032,5623.302859014,33.41200000001283,-0.37280049190400155,-0.03265118266092868,-0.5303889251869959,0.24925625952175204,2.577809501226939,-0.42665351576674626,1.2465371581161246,3.904476003314734,0.12265639190685762
1791433692.7605886,5623.327955081,33.43300000001278,-0.32447889738160396,-0.0411018262960951,-0.5316546901833836,0.31594628574310396,1.8241716421907226,-0.26101217863433224,-0.3052785399535267,1.8407882840557335,0.086142306420681
1791433692.7856538,5623.353009672,33.45400000001273,-0.2558078395062531,-0.03613300469790593,-0.5079529293213755,0.3539304052081258,1.8132170822008056,0.41554759740237507,2.3927185333241603,1.686166687426347,0.04435382489293966
1791433692.8111618,5623.378517846,33.475000000012685,-0.20791477935694586,-0.021999630113761052,-0.4864508185309757,0.3618793437638186,2.9738655624925907,1.038590288458351,-0.4640719072412378,-0.49472848684729653,-0.010533459865188874
1791433692.8383615,5623.405731782,33.496000000012636,-0.16413329736005766,0.01318097232223814,-0.500033864219777,0.3393714777702058,-0.7656803748576139,4.146328006144605,-0.8785530920668788,-1.58002939052461,-0.01980082987650585
1791433692.8649485,5623.432301222,33.51700000001259,-0.22512110144941802,0.05883220460635344,-0.5247327143099546,0.29619340198226174,-3.360812783952613,0.8451979005450437,-1.3323522040537734,-2.4033424477063017,-0.04576867895943605
1791433692.8949869,5623.462359466,33.53800000001254,-0.29575250322338575,0.07621918188672616,-0.555963063629301,0.24074294999324988,-3.7067006018988082,0.912477638240805,-1.448638298688785,-2.744274908017695,-0.05903489293316234
1791433692.924255,5623.491617463,33.55900000001249,-0.4013143245487756,0.09895737488194635,-0.5848834014595505,0.18381938710050788,-6.27611250636085,-0.044607596896066096,-1.1832795250877448,-2.5576106971217536,-0.08182807962719758
1791433692.949266,5623.516624834,33.58000000001244,-0.48811872128082795,0.0977641712233885,-0.6045550516319125,0.13417993309610374,-2.7131367724826907,-0.004786035156996941,-0.6833059033881488,-2.1197159063890334,-0.06032424046154002
1791433692.981747,5623.54912612,33.60100000001239,-0.5168187015447511,0.08490473398959333,-0.6113165006785938,0.09488253561797917,-0.029764102320979147,-0.8619998321554263,-0.005463845258750863,-1.5997630910202072,-0.02321053144507794
1791433693.007718,5623.57507469,33.62200000001234,-0.5085941630418405,0.058358516287539845,-0.6018844480088652,0.06647666138203767,-0.9206950847597986,-1.1625135169921312,0.8287087993346884,-1.0784993644303336,0.012326966446718768
1791433693.0335052,5623.600859382,33.64300000001229,-0.5330761477301779,0.0309488698636445,-0.5742129232363103,0.04927719068278649,-0.8358708880482605,-1.6111032616468117,1.6937949235679828,-0.5511048496067038,0.03291804217740582
1791433693.060731,5623.628086808,33.664000000012244,-0.5443340393912538,-0.02518837758299717,-0.5294544887081452,0.042214077744147226,-0.33789617092481705,-2.770948641784549,2.498421554866498,-0.159906573703896,0.011876577939210544
1791433693.0859768,5623.653336499,33.685000000012195,-0.5494214783385017,-0.07715098073387935,-0.471746258975639,0.04234377890954893,-0.5851255500195287,-3.7145710724221233,2.9883133168544456,0.07161045460552634,-0.002836375685837537
1791433693.1109407,5623.678289877,33.706000000012146,-0.5497586551462382,-0.14558549356861467,-0.40612827249044153,0.04750164600418057,0.1906746349836709,-3.3238651131739525,3.256885083784133,0.2979596600308659,-0.026032405330383215
1791433693.138034,5623.705387537,33.7270000000121,-0.5371796254923434,-0.227714249771903,-0.33825342666021524,0.055858711394260505,0.07619615581949266,-3.0704938924691,3.1891578175949946,0.43663007877851295,0.005440265098229354
1791433693.1642053,5623.731564989,33.74800000001205,-0.5224432397807041,-0.278111644792316,-0.27877940992222533,0.06681829508379951,1.148004238529846,-2.412107445593463,2.455890101451407,0.5753253710262618,0.028674022409475433
1791433693.1892912,5623.756642677,33.769000000012,-0.49291239051874924,-0.31447964804370715,-0.24274330187461654,0.07969291680520656,1.4590906073158934,-1.1173239198452387,0.9286257998239789,0.670579716065034,0.010412612811565013
1791433693.2205753,5623.787934472,33.79000000001195,-0.4637320156666239,-0.32052551788014927,-0.18161811142047038,0.0807573144607087,0.7385722945035498,0.15925698482316825,3.6729317912719885,-0.9934364984890546,0.03993267288976612
1791433693.2459548,5623.813308398,33.8110000000119,-0.446483881002814,-0.3103897695695568,-0.16721962759367745,0.0723093172181891,0.7010164235396585,0.7913353335490906,1.793887750571786,-0.5976730232149056,0.06803281379385832
1791433693.2704432,5623.837796855,33.83200000001185,-0.43937359507172674,-0.2867453733958725,-0.107761334383912,0.046110341046730875,0.027415223170261648,1.3744720719278032,2.596977760697627,-1.207587970307064,0.06177272467136876
1791433693.2991085,5623.866466229,33.853000000011804,-0.4479308354343991,-0.25393385676909663,-0.06654491835884287,0.005823105758067754,-0.6953609310767068,1.6448434130680627,-1.0855766390255515,-4.819770310950786,0.03034048835246556
1791433693.3334153,5623.900770258,33.874000000011755,-0.47022723044547055,-0.2187379134409642,-0.13623138813782684,-0.03633378532794957,-1.2926591425433414,1.646135322383257,-3.3562465892162727,-1.3253588826552138,0.03483668509344015
1791433693.3634398,5623.930793191,33.895000000011706,-0.5034735770219699,-0.18536900521658586,-0.21842210744063958,-0.058879542168328754,-1.7374309259142036,1.4942293952915882,-6.569271662020225,-0.5040771269535709,0.05947355032922101
1791433693.3917515,5623.95912361,33.91600000001166,-0.5422163278968875,-0.15598108646339456,-0.3396628553203575,-0.09558759651760121,-1.8149618651158035,1.2929662274302247,-5.934585221252083,0.15293212757478458,0.07292184847374429
1791433693.4173746,5623.984748021,33.93700000001161,-0.5786583266228554,-0.13018152351479312,-0.47638046913431986,-0.11142375345590753,-1.6039603123621322,1.1635594125230735,-4.88396046717782,-1.2399369148545347,0.04444355633276802
1791433693.442467,5624.009825434,33.95800000001156,-0.60815051953891,-0.10611002210354332,-0.551106419527489,-0.11986169703269972,-1.149885910076264,1.1024171410032468,-2.3338529030157686,0.18414537698898698,0.026864952655034104
1791433693.46745,5624.034813767,33.97900000001151,-0.6251842782379314,-0.08238748621641359,-0.5682137792537219,-0.10571982893414478,-0.5190451336731876,1.1218210820551147,0.4289054549078518,1.0691328971597154,0.010765021289105848
1791433693.4924653,5624.059817461,34.00000000001146,-0.6262457414332918,-0.05967260461574983,-0.5343430923140315,-0.07547383324654072,0.3285622627207942,1.0449681626216867,0.8926282068892916,1.6541110934749992,-0.006709095085011139
1791433693.522778,5624.090145873,34.02100000001141,-0.6089219634804283,-0.04197506774488447,-0.5527522024372717,-0.04695029803250368,1.2190531281947137,0.692989284489551,-1.215069527612777,1.6492899020132339,-0.047648677584372245
1791433693.5482652,5624.115625993,34.04200000001136,-0.5761260320778288,-0.035298405686713434,-0.5701836593195057,0.013441982413817168,1.875368122648828,0.04170567235822092,-0.5128662096536077,3.1791571000011105,-0.004228752497645226
1791433693.5758886,5624.143300006,34.063000000011314,-0.5133357665653397,-0.036913217039895495,-0.5846071719257766,0.07756552299314433,8.82362625062112,0.27647509059735353,-0.7971676262083687,2.7003174722468737,0.016967749294489704
1791433693.602098,5624.169475746,34.084000000011265,-0.4740515338620904,-0.05601019956388443,-0.6094492344080491,0.14879053186112629,3.023648010174209,-0.7708391190261477,-1.2190745950763608,3.3453793811229526,0.07739525249593997
1791433693.6283522,5624.195727519,34.105000000011216,-0.4139224628504446,-0.07242299276955137,-0.6022583679950139,0.22982058948342782,2.8660011899377698,-0.7511555998165445,1.7221764084147644,3.8498054704405313,0.08527021511681751
1791433693.6555572,5624.22292421,34.12600000001117,-0.36128437525847523,-0.0850580977320401,-0.5600078437984299,0.30968413613494794,2.251141743494831,-0.4903221900105083,0.5865286108768899,3.681852378142511,0.03228085098105966
1791433693.683172,5624.250539014,34.14700000001112,-0.29730079736322523,-0.0834157731846405,-0.5290668120586951,0.3550553339093796,2.0824650825910553,0.2668176739951666,2.8066439145625064,1.9090338652821348,-0.010938454792759185
1791433693.7084618,5624.275829771,34.16800000001107,-0.24581027495111643,-0.06749325542171869,-0.4731506844231544,0.37710241120804644,2.545318510219006,1.0711665887482456,0.26275875174651553,-0.21022755274944832,-0.043045589684077255
1791433693.7354674,5624.30282439,34.18900000001102,-0.1897741450914004,-0.04154920061258177,-0.47744228003589034,0.3571214025284004,2.5702171051885485,1.207051619144696,-0.4995768899092481,-1.5086240331642546,-0.03470395080135738
1791433693.761823,5624.329182269,34.21000000001097,-0.18133239817832716,0.017155679425623536,-0.4945260099329812,0.3147570682777267,-2.5783479144620958,2.3886786885473272,-1.0458923240248588,-2.4206676487572634,-0.04979711320035051
1791433693.7883525,5624.355703591,34.23100000001092,-0.24331759963283428,0.042364590142211125,-0.5203323867087313,0.2580297012609235,-2.80888753807625,1.1309655707433188,-1.2947221627707721,-2.8841420467457946,-0.051016853098301736
1791433693.8159685,5624.383338265,34.252000000010874,-0.3126105268158134,0.06214964968483975,-0.5470440016646817,0.19681736204123015,-3.7804628412513908,0.9018824103639059,-1.158865944661894,-2.8295660723073164,-0.06249615467116817
1791433693.840758,5624.408107129,34.273000000010825,-0.4322810555459686,0.07964031788374258,-0.5674007295777296,0.14166292842278685,-4.906667457584464,-0.018722809717885272,-0.7550571942764397,-2.3361465718270966,-0.05541744959344045
1791433693.866765,5624.434114405,34.294000000010776,-0.5039298633725434,0.08173514698331001,-0.5773060875647211,0.09935686331033171,-2.362802967412673,0.04458857614300291,-0.18919437068042863,-1.6534630987551038,-0.01608645139775518
1791433693.8915849,5624.458949551,34.31500000001073,-0.524540638916456,0.0711563961609668,-0.5736634934696337,0.0723692599710306,0.6487029514593458,-1.2144995759661303,0.511108849422016,-0.937467133326402,0.00966947717045989
1791433693.917108,5624.484478145,34.33600000001068,-0.48581765755836065,0.04084815691626929,-0.5535361134105496,0.05991906610829029,1.0778426952505786,-0.18337864047470748,1.3719614061728471,-0.30694127677029154,0.04055461935928635
1791433693.9422581,5624.509638767,34.35700000001063,-0.49603390633431604,0.0187529591716888,-0.5157258487329338,0.05955187418357355,-0.6345087281088173,-1.8890917104009959,2.1891241118659375,0.2164764668297374,0.07321780583183465
1791433693.9674916,5624.534841878,34.37800000001058,-0.4972246045420733,-0.02584089551576453,-0.46339924183304987,0.06848513635183733,0.29526965396135746,-2.534092320384642,2.75149628213482,0.5277621686006169,0.06167533564294238
1791433693.9923437,5624.559693592,34.39900000001053,-0.49388010409055116,-0.08472028844241725,-0.40267473249794244,0.08213330526061526,-0.16713313732494423,-3.3809642615695124,2.9237464773201656,0.6922623941081227,0.04163482897966135
1791433694.0199363,5624.587286976,34.42000000001048,-0.5107427934678904,-0.1641944345375367,-0.3421617893841249,0.09611384533627786,0.39949565765342343,-4.301333590325493,2.765313662896265,0.6284358619698622,-0.0008415199223065676
1791433694.050119,5624.617482243,34.44100000001043,-0.47677453391050717,-0.2506832555859925,-0.28882445026966264,0.10659609558479308,2.0868582816321926,-4.002898290038543,2.2238511946383386,0.41450154141628015,0.018442350423513915
1791433694.0765789,5624.643981731,34.462000000010384,-0.47956023578631213,-0.3059748422069876,-0.2522922148627928,0.11441658553151907,0.2376583356133702,-1.7476074757300921,1.2697903870529168,0.4961872090203011,0.04554109113049599
1791433694.1029665,5624.670327494,34.483000000010335,-0.45466727816776753,-0.3390336596784066,-0.22560792067417054,0.11632979800340178,2.0199978949946473,-1.0341863066412604,6.976045669560717,-0.2835497055027103,0.07425202672826675
1791433694.129407,5624.696769307,34.504000000010286,-0.44718181283467756,-0.3393999333714501,-0.18581948214753996,0.09754322161435865,-1.1880544234767185,0.7541779504494225,-0.04644098965928484,-0.9476149525937269,0.0939977085921043
1791433694.1550186,5624.722372069,34.52500000001024,-0.47702184292535477,-0.3147819982213679,-0.14770414157488038,0.06541242833818624,-1.7376187273647674,1.5107837035569796,2.503595649421981,-1.9725950510468442,0.0910204878350136
1791433694.1798453,5624.747212892,34.54600000001019,-0.515174488846959,-0.27970011919999405,-0.10279895012071652,0.026086840173328497,-2.0380500842702394,1.8079334339468611,2.0112856829314203,-1.776793564973453,0.059600861311023726
1791433694.2078912,5624.775251182,34.56700000001014,-0.5570349318249989,-0.24222182399239103,-0.11906954188177823,-0.04310498992713216,-2.046807346650368,1.7664343118066437,-3.5014963372112904,-2.013109393900321,0.06489588868724938
1791433694.2348533,5624.802258788,34.58800000001009,-0.5973798728420342,-0.20823239149421607,-0.1954286790711721,-0.06812326793807186,-1.866156020830431,1.5162815725979528,-3.5967634865338107,-1.155251335657782,0.0514430100283384
1791433694.262355,5624.829757348,34.60900000001004,-0.6325913716792524,-0.17938060574303027,-0.2925118033905315,-0.09245225678124697,-1.478344549622159,1.267782187047414,-4.296794923792134,-0.8123216509343393,0.07778592735440261
1791433694.2885644,5624.855916359,34.63000000000999,-0.6568802958607309,-0.15520115291170408,-0.42709891446023535,-0.09814156511573284,-0.870743616351612,1.080177580660224,-6.208256673246158,-0.25965969139002587,0.06770795242502249
1791433694.3159854,5624.883337196,34.651000000009944,-0.667889668978099,-0.13266562016979877,-0.5247443218917389,-0.10249369889955229,-0.18210806179391276,1.0489593019264531,-3.584861189545893,0.059605346772631754,0.05964392721216719
1791433694.3453763,5624.912739312,34.672000000009895,-0.6627716501496388,-0.11059442703632752,-0.5717147319603884,-0.09142660332859645,0.6185664187268672,1.030261425416301,-0.7963719483411534,0.9168779409164414,0.04761339487553199
1791433694.370058,5624.937409521,34.693000000009846,-0.6392457436355954,-0.08991556035202727,-0.5593763492169003,-0.06582659733778283,1.5890475561731883,0.8872573892589153,2.002777010524201,1.4442665315954102,0.04047081630115291
1791433694.397207,5624.964576466,34.7140000000098,-0.5939839020855937,-0.07476585361281253,-0.508315067371689,-0.026468192407835,2.656250260807226,0.5253414485963387,0.12755225071616122,0.949736859001537,0.00561303231020637
1791433694.4288971,5624.996279193,34.73500000000975,-0.5296878377215524,-0.07096316638688925,-0.5159718946915812,0.018023527514317367,3.3084050642790648,-0.11738874902540733,0.30582736373797303,2.223689002720678,-0.0242948553317593
1791433694.4594822,5625.026870912,34.7560000000097,-0.4598807031644893,-0.08181691366928168,-0.5025642747034659,0.09567101576740442,3.1878757318816837,-0.8326144936068455,0.5817344229860986,4.534367079947067,0.03174500933482113
1791433694.4845455,5625.05192068,34.77700000000965,-0.38311208481317566,-0.10178687562036277,-0.5156642681460712,0.17076849329366386,1.9031424457569694,-0.5165155772115961,1.056379326705612,2.606487461999159,0.14036355337559916
1791433694.5095496,5625.076913936,34.7980000000096,-0.33566080642613416,-0.12222663205582363,-0.5168932759764678,0.24633986582988673,2.668519221828928,-0.8560178172467855,0.7583189830345234,3.9419623489456916,0.16536764790264083
1791433694.5346045,5625.101956967,34.81900000000955,-0.2926366191379754,-0.13445975157365755,-0.4788806405192663,0.32002991631812167,1.3008744616578665,-0.25283437184410706,1.3296490606105624,2.251937298426648,0.13854688931432446
1791433694.559389,5625.126746597,34.8400000000095,-0.2401290126712703,-0.12774673209307402,-0.43942663640498864,0.368140878556429,1.064894959867258,0.8867052869200948,4.839522715823818,1.5288985186441084,0.13511788512833392
1791433694.5901525,5625.157507116,34.861000000009454,-0.2090148707815665,-0.10314605797850294,-0.39620851148173625,0.3840076414389789,1.957281587801243,1.5961723852288832,1.1084188148105465,-0.018015491998335048,0.09060932612350615
1791433694.615781,5625.183136576,34.882000000009405,-0.16805740612997122,-0.06813104604331333,-0.38505070294584004,0.36586783388679245,2.0628495946639154,1.7554134348455048,0.006829656693321529,-1.5347011643217958,0.10166759992461544
1791433694.6428955,5625.210283962,34.90300000000936,-0.15615127275545873,-0.005413909592473252,-0.394061054101784,0.321894169618827,-2.375644829090138,3.755020435389369,-0.9439680330691952,-2.5909814202428882,0.09004587793647419
1791433694.6707373,5625.238088295,34.92400000000931,-0.22326277886976834,0.030160497764167914,-0.4192642719331647,0.2603707093590104,-3.140301645200914,1.345472625699934,-1.5400068611452524,-3.162365462816579,0.08472610157537915
1791433694.6985497,5625.266042024,34.94500000000926,-0.2930472610289914,0.05689788544056687,-0.4532454825579572,0.19202700482503626,-3.4781403565390723,1.1363701712218854,-1.7469350041993228,-3.2570782559710296,0.07696692191105496
1791433694.725296,5625.292661909,34.96600000000921,-0.40983327066706954,0.08211474503098785,-0.48809558699560046,0.1288069385315442,-5.228212316219465,0.16656217445475704,-1.6104013216648447,-2.7775183384745032,0.07986401760414248
1791433694.753872,5625.321255157,34.98700000000916,-0.4911889035697296,0.08671109949482131,-0.518308790118109,0.0794013044615005,-2.7035324038921638,0.3159008932210007,-1.2625429065248057,-1.9851981607979936,0.12282098998305854
1791433694.78045,5625.347909083,35.00800000000911,-0.5260624407625968,0.08590760307972989,-0.539314938661115,0.047938319483447095,-0.15801171979990833,-0.52331731620437,-0.7067273890872575,-1.087687846559571,0.15826504366064792
1791433694.8068619,5625.374237191,35.02900000000906,-0.4968033421441543,0.061586956139617684,-0.5468254977877558,0.0344492586755584,1.8652746351002472,-0.5816054793438996,0.026277461168457854,-0.2585472480717569,0.18204116906693302
1791433694.8319302,5625.39929553,35.050000000009014,-0.502540329620728,0.05526704390982316,-0.537136836383749,0.03602420667891488,-0.8698324332858647,-1.7880107616277274,0.8565627829284823,0.3370059893293421,0.20486740020395086
1791433694.856874,5625.424224476,35.071000000008965,-0.5056598046864145,0.023541275782422676,-0.510917546764356,0.04828112072912721,0.28834699853702894,-2.351232406435749,1.5494616776742913,0.7398313014747753,0.22384399495568658
1791433694.8821216,5625.44947239,35.092000000008916,-0.49981607817335005,-0.029504434463913723,-0.47279691824556497,0.06628050238913452,0.31247202621041154,-2.3265373318072458,1.9622508168035446,0.8889553558779806,0.1998195840199341
1791433694.909766,5625.477124062,35.11300000000887,-0.5147862918184369,-0.10206116451462698,-0.4295929055717616,0.08510559381340016,-0.20270047297228572,-3.683331503251233,2.035707526856499,0.8237395752870076,0.13353535431883762
1791433694.9362812,5625.503689562,35.13400000000882,-0.4853357497349173,-0.18533205714181633,-0.3879088612807839,0.09986502363090578,0.8888769621819996,-4.361278479544286,1.7982403436311796,0.583465227407447,0.11597699320993532
1791433694.9617808,5625.529138164,35.15500000000877,-0.48544670729247436,-0.2440253897868838,-0.355494831384257,0.11045288745378119,0.38012406991204317,-2.2861663733838498,1.1030906492386565,0.3721578436580149,0.17726552668897716
1791433694.9866211,5625.553980962,35.17600000000872,-0.4558278269373797,-0.2903789469403966,-0.28752995356549416,0.10433328410579848,2.2947077701004837,-2.0773307181201135,1.9058154501457663,-0.8768928101394544,0.21570433978742262
1791433695.0118332,5625.579196056,35.19700000000867,-0.45781889394139863,-0.3026572822073018,-0.27115014895543427,0.0880542023869292,-1.3854592479627512,0.17769635924984947,2.335766952396184,-1.5470791041357042,0.2136484166257821
1791433695.0368166,5625.604168058,35.21800000000862,-0.4917785332635382,-0.28997067328430226,-0.22536591483508203,0.048659134777975316,-1.827192825147488,0.9610973086526261,1.8290303851094372,-2.0319612724909684,0.1922381028589378
1791433695.0620053,5625.629360778,35.23900000000857,-0.534817393118413,-0.26360474009556784,-0.18667066501942275,0.0023407838737225014,-2.13311105482257,1.4502042672488205,1.7803767678261204,-2.306719232224346,0.17741584193995721
1791433695.0898414,5625.657203505,35.260000000008525,-0.5810596006993383,-0.2308056182956082,-0.15824131327584315,-0.049525109443279314,-2.1297942973738886,1.5778070485635332,-0.07503434031056516,-4.044367820566813,0.15966950468334845
1791433695.1191473,5625.686505352,35.281000000008476,-0.623308430134892,-0.19824549476754733,-0.2147917981434239,-0.10821837268018765,-1.824304727110808,1.4519863178558514,-3.6318481906227773,-0.8462682476106599,0.1498340975253391
1791433695.1516566,5625.719016107,35.30200000000843,-0.656638936883868,-0.17008570067931644,-0.2855312522215825,-0.1205840871062997,-1.355161651382916,1.2728124949066446,-3.298175321796491,-0.09545781804323565,0.13469263350330885
1791433695.1792798,5625.746635755,35.32300000000838,-0.6765383541138816,-0.14667235755056626,-0.38098166776186576,-0.10621303194020322,-0.5714453825915594,1.1009276740921983,-6.04822515792063,0.3861205366324867,0.1382612221739385
1791433695.2042918,5625.771668227,35.34400000000833,-0.6795488143734016,-0.12614156148262134,-0.49278201168216473,-0.09628147093911432,0.27209367661148137,0.9964624724090673,-4.002491106755667,0.8240446290145009,0.14108773527547905
1791433695.2292175,5625.796567711,35.36500000000828,-0.664835942187777,-0.10723773439551182,-0.5449648244538089,-0.07395474860220388,1.205300835585143,0.9012764883478132,-1.3601039828950598,1.0776626852798268,0.15012338203966602
1791433695.2541518,5625.821501939,35.38600000000823,-0.6294752374779823,-0.09111183730503389,-0.5413822839649297,-0.047579705123720194,2.237434039600817,0.6680883088476919,1.8443330127216249,1.8795184074321425,0.14392373400706196
1791433695.2790284,5625.846377678,35.40700000000818,-0.5710492871058078,-0.08088059498572957,-0.5096988946494352,-0.012408784064022241,3.267516413507904,0.26383102348840853,-0.35015216468738836,1.147370863386335,0.10795295723838227
1791433695.3045998,5625.871959439,35.42800000000813,-0.49426420075903543,-0.08148761549703358,-0.5145662914192107,0.0365591924926454,3.8090015391571517,-0.3327934996185298,0.6753791703968763,2.3275371879888165,0.07116451874701173
1791433695.3324075,5625.899767443,35.449000000008084,-0.4172350776169721,-0.09437057035425878,-0.49159704953306316,0.11562343859659885,3.4036225072203177,-0.8424676696391524,1.1086793775146244,4.412770889474158,0.10907899204359621
1791433695.3577168,5625.925091102,35.470000000008035,-0.3363358062136436,-0.11345536164480752,-0.48561435182266477,0.1898200462572124,0.5907903402789212,-2.174692828707735,0.6335201028438647,3.7410550745368045,0.1874453188903362
1791433695.382884,5625.950239552,35.491000000007986,-0.29058140659539805,-0.1298124161878701,-0.4701457873493476,0.26299808246108514,1.6344190969688746,-0.85195788824929,0.3275202657621455,2.421323408817766,0.22563212672252225
1791433695.4128616,5625.980227916,35.51200000000794,-0.23878535561608152,-0.13566133090143614,-0.4563037374357507,0.3151313615478553,0.31307597498611117,0.19832174225221344,1.9022254363825928,1.8531786312410865,0.2576535764042861
1791433695.4462874,5626.013664571,35.53300000000789,-0.1973758935419773,-0.12456758128284777,-0.40701016868665757,0.34636870721781926,1.7530482887962973,0.9032755531286729,0.9099850207108802,0.6801831862651009,0.22260083114102358
1791433695.471821,5626.039179561,35.55400000000784,-0.1584893371278662,-0.10019472133961956,-0.39788578199576374,0.3403279328015891,2.0555585011123045,1.3727061030633292,0.0485675657436498,-0.9456405888732675,0.20340415723712144
1791433695.499661,5626.067022914,35.57500000000779,-0.15946831718691323,-0.03760030778071467,-0.4061874124777817,0.30764728154689386,-2.8327806105820685,2.757196453164175,-0.7230799653853978,-2.071591391489755,0.16948653735703964
1791433695.5288875,5626.096242718,35.59600000000774,-0.22232728930348064,0.01381710040236506,-0.4293613420027455,0.2551701629163459,-3.1112715221474585,1.8652990995320604,-1.2967827227102793,-2.8291610364272843,0.15215220942719374
1791433695.5538137,5626.121167681,35.61700000000769,-0.2912509436226744,0.0591734574513047,-0.4599412031445719,0.19333050367809407,-3.7117653009020937,1.8110470203418672,-1.4746143801596832,-2.973025181292314,0.14145672632645537
1791433695.578705,5626.146085326,35.638000000007644,-0.40573447742298535,0.10372161378034608,-0.4903365468888915,0.13363501175120437,-4.824518817481838,0.7457191384319419,-1.3248154873139426,-2.6069521135022584,0.1608950438315895
1791433695.6035013,5626.170853305,35.659000000007595,-0.47662964369197813,0.11693593743651615,-0.5142431339524516,0.08518048714515715,-2.8306744868782143,0.3388131588583228,-0.925774770987593,-1.9454126649146843,0.2212136131404462
1791433695.6294127,5626.196771201,35.680000000007546,-0.505035003135927,0.10676045504311511,-0.5268775114728178,0.052324745153199355,0.19113501692031196,-1.5106317505124343,-0.31253917179705665,-1.1693725118940057,0.2474535511149204
1791433695.6629899,5626.230350925,35.7010000000075,-0.47936598840990957,0.0769102259233925,-0.5242158913626098,0.035519124775648364,-0.09984127420460065,-0.023805300845491983,0.4990290556010454,-0.46170667100134205,0.266738213811584
1791433695.6933072,5626.260678838,35.72200000000745,-0.4974832213690515,0.042972867549697695,-0.504536971334,0.03230006267557278,-0.5349567877859253,-1.9299520354260158,1.2887144018653918,0.19623151394641453,0.3087297956208997
1791433695.7183385,5626.285713021,35.7430000000074,-0.49817940103754754,-0.016272851144648593,-0.4702976084161031,0.0388360811353331,0.04212365251736622,-4.001402098884496,1.940697688573324,0.4750958490817195,0.3043224872896242
1791433695.7433014,5626.310656458,35.76400000000735,-0.49843179009061184,-0.08818600714470126,-0.42627791389476394,0.04994939677930603,-0.4368623046075164,-3.2508750441388417,2.2704359614373835,0.5149493683159512,0.263802704336954
1791433695.7709086,5626.338266156,35.7850000000073,-0.5077431352254199,-0.17927716672056693,-0.37931869375153177,0.06177411472976412,0.1050429683574586,-4.501721444621312,2.2796911047781014,0.49642527946917325,0.20362299848703921
1791433695.7978704,5626.365228279,35.80600000000725,-0.4938453190363602,-0.2687291140173454,-0.3353069602540749,0.07035190840778409,-1.0319809442795742,-3.592118575010328,1.988221139867084,0.35042545329212865,0.2059029901596165
1791433695.8237529,5626.391120042,35.8270000000072,-0.4981293355095393,-0.3160737424598915,-0.30298008484412076,0.07654308800696792,0.5075483388678887,-2.122507287669154,1.1208741340882509,0.2818473648089469,0.2692825946646096
1791433695.8501494,5626.417524461,35.848000000007154,-0.471639089177919,-0.34507576760173,-0.2400390835931316,0.06581026547174401,1.7610741625038737,-0.48979229471449903,2.841970592716092,-1.3956635375800193,0.2929998003643722
1791433695.8766525,5626.444037043,35.869000000007105,-0.4883347776951071,-0.3356605069875364,-0.2219937465346192,0.04226416601603828,-1.4102223230736235,0.9921414139313625,2.056202291647393,-1.6642499152524648,0.2901286077313756
1791433695.908044,5626.475423509,35.890000000007056,-0.5245788009657371,-0.30508150558924013,-0.16708290525546823,-0.004966792832245976,-1.9600164350077391,1.8036241423609163,2.2792059918823284,-2.3317331597998483,0.2860570805071075
1791433695.9357893,5626.50318611,35.91100000000701,-0.570545888462059,-0.261389092216217,-0.1168155959289787,-0.058485897477613305,-2.302971350506613,2.2106402080634964,1.753515510274822,-3.5317758308258154,0.27580850141413377
1791433695.964438,5626.531842215,35.93200000000696,-0.6201712211121679,-0.2133328013064687,-0.16915107205231752,-0.12143852179538989,-2.3229679384981026,2.264830531933923,-3.9768932992500527,-1.011702902535111,0.24636326520074678
1791433695.9901555,5626.557527581,35.95300000000691,-0.6673828012418034,-0.16710356118462194,-0.247127398101368,-0.1423219857337673,-2.0878226177650103,2.1109789052623955,-4.6001530559490735,-1.2157288265222814,0.22709259255757094
1791433696.0151815,5626.582567135,35.97400000000686,-0.7064083826536501,-0.1261605983198442,-0.35289774043449157,-0.1286137585231331,-1.5122987063185878,1.7909945871667239,-6.928707572742192,0.902203327068182,0.2561581846337947
1791433696.0405986,5626.608132692,35.99500000000681,-0.7301814803990127,-0.08998141947247545,-0.4892552225303552,-0.11793608295251339,-0.7366909132080425,1.6274653700632584,-4.902910035264048,1.14174610603027,0.2801147908108688
1791433696.065244,5626.632591088,36.01600000000676,-0.735793837221897,-0.055995758630969304,-0.562673523740584,-0.08780010305297765,0.16134870149649025,1.5767556098354736,-2.2308025053662814,1.6497340562697909,0.28560864216831133
1791433696.0927143,5626.66020569,36.037000000006714,-0.7200336826865618,-0.02274499468295577,-0.5764580289743111,-0.0501165348612439,1.2356839418602452,1.5758065731944537,0.9414571220907485,1.5996960669326123,0.2732680967352687
1791433696.1188135,5626.686196752,36.058000000006665,-0.6792239625483808,0.009223895996879053,-0.5422424638238693,0.002161243626245167,2.5291573845987463,1.4572392875884264,0.3599480020826319,2.800616902430167,0.2208152773207356
1791433696.144991,5626.712374481,36.079000000006616,-0.613465922400405,0.034159528287706416,-0.5511153639357578,0.057272863068969906,3.642954581234442,0.9374260786896256,-0.15672492111134037,2.947178680477123,0.1768926982233489
1791433696.170073,5626.737425985,36.10000000000657,-0.5321545119364689,0.042995796242270116,-0.5407534117134091,0.14101754740905184,4.009503699090475,-0.018263154733855105,0.7852447196007492,4.458873801881698,0.23311621889730752
1791433696.2020607,5626.769427811,36.12100000000652,-0.42931571995738993,0.037068845755001086,-0.5401344153168915,0.21582504084878426,4.70059021773107,0.2717478379917321,1.4221828823315843,2.093036399658236,0.3124475135077538
1791433696.2282996,5626.795656045,36.14200000000647,-0.34878655597777763,0.015883578419437744,-0.5437384555640833,0.29534306982138037,4.428533725507655,-1.1650559187144127,-0.08350568454499464,3.846705451106036,0.30591772750125806
1791433696.253301,5626.820675165,36.16300000000642,-0.2688966192093685,-0.007550464313543095,-0.5104848477809905,0.370237693883502,3.334727905565644,-1.2097173316924015,2.3378546503651783,3.4323862760498507,0.28095331881728763
1791433696.2805686,5626.847944057,36.18400000000637,-0.1823080193971427,-0.023480941805393733,-0.4567222021360258,0.42609630831648687,5.035001355747541,0.03989106503766249,2.782736389582782,1.925550956520315,0.25115192257741303
1791433696.306081,5626.873463098,36.20500000000632,-0.13872191562203093,-0.031119955320130677,-0.3935591606937049,0.43774384212153933,2.9173999888280266,0.015255593764041848,1.968759898264733,-5.6577351149181276e-05,0.21631462448090125
1791433696.331001,5626.898358747,36.22600000000627,-0.10872628022294946,0.0023848652323711864,-0.3601507491362361,0.4280702151497931,-2.278501823848785,3.216776533599507,0.9320901957262306,-2.0156077695945953,0.18866862136293047
1791433696.3557217,5626.92307518,36.247000000006224,-0.17810117335007372,0.02727947468574974,-0.3535145351219173,0.36536480900723806,-3.0350367151061155,1.0872515578262392,-0.25520403993577306,-3.565274911029765,0.17061710441981068
1791433696.3809242,5626.948278841,36.268000000006175,-0.25571726493564234,0.04423783732056602,-0.3682059976124931,0.28257855146266414,-3.8884667217695568,2.442749112562929,-1.1371969052160495,-4.125762403187424,0.1578936556567134
1791433696.4055667,5626.972919749,36.289000000006126,-0.3706593245906735,0.07451394053925318,-0.3991836230818143,0.19594076724122952,-6.171861377600588,1.161920685984961,-1.7882702780233926,-4.015145001053815,0.15398806178770974
1791433696.433133,5627.000492611,36.31000000000608,-0.4567583651216554,0.09311004901987197,-0.4407638239883674,0.11763936247290598,-2.580938092953097,0.6267788425968539,-2.120966931719967,-3.42948561404235,0.18455874089486873
1791433696.4630518,5627.03041696,36.33100000000603,-0.48835201079109675,0.10354642272280741,-0.48580614041228454,0.05442454542853533,-0.30079138209595174,0.26533312569899176,-2.1169161221005037,-2.6140357334427726,0.23841283675744596
1791433696.4895544,5627.056916744,36.35200000000598,-0.4854193135959285,0.1002469303775598,-0.5273970096740781,0.00927870287965449,-1.1765881879846443,-0.15198859780634455,-1.7947486604566902,-1.7337024962675076,0.27712245637848043
1791433696.5145602,5627.081918297,36.37300000000593,-0.5219870206279658,0.09433447288515406,-0.5596997733293676,-0.01766808031221245,-1.569658022672944,-0.5381633080950355,-1.2543675111628987,-0.9086617720430646,0.30582514680234935
1791433696.5409477,5627.108309412,36.39400000000588,-0.548295085060396,0.06447130750466898,-0.5787850305962524,-0.028438980876434743,-1.1087742244032153,-2.062716006249629,-0.5579098365830771,-0.17352488464351903,0.29432072291995137
1791433696.5658891,5627.133283474,36.41500000000583,-0.57041574541436,0.028061089454034148,-0.5811619168476645,-0.02598384215856781,-1.197872687436701,-2.576673880937779,0.28498864002095775,0.38744900581827435,0.27140151254282163
1791433696.5910954,5627.15856058,36.436000000005784,-0.5854041935789946,-0.0012943507795718043,-0.5547013355023424,-0.013940039099746674,-0.8968873995273638,-1.5352565169202497,1.4341454353224372,0.6809050286621403,0.16369785661196415
1791433696.6160023,5627.183404023,36.457000000005735,-0.5851100542266116,-0.03283602586747562,-0.5036392456681636,0.004969066240124613,0.21623639299138103,-2.765644451989085,2.7789897661932446,0.9428183178656522,0.1867465083276865
1791433696.6410186,5627.208482161,36.478000000005686,-0.5656983549481018,-0.08330053624591682,-0.4395677360668557,0.02610166062953451,1.472949120904302,-2.417075827035724,3.160574865416694,1.012300769611274,0.22412287015256213
1791433696.6657486,5627.233108025,36.49900000000564,-0.5304594963357903,-0.14146602630253552,-0.374859092902096,0.04738667822254639,1.737999113684773,-2.79096011158398,2.8177139254691665,0.9215836216793711,0.22187250887691576
1791433696.6948202,5627.262182966,36.52000000000559,-0.497834189810679,-0.18993319530628205,-0.326605960387283,0.06448937457968365,1.4535082569342588,-1.861808015681391,1.6820140383046125,0.6433328857529754,0.20052629739207706
1791433696.7272673,5627.294732563,36.54100000000554,-0.446070163814106,-0.22710999534537168,-0.2539841438357183,0.062323766543480576,3.168460942540907,-2.220839879265419,-0.14510688089425822,0.2036660901507589,0.18197956490616568
1791433696.7569237,5627.324281262,36.56200000000549,-0.3985652606020911,-0.25401986157503437,-0.2038558196086228,0.05159551107732331,1.813854123662665,-0.8549825762660354,2.7204709980683286,-1.0068657503429719,0.2149697656790373
1791433696.781979,5627.349327998,36.58300000000544,-0.3712992440009341,-0.26242911530943486,-0.15487657600038787,0.029815382066338547,0.7080403997510202,0.036871499628807015,2.363932859889528,-1.2803319495716714,0.17827524573855347
1791433696.8071098,5627.374488098,36.60400000000539,-0.36583024350892485,-0.2548754131787227,-0.18775599211014657,-0.03278164179046604,-0.30297614966314484,0.6973232696769607,-3.419807865932125,-1.2837510074702518,0.17146620786540945
1791433696.8321173,5627.39946698,36.62500000000534,-0.3805388907845686,-0.23422298175245118,-0.2574540856077044,-0.059768111407886536,-1.1758251484065714,1.261071840962825,-3.508122747204427,-1.3130473366495299,0.13527281713303133
1791433696.8571267,5627.424506365,36.646000000005294,-0.4102128803146358,-0.2038204508206947,-0.34182197812445486,-0.10000805327566957,-1.6856679806838095,1.6488130409406627,-4.564741530477401,-0.7519054513658611,0.1527931558303408
1791433696.8822823,5627.449675129,36.667000000005245,-0.44602777829255463,-0.1672871828159403,-0.44255459902222444,-0.11886408643766959,-1.738470538686199,1.8635362045240569,-3.4548178039866295,-0.9329596476830868,0.15268121322130127
1791433696.907095,5627.474473114,36.6880000000052,-0.4806163402885315,-0.12691350319238356,-0.48416190562072225,-0.1160160576666044,-1.5049340001179201,1.9716857564831058,-0.7904994664896696,1.1043127425894692,0.1506493147888314
1791433696.9333518,5627.501095691,36.70900000000515,-0.5067576022437271,-0.08570798722890391,-0.49315958437074375,-0.057813184351552756,-0.9096749472246786,1.901201653539929,-1.2526915710451645,3.268093839049037,0.09760730705303562
1791433696.9621987,5627.529574587,36.7300000000051,-0.5171574774486754,-0.04871875155824212,-0.5232845604522254,-0.017219281018041273,-0.05915323615234312,1.598465381215546,-1.2777296394198863,3.3363885960816093,0.05822913685054826
1791433696.9883602,5627.555746735,36.75100000000505,-0.5087702520364165,-0.0206459657009609,-0.540421274759761,0.08132170001680286,0.813308327345849,1.0930698419592901,-0.3771101131310989,4.771830479035865,0.0728408646389737
1791433697.0143692,5627.581744819,36.772000000005,-0.48353023815973895,-0.003175340769293972,-0.5490591922338559,0.17400070875963988,1.5221489512829631,0.6011276416461842,-0.29815574813399776,2.8721655183454673,0.09275910605981082
1791433697.0414362,5627.608813441,36.79300000000495,-0.43356808812883463,0.00733006446054923,-0.5514273481069563,0.25892806376433625,0.32189378746052144,0.16745663098951444,0.20835042294924336,4.393450670319512,0.11939990118415829
1791433697.067001,5627.634375868,36.8140000000049,-0.3842924534931636,0.012812742839178052,-0.5484508975366049,0.3388961620652996,2.6457691889682473,0.1782017382102728,-0.10829900668463888,3.5311753729020627,0.09914439982400211
1791433697.096918,5627.664327608,36.835000000004854,-0.3316521574181179,0.014437870721075477,-0.5459699672368414,0.38688954275866255,2.127372962657262,0.07804916966064233,0.5228026769189794,1.6922549701439242,0.05584077852442788
1791433697.1279051,5627.695302818,36.856000000004805,-0.2650523403470292,0.021971269222925728,-0.5197669231174729,0.40920031719030003,2.265275210822751,0.43598137684340715,1.9476796096966167,0.23565139010342623,0.018589194749669302
1791433697.1579275,5627.725280658,36.877000000004756,-0.20977379668690813,0.033038091723486845,-0.5073001822193973,0.40124665753279526,3.9803982684385786,1.0481679069692549,-0.1322726004054976,-0.967827230653377,-0.04768209039931992
1791433697.1859648,5627.753313247,36.89800000000471,-0.15601788119458782,0.06280759961554279,-0.5142725881429305,0.36864640616702987,-0.368277490499898,3.8777006188747083,-0.5984296474259815,-2.068205639878938,-0.05526101797123428
1791433697.2124763,5627.779843367,36.91900000000466,-0.21767474353776567,0.10556870090424912,-0.5332981858508686,0.31491463939768166,-3.4933026609038835,0.5094301078908834,-1.1014099252261986,-2.9364137002887283,-0.0769860083664565
1791433697.2380168,5627.805369087,36.94000000000461,-0.2893952258685808,0.11492363875168511,-0.5599250704452183,0.24828403100360208,-3.9002439294919147,0.3211517299013864,-1.264716636930355,-3.281234765291199,-0.08286273476517148
1791433697.269829,5627.837201881,36.96100000000456,-0.39501931937606366,0.12440325038594478,-0.585882305911596,0.18058070700231077,-6.6977555907998045,-0.3008963709219319,-1.0774567740758707,-3.064509513611848,-0.09103632053608751
1791433697.2970045,5627.864368334,36.98200000000451,-0.49146416672413074,0.11901148996448549,-0.6043620290938633,0.12109140360971582,-2.8989223829405466,-0.19050452519297845,-0.6732905954504081,-2.596119019645926,-0.07164284044656898
1791433697.3236482,5627.891004554,37.00300000000446,-0.525119531635631,0.10653839537059517,-0.6124645129305263,0.07376918684560584,-0.21426137775134035,-0.921689317364944,-0.10390019945479069,-1.9745891633510553,-0.038638255862888146
1791433697.3490858,5627.916459414,37.02400000000441,-0.5195477603460603,0.08234108607977149,-0.6078588499799665,0.03947884236322123,-1.1348860020448837,-0.9610867278950239,0.5318584893570236,-1.3177638786676702,0.00597229260748284
1791433697.3739753,5627.941338998,37.045000000004364,-0.5501163078458108,0.06036002170809103,-0.589049688247083,0.018603039304457274,-1.1543038926601579,-1.3156900247741412,1.175688138525044,-0.684473453415936,0.03222626049811996
1791433697.4015348,5627.968903404,37.066000000004315,-0.5685748181186905,0.00958610183137485,-0.5565564171846806,0.010624657412888842,-0.6986782991031967,-2.608443082195548,1.8543866891260345,-0.11127826045342348,-0.0003957672564072688
1791433697.4269354,5627.994289398,37.08700000000427,-0.5809342299437205,-0.03618402571283713,-0.5118917513275485,0.012681824877756088,-0.8372318677884841,-3.061680960577137,2.400225100894598,0.25949070136466107,-0.025460425413526732
1791433697.453673,5628.021032241,37.10800000000422,-0.587775597273462,-0.09321503506025572,-0.45728694400177927,0.02215230251065415,0.26331821632620733,-2.848311180052685,2.8110394252287736,0.5556520246511435,-0.0460610466543714
1791433697.4838476,5628.051228914,37.12900000000417,-0.5783979499960508,-0.15959947027873875,-0.39462351398614787,0.036210157512874305,-0.20103884275991213,-4.766174159017064,3.0589855199980818,0.7665714566806682,-0.022606817459745753
1791433697.5095265,5628.076887839,37.15000000000412,-0.5557501855520728,-0.21751968613444478,-0.3311960591949707,0.05393728863193957,1.6813222134803851,-2.734235211689597,2.7774891613205632,0.8547003566143382,0.010818323644946084
1791433697.5340502,5628.101407162,37.17100000000407,-0.5178030901171989,-0.2672983075631627,-0.2827890234980942,0.07290426005883337,1.7607456965078212,-1.8138691427940519,1.6631489213374273,0.891499451261021,-0.01104735086360384
1791433697.558932,5628.126280949,37.19200000000402,-0.4761520338971883,-0.288052580484615,-0.26268636255501754,0.09121373811898455,2.401297337884974,-0.9571888876336029,2.7135066135615347,-0.5602687827820063,-0.008292037394059383
1791433697.583753,5628.151101015,37.21300000000397,-0.4289389593661846,-0.2965233414748665,-0.20072519354055365,0.08711494472990222,2.11336907142488,0.018034233457494254,-0.04618612623689114,0.053911026179735144,0.028610220205203374
1791433697.608985,5628.176333257,37.234000000003924,-0.3906442744863162,-0.28830055911373864,-0.15971476174825955,0.07565130584754387,1.4556110492435919,0.7284125016261933,3.1129270355613885,-1.0538404867519764,0.04767114559709571
1791433697.6341925,5628.201557532,37.255000000003875,-0.3718920492619977,-0.26620365629434145,-0.10322007548128914,0.05421445136623318,0.4405163727427763,1.270192885200163,2.603643132912241,-0.9470611015327516,0.01563170879644619
1791433697.6593072,5628.226656379,37.276000000003826,-0.3749459203957629,-0.2358783230712696,-0.11857130651389794,-0.0017409537602239263,-0.5557953875773304,1.540519791528992,-3.6031571506399085,-0.8962689824442392,0.017675086703650873
1791433697.6838756,5628.251228009,37.29700000000378,-0.3972381808564266,-0.2030495411871575,-0.1860312452776324,-0.04039939799368841,-1.4456880386859114,1.5707775465285678,-3.480373371998251,-1.1926404956016012,0.013430504228327525
1791433697.7129116,5628.280276916,37.31800000000373,-0.43233087361770445,-0.17187115876065584,-0.29124069634172123,-0.0872969100232623,-1.8448582519218952,1.4189183437486927,-4.563749777931019,-3.374731486543567,0.04869187286454621
1791433697.73901,5628.306369629,37.33900000000368,-0.4744953166023317,-0.14278866449894792,-0.41131562579278114,-0.10806190252403607,-2.041096772694621,1.3117733357977457,-6.112834903101221,-1.7146682848196222,0.028246641989339415
1791433697.7640488,5628.331403982,37.36000000000363,-0.5167373403206759,-0.11510148467384014,-0.496606332173711,-0.1325417969020256,-1.9185909482239347,1.2583913723396407,-3.005158148956715,0.333184335251333,0.00628408670311806
1791433697.7986805,5628.366042265,37.38100000000358,-0.5529812403705214,-0.08897540499777004,-0.5305121601451102,-0.11353738879667129,-1.524422138967329,1.2121876643429332,-0.5127668085634155,1.6832232752472593,-0.013380614453795353
1791433697.8264182,5628.393781311,37.40200000000353,-0.5769525713935217,-0.06410879866724435,-0.5180789687512212,-0.08337950179865755,-0.8412544581531669,1.1394234787906636,-0.1541587751478095,1.7349052984026863,-0.019960078543264925
1791433697.851261,5628.418619497,37.42300000000348,-0.5834960503678802,-0.04366426509289429,-0.5436408965766457,-0.045251308402937486,0.10939432668081094,0.7702860937759304,-1.313278398457761,2.442848348199295,-0.0514325517499638
1791433697.8762481,5628.443598791,37.444000000003435,-0.5712450103065815,-0.03151757288907812,-0.5603996829895763,0.014003391627414784,0.99972353445592,0.3222457093239558,-0.8014804581758851,4.1291061508459945,-0.036455665000850956
1791433697.9011447,5628.468496721,37.465000000003386,-0.53969568880031,-0.02995341004331777,-0.5699864620940394,0.07289306034161724,1.5067191570294454,0.04705125554945837,-0.6222924508152263,3.334807854771471,-0.013876917229074325
1791433697.9257514,5628.493102355,37.48600000000334,-0.48037244834478937,-0.03484519691197601,-0.582355753739345,0.14216127138599793,1.4049533396103029,-0.7507770929223299,-0.4093346032727139,2.9155336756759533,0.03728372337429465
1791433697.9508047,5628.518183733,37.50700000000329,-0.42339470203278473,-0.043329450123425484,-0.5736380621716184,0.21981069163555852,3.3286516599525244,-0.354370137358969,-0.04616706583779806,3.824795937832897,0.031199944507991212
1791433697.976621,5628.543995548,37.52800000000324,-0.35633870342131535,-0.04946429835397436,-0.5674384657854996,0.27633923068813376,2.9790197648149253,-0.2030524204264185,0.9366584908165576,2.399441487472076,-0.042436186464137174
1791433698.001744,5628.569107629,37.54900000000319,-0.27674398646749443,-0.04434480030174899,-0.5309544356988348,0.3215874876738248,2.812657449021913,0.6755455759701429,2.488628439142501,1.8263572862156454,-0.07030586375996695
1791433698.026937,5628.594289715,37.57000000000314,-0.22082165268259366,-0.03217441611623257,-0.49913732653959425,0.33723665628719957,0.32585698530579144,0.3980880761977503,0.2832861658134498,0.009730450493752527,-0.090291003740996
1791433698.052069,5628.61942017,37.59100000000309,-0.15547889871187967,-0.009383674996757959,-0.49737556635723307,0.32639010769756455,2.4794688168770715,0.8973739003086232,-0.148785837527351,-1.023029411467077,-0.10202955363246269
1791433698.077109,5628.64445986,37.61200000000304,-0.19106754035961032,0.04796794535189105,-0.5071535104826536,0.2948132548974828,-3.307916823920251,1.09884165736705,-0.6764296056138954,-1.8856588779965098,-0.10568077974196843
1791433698.1018245,5628.669174405,37.633000000002994,-0.2541696655332238,0.07037204431616632,-0.5258329560256401,0.24857199263380986,-3.0243634926878284,1.0612236110911586,-0.9471272290787549,-2.4040401877632953,-0.0988572698774875
1791433698.1298273,5628.69720513,37.654000000002945,-0.3446087160903372,0.10204057720500705,-0.5465483634098253,0.19659223289388672,-6.112508253067365,1.6741135060582564,-0.8877412855228263,-2.4243644353058738,-0.10793836919484978
1791433698.1556816,5628.723089962,37.675000000002896,-0.45320816531280167,0.10602655053509374,-0.5627323598153088,0.14846833705592866,-3.5620673583352924,0.07311532730672449,-0.6006809717920321,-2.095004295136574,-0.08409402764043626
1791433698.1822016,5628.749633507,37.69600000000285,-0.5059771279542622,0.09984902324581003,-0.5702585189924638,0.10895571779514536,-1.6011282004784433,-1.439510442672427,-0.11405238283462948,-1.6196231166973356,-0.0445961855561094
1791433698.208092,5628.775468283,37.7170000000028,-0.4998763393878266,0.07256473574246648,-0.5655321381908724,0.07993931087467909,1.7514943871663675,-2.242809575929357,0.5346164622473586,-1.1482380487297,-0.02546370963621361
1791433698.2354038,5628.802784781,37.73800000000275,-0.5027724633609838,0.04149941266260263,-0.5456578984913368,0.061357046810366425,-1.3396007536815704,-1.940308673778174,1.320572307432614,-0.6597082451085169,0.01910442507694541
1791433698.2637622,5628.831135604,37.7590000000027,-0.5205541104773492,-0.0038771791410873767,-0.5103342007079346,0.05291110441599529,-0.3905939529814405,-2.739645405162291,2.029698443224721,-0.21124263738472138,0.010368117268275785
1791433698.2938993,5628.861270343,37.78000000000265,-0.5268214667317527,-0.06657096709215288,-0.4617637947997585,0.0527990770630969,-0.18629957336455738,-2.403746502885385,2.5220949276973967,0.14261029088575286,-0.02127562768137931
1791433698.3257356,5628.893100144,37.8010000000026,-0.5406601935698457,-0.13207877330369583,-0.40550825300236265,0.05740113787366206,-0.23784716309133716,-3.29269015064238,2.757173891371554,0.3465425856579261,-0.05444599808099479
1791433698.3534079,5628.920767834,37.822000000002554,-0.533407124200483,-0.210555303257018,-0.3466382726332572,0.06486804407608436,1.662861010311114,-4.164421966347226,2.8519341428849474,0.35754825416367086,-0.06292411124558576
1791433698.3787725,5628.946129496,37.843000000002505,-0.5157266377035811,-0.2836393098696965,-0.2919455749053529,0.07327129089923314,0.12963956625429252,-1.9800663335925617,2.4931085144091525,0.5837418714090844,-0.009127475798096515
1791433698.4063356,5628.973695092,37.864000000002456,-0.5022545050515551,-0.3196962626822162,-0.25387472549392665,0.08378342137669094,1.2186993399650161,-1.4007766554371581,1.3657304257106768,0.7231476675927405,0.0009355671753977701
1791433698.433954,5629.001313715,37.88500000000241,-0.46998707301455717,-0.33468948397735737,-0.2082975422967451,0.09009055631126542,1.6452255231045456,0.5029576761634955,7.039762461015248,-0.21063573212998066,0.021901332957007292
1791433698.460092,5629.027459165,37.90600000000236,-0.46676510273679733,-0.32051750261169976,-0.1790079660875466,0.07868381769253475,-0.11274469926456593,1.0245037573717808,0.8181041018221171,-0.4432920785371827,0.05098730328028194
1791433698.4868927,5629.054260953,37.92700000000231,-0.4750302534236285,-0.29195314908501624,-0.12385130153455699,0.053836173807129344,-0.6945795334448408,1.6292667176769509,2.7568107381545985,-1.4516817758336296,0.05991504809162913
1791433698.5119755,5629.079394633,37.94800000000226,-0.4941224009257714,-0.2547288114850736,-0.08542446332111843,0.0077449014021870235,-1.200883714761385,1.875888082622458,-1.3716585569277415,-4.895558769746424,0.03695056365418208
1791433698.537721,5629.105074285,37.96900000000221,-0.5218404787377823,-0.21614824474476912,-0.15423298559314952,-0.03522390201964271,-1.4775052107466502,1.7883248101089317,-3.249843062668351,-1.4022129594971546,0.04797502326290595
1791433698.5643153,5629.1316701,37.99000000000216,-0.5554474047163137,-0.18035533329887096,-0.2360896888887597,-0.05827918558462545,-1.6656654873229426,1.5845628789561235,-6.504814666123867,-0.5252642220089604,0.07900634430175932
1791433698.5894644,5629.156832602,38.01100000000211,-0.5894798902171631,-0.14965609460146387,-0.35531673064678926,-0.09725726042284374,-1.5173821204000852,1.3615393628109054,-6.405661309247447,-0.21926672821590126,0.09466688237432883
1791433698.6142743,5629.181640713,38.032000000002064,-0.6172992977846495,-0.12281117130592323,-0.47999961236080513,-0.11802243666917264,-1.120139260173858,1.2206812613155276,-4.031109718113201,-1.0413201945148731,0.0701800698134337
1791433698.6393416,5629.206699224,38.053000000002015,-0.6351422073998276,-0.09826075438001153,-0.5419998320881418,-0.1191769909938203,-0.5637356409664307,1.1248345069919274,-1.6901633980645807,0.6168345889046052,0.048100427678408005
1791433698.6658163,5629.23317268,38.074000000001966,-0.6388973656548625,-0.07487495517101712,-0.5488802226040549,-0.09208148354004515,0.1691500012038383,1.0725230184818726,1.1465196004202356,1.4249958079396905,0.02182577314764569
1791433698.6911538,5629.258508836,38.09500000000192,-0.6255314323946617,-0.053730800114401796,-0.5365689830059458,-0.060220689023417755,1.0710915424539265,0.8803981354880224,-1.1039185458268312,1.295750260518599,-0.03065301604789554
1791433698.7179067,5629.285264733,38.11600000000187,-0.5934635622725801,-0.039695323905372636,-0.5619984428008443,-0.01698375875849418,1.9146397845112058,0.46111785050720794,-0.7321658091837453,2.4821806657716103,-0.03156889220144048
1791433698.7430727,5629.310432965,38.13700000000182,-0.5462510279612166,-0.03689385643238056,-0.5732688254763152,0.0558188226950415,2.502462035865733,-0.17213805825025097,-0.3349411692710568,3.6017051479375457,0.0047096571055003505
1791433698.7683253,5629.335678688,38.15800000000177,-0.4807813492443146,-0.04399433602350984,-0.5847606838580868,0.12521175164664797,3.1991875188176766,-1.428058363886163,-1.1673776849053998,3.7732530653865215,0.042995887243419434
1791433698.7952194,5629.362571861,38.17900000000172,-0.4236855513712336,-0.05971152562658088,-0.5984026946383512,0.19797066100070604,3.205364819571166,-0.7500741639844309,0.3792410464236506,3.8647869267321955,0.08979940778874969
1791433698.8252618,5629.392625605,38.20000000000167,-0.35869608199843434,-0.07393306833196926,-0.5663135162568879,0.2835907509454526,2.8715055074562374,-0.5754450309610089,1.7312332910223285,4.074928187143935,0.05749085178656235
1791433698.8543587,5629.421721416,38.221000000001624,-0.3066215170157154,-0.08270067812440711,-0.5514802361301937,0.34266852758882754,1.8851264000561114,-0.18628416326043942,1.1234464198417904,1.7028574708264808,0.006800600871035671
1791433698.879058,5629.44641241,38.242000000001575,-0.23448520540514903,-0.07367973711676475,-0.5020794514861354,0.3782541080898981,1.630992958460378,0.6047998718841829,3.478050904495433,1.1654776257020767,-0.01708593289024151
1791433698.9058764,5629.473227326,38.263000000001526,-0.1836380172734098,-0.05606554462324556,-0.4822124921427188,0.3746276777716643,3.127489186835999,1.2435388852173104,-0.20615502104255218,-0.9434102939409651,-0.05564860052315599
1791433698.9349554,5629.502306776,38.28400000000148,-0.1260928462666575,-0.02990994044701898,-0.4927809563301829,0.34251412660813507,1.5924017572828153,3.046125446024292,-0.7863875897717164,-2.0109503910163786,-0.03761723642161085
1791433698.9598753,5629.527265073,38.30500000000143,-0.1712788671219392,0.025400786898111847,-0.5160913897090041,0.290520630764502,-3.2967435502398788,1.0533419655363896,-1.2968824796038383,-2.801820610160299,-0.06564646132070619
1791433698.9863884,5629.553769911,38.32600000000138,-0.23740151284914535,0.04640659739764991,-0.5463011546242473,0.2275764472088847,-4.0091006407894305,0.1929178328987457,-1.4620539898009601,-3.1293046827812407,-0.0739477302285042
1791433699.0116677,5629.57903439,38.34700000000133,-0.3403854028342802,0.07207560471966055,-0.5761549780511411,0.16388544947873668,-6.67902252955673,1.4755601617070297,-1.28738476739059,-2.9711523221122143,-0.08761681815043429
1791433699.0367594,5629.604128465,38.36800000000128,-0.4653161713292232,0.07794148998987356,-0.5979347680655686,0.10974957274132169,-4.181090991201282,0.17547071559795788,-0.7861224260674654,-2.3067658749948885,-0.058058045815446574
1791433699.0621443,5629.62951493,38.38900000000123,-0.5266903846292075,0.08104246487742385,-0.6074998397712293,0.07107034256681768,-2.006960943668105,-0.06215468524605758,-0.11297966142765842,-1.5071297272851318,-0.019411755123054708
1791433699.087165,5629.654512416,38.41000000000118,-0.5325557060012385,0.0689774560334301,-0.6025096103939509,0.04818872246153015,1.2967687800639989,-1.135240607649562,0.6223745407136131,-0.7700039479112818,-0.010399298425358378
1791433699.1122658,5629.679614782,38.431000000001134,-0.487935473646394,0.04300231059925274,-0.5804037679024683,0.03919123208979265,0.47956313955806945,-0.23945929267642815,1.4497202866513277,-0.1435041982225316,0.018823583700235888
1791433699.14017,5629.707537814,38.452000000001085,-0.5012410327936713,0.024037785711297128,-0.5402735398844833,0.042068938577072,-0.5297066552632048,-1.3236897711947808,2.2535615370511084,0.3939496837401871,0.06304742296356158
1791433699.1640074,5629.731359732,38.473000000001036,-0.5047877708737085,-0.022825498598047254,-0.4852223842408583,0.054088019578005235,-0.05765343840493685,-3.0099370280756688,2.9218089314216673,0.7430555068872998,0.02767550959303087
1791433699.1948314,5629.762185504,38.49400000000099,-0.5074119287347578,-0.08179126914268392,-0.4220028084260354,0.07138645264968368,-1.2899413728810194,-3.414786480321158,3.0941312959358633,0.8703314105391129,0.0008014669978634061
1791433699.2189345,5629.786295908,38.51500000000094,-0.5278847032400613,-0.1504919795375718,-0.3582686052654193,0.08939232046399144,-0.3902026612471499,-4.080044398343747,2.96806441682309,0.8037694314007038,-0.04557389508668927
1791433699.245087,5629.81244282,38.53600000000089,-0.4912835198987796,-0.2366022335496425,-0.3009708502444344,0.10490209152638429,2.8460757187203876,-4.1236699322881405,2.433686720926292,0.6700487586890438,-0.029657349524548845
1791433699.2699187,5629.83730151,38.55700000000084,-0.4775704403058472,-0.29795341904314004,-0.2602285369348764,0.1183446860119394,0.2860470819101506,-1.4115289091563248,1.3767805163485782,0.6199124513248746,0.010216450873507607
1791433699.2975438,5629.864919126,38.57800000000079,-0.44934056089913743,-0.32902453732857695,-0.24838550000934356,0.13245041949048197,2.3470276184390775,-1.4621870904639933,-0.32538569265448575,0.6329335247266243,0.05246981401570782
1791433699.3232515,5629.890635875,38.59900000000074,-0.4299057488517677,-0.33555024732006694,-0.1859152970774019,0.1177128881647884,-1.0228785686374136,0.7302960784212442,-0.42448203528507217,-0.4819574026530932,0.07646593030920268
1791433699.3508625,5629.918250427,38.620000000000694,-0.4557818171625954,-0.3129674763812098,-0.1584798609449141,0.09764004503194391,-1.40265850203228,1.331134119482376,2.865280943767842,-1.5433243483705914,0.06751408111083326
1791433699.3833468,5629.950728878,38.641000000000645,-0.490522287516974,-0.2803983804560567,-0.1093341291590224,0.06586092175749668,-1.7680146667707572,1.650397384920425,1.99405738429924,-1.3989950097740074,0.049856539313006876
1791433699.4123912,5629.979772229,38.662000000000596,-0.5307879288588555,-0.2450857774340027,-0.09745104693382456,0.010560670561435025,-1.914433282793012,1.6429869558649495,-2.6911940670933387,-3.3057367209217157,0.04318062455448896
1791433699.4372349,5630.004591824,38.68300000000055,-0.5712034374297468,-0.21298651015508427,-0.16916993720693696,-0.02904262900134604,-1.8524694891706788,1.4108081831571457,-3.4365747666971207,-1.531668367066535,0.05736904554498617
1791433699.463178,5630.030536168,38.7040000000005,-0.6081889005393027,-0.18691667818921895,-0.2603546873543029,-0.05642827956750148,-1.5687342100579424,1.0841003579746216,-4.778185122428718,-2.317596572369547,0.07725581517389664
1791433699.4911966,5630.058569068,38.72500000000045,-0.6369978729089332,-0.16649349683839737,-0.3801207948373066,-0.08701057149738328,-1.1049021252788809,0.83774853622116,-7.050703811638523,-0.4637259708202989,0.08052748433359545
1791433699.5171635,5630.08453551,38.7460000000004,-0.653688845511467,-0.14967793759783504,-0.4985742369129176,-0.10200270758571525,-0.4774270148855116,0.7464552597075522,-4.582432548169487,-0.48591876024471425,0.05824101347243155
1791433699.542396,5630.109752169,38.76700000000035,-0.6558969357789524,-0.13359356621554844,-0.5739550608920185,-0.09500033783029885,0.22507644484400108,0.7427223261268222,-2.26130828294747,0.6167172651518888,0.04286982149337046
1791433699.5679321,5630.135285294,38.7880000000003,-0.641227119201428,-0.11782765480764718,-0.5967250857747545,-0.07404227109728816,1.0715155031930632,0.7060561078072384,0.3003264814611696,1.343685364945618,0.032612814279436776
1791433699.594531,5630.161883126,38.80900000000025,-0.605796576975272,-0.10501408779031796,-0.54753163750531,-0.02763048036554342,2.156343814625041,0.5124483386226046,4.104157415518746,3.389719965411944,0.03871954566017381
1791433699.6226501,5630.190010614,38.830000000000204,-0.5487589732510146,-0.09864042956622751,-0.5261353491802756,0.014608264201743567,3.1422933340652444,-0.011252466711774822,-0.69172706793795,3.204473663508922,-0.010026965207354684
1791433699.648508,5630.215869442,38.851000000000155,-0.4808420611410151,-0.10292521625925341,-0.5167628810894767,0.06988135409743991,3.24361432460979,-0.5022203825498247,1.190860262352009,3.6826472960868566,-0.01818986093913746
1791433699.6740263,5630.241375714,38.87200000000011,-0.42039112302249015,-0.11741929591893116,-0.49745400215763097,0.15257833462756545,2.5035845981003626,-0.7772311800441818,-0.5208880895252326,2.880798992499518,0.05901733116844415
1791433699.6990733,5630.26644388,38.89300000000006,-0.35824396025180777,-0.13234313007196102,-0.5095879599491433,0.22061663976729187,1.6627310991325894,-0.39583628916848124,-0.5538336478892022,3.2259002284022653,0.17866349004052304
1791433699.724303,5630.291656719,38.91400000000001,-0.3300335617629665,-0.14404050442387475,-0.49312786418047233,0.2956089409549711,1.519417942147405,-0.39775923316040396,1.5615640220257552,3.6205406102433138,0.20223991246210696
1791433699.749256,5630.316617511,38.93499999999996,-0.2926151545809594,-0.14245482597214693,-0.48097396479244325,0.34523113114787096,0.7394158902337961,0.3147520733438946,0.6401871066079368,2.2793814193782724,0.2487073605501688
1791433699.7742305,5630.34158263,38.95599999999991,-0.26819247078708824,-0.12430603885881517,-0.43334486225715624,0.37043333892980373,0.9958618980984326,1.142170069399851,2.420221163623636,1.2222400912319975,0.24373895723778222
1791433699.799114,5630.366468815,38.97699999999986,-0.2428353231542305,-0.08987038535953334,-0.4300557502653268,0.356033881459833,1.1206856875849587,1.8441750092618094,-0.40490782285813876,-1.4289065511544858,0.22682151828733846
1791433699.8238184,5630.391173976,38.99799999999981,-0.21657678181696707,-0.050787575886940495,-0.4453449457881687,0.31472097899250556,1.2961796107971095,1.8482905384622466,-1.0863239065084482,-2.3893292229967233,0.24005500824875725
1791433699.8497875,5630.417137152,39.018999999999764,-0.2121809992797018,0.00890127428261791,-0.4708817079145125,0.25828718046492105,-2.183712276733977,4.012144347142038,-1.4196230606138784,-2.902617641660432,0.21965517852492966
1791433699.8792505,5630.446612951,39.039999999999715,-0.2707064274050179,0.04659348264684178,-0.49966714800566675,0.19579545931181802,-2.797405043496318,1.1705781969632476,-1.386237259329732,-2.973632892578441,0.20136407799051104
1791433699.9130647,5630.480428217,39.060999999999666,-0.3285335656398355,0.0756682354259646,-0.5250062060138384,0.13602039915521605,-2.819450922201819,1.4948892084362828,-1.059289026504606,-2.648504234415869,0.2149352421310768
1791433699.9419038,5630.509259938,39.08199999999962,-0.42258604210240347,0.09900435808920177,-0.5416857617975939,0.08785681397744752,-4.4379734835148525,0.3002500887559466,-0.5608887612329532,-1.8996271831293994,0.2475067981015524
1791433699.968903,5630.536258356,39.10299999999957,-0.4943230599142327,0.10764734572424284,-0.547402431962744,0.05767762081009013,-2.148955631546288,0.36498347176938156,0.00710831601200318,-0.9733286069177868,0.3014546874333684
1791433699.9968197,5630.564186669,39.12399999999952,-0.5152458162341387,0.09987404932848289,-0.5400212390043333,0.0477070652176129,0.37430327519388895,-1.088411076972177,0.6865896845918061,-0.021362378295509396,0.3433138834764628
1791433700.0225692,5630.589932532,39.14499999999947,-0.48003759295980314,0.06827167766077308,-0.5175084692361602,0.0564090504336383,2.0804019189751557,-0.6146276418305062,1.4349022044951292,0.7827347132017977,0.36674130657583176
1791433700.0477848,5630.615157079,39.16599999999942,-0.47574369013659995,0.05844272689173831,-0.47992933499958407,0.07844979396168843,-0.16025774347354269,-2.7429058302939087,2.058556614690166,1.2099802796552928,0.3862756414878483
1791433700.0726545,5630.640015449,39.18699999999937,-0.45850273368908007,0.009095936417869713,-0.4328631373472314,0.10648412405710693,1.2660229448763274,-3.315164563930605,2.2648681608717,1.2946805273861768,0.42912859757009264
1791433700.0982783,5630.665625672,39.20799999999932,-0.44064792772864325,-0.07309296401214041,-0.38611503471520603,0.13174738906299066,0.008673003686627018,-3.4865427108831697,2.004606803248547,0.9513151636559243,0.39517729084831676
1791433700.123264,5630.690616646,39.228999999999274,-0.4401174551381191,-0.15513247916784656,-0.3484008075797811,0.14515186665110544,-0.6534960506587678,-3.954197862519364,1.5160501864986762,0.3010880346892487,0.35306922195845536
1791433700.1492746,5630.716662593,39.249999999999226,-0.44770249307129795,-0.22538342983228335,-0.3234277340696643,0.14432103567519608,-0.04547800808098534,-3.1038044343320057,0.7630767194533866,-0.3930117095141553,0.3831753591911777
1791433700.1743004,5630.741687363,39.27099999999918,-0.4329928675316482,-0.28484718146973503,-0.26046811164449046,0.11708155301246968,1.5636973124314222,-2.3453552565179465,-0.1592792729742371,-1.4227381007602926,0.3572860531758175
1791433700.1995194,5630.766865242,39.29199999999913,-0.4384906574835485,-0.31059303621520445,-0.2284528389838976,0.0729029236610512,-1.1644545468011194,-0.5861830828652073,2.7263979112586636,-2.86475275504357,0.3553631246255001
1791433700.2262018,5630.793547414,39.31299999999908,-0.47002834545477384,-0.31100115756925745,-0.18528211772153302,0.007026372316247597,-1.8139955304390785,0.47880414773149255,2.1507155509890827,-3.5085673095614185,0.34453285527345406
1791433700.25093,5630.818276614,39.33399999999903,-0.5158177897261891,-0.29071045951922514,-0.13942694192980334,-0.07372228349373577,-2.4080139868152433,1.3450006703684991,2.094978983296531,-4.083846317852059,0.346699514504609
1791433700.2764828,5630.843832584,39.35499999999898,-0.5708173742487374,-0.25616602450645204,-0.13942854112328412,-0.1571124792989027,-2.6941632401423465,1.8881390408838845,-3.2008964642662723,-1.8257115328325908,0.3002785600396982
1791433700.3012524,5630.868599229,39.37599999999893,-0.6275087372967932,-0.21397176172624205,-0.21443035262288207,-0.20211087227028385,-2.6713085396858296,2.1051033251467297,-3.3550206375907,-1.5935533410709013,0.20460138247859444
1791433700.3262515,5630.893597121,39.39699999999888,-0.6779459298014954,-0.17044348061552692,-0.291231870090741,-0.20536772119090735,-2.179056493312481,2.13054051973613,-4.556224793490003,-0.5638834923144282,0.24214463361725935
1791433700.3511014,5630.918447387,39.417999999998834,-0.7140150944890348,-0.1272417819181232,-0.4227089852959567,-0.19178097255513024,-1.2694130864641713,2.1054728677988397,-5.912619740914623,0.6333078410272601,0.2874386695074553
1791433700.3818982,5630.949255743,39.438999999998785,-0.7298588429922515,-0.08435900522392464,-0.5138799689392456,-0.15962909794202407,-0.18564357362777054,2.113639625620824,-3.335851178704185,1.759422600301698,0.3224051796525133
1791433700.4109945,5630.978364595,39.459999999998736,-0.7216725958606958,-0.04166355354572611,-0.5574352069543601,-0.10858140469483618,1.0905284689089347,2.0200497466057508,-0.7805810806419633,3.165901181475853,0.3265412600813298
1791433700.442003,5631.009396628,39.48099999999869,-0.6852554877469175,-0.001275428733688201,-0.534658502526966,-0.019602570414248486,2.4873797336289134,1.8357584687770532,3.1985313358299257,3.3784388544849713,0.32399098998929354
1791433700.4687316,5631.036101824,39.50199999999864,-0.6172766982244502,0.033336695092947996,-0.5150255790357634,0.07157500462007477,3.8342054949613287,1.3287074521664692,-0.908725026751995,6.745013651949778,0.26017610758583753
1791433700.4959393,5631.063338118,39.52299999999859,-0.5275688613337722,0.05208350353644122,-0.501793769069846,0.1707378761260224,4.447457268086111,0.40042353073743525,1.7566387399104668,5.135415384401579,0.23012648780420317
1791433700.5232728,5631.090709021,39.54399999999854,-0.4162700404648803,0.05203224133533959,-0.4620456720044162,0.27305484835138993,1.446695898337068,-2.3681871867292665,0.7699405324238842,3.526197400704361,0.2919332956439163
1791433700.5497797,5631.117146137,39.56499999999849,-0.3436551391104504,0.039155728009685004,-0.4602903860106086,0.3398603873716361,3.510398331859746,-0.8810670893736464,0.53267623839288,3.0819147042279362,0.38266312349086123
1791433700.5746424,5631.141996703,39.58599999999844,-0.26178742441325586,0.018610316420856823,-0.4307267864433374,0.40072241605506526,4.899823957141193,-0.5771739890666443,2.1629576802669397,2.6173218795858024,0.3694965233194827
1791433700.6015117,5631.168866553,39.60699999999839,-0.2017917329514486,-0.0039021569945388484,-0.3892820809700554,0.4302393936437272,2.9485908762069597,-0.7854795851055072,2.435301528089106,0.5189792200019739,0.35464403722098287
1791433700.6262507,5631.193601817,39.627999999998345,-0.15165301135054354,-0.015405023293151798,-0.3453916842547976,0.43528067819752314,2.5841303525810515,-0.3165102811506403,1.1730606619653259,-0.543441247999323,0.3247850092816864
1791433700.6548266,5631.222180251,39.648999999998296,-0.1346915332546168,0.01184740034811611,-0.331747547222297,0.3955179676361305,-2.6316659408457728,2.471831073831562,0.20883085967149856,-2.6755515694471774,0.28581452262864104
1791433700.6811721,5631.248528628,39.66999999999825,-0.2058514610513905,0.029421691979639182,-0.3383886961230422,0.32598412142143696,-3.153932744751186,0.9781642300128458,-0.6759719871402743,-3.7882378440735773,0.2566510756219828
1791433700.707091,5631.274451715,39.6909999999982,-0.28171664382177325,0.04602695884852036,-0.36054991728148966,0.24104996512736826,-3.656304426601508,1.315253729981166,-1.25721932574029,-4.145911669733607,0.2503422588493922
1791433700.7340293,5631.301390437,39.71199999999815,-0.4092610496856475,0.07637998313695432,-0.39142227101241855,0.15620055590628243,-6.349950518324151,1.0304190163605702,-1.543507879787863,-3.788824487384034,0.260644034935753
1791433700.7594626,5631.32682088,39.7329999999981,-0.49680592385910305,0.09925620213754953,-0.42463284753312613,0.08414976979478553,-3.0269481196764296,0.52558260585312,-1.5333320992561428,-3.0022109173729703,0.28558282956789044
1791433700.7851434,5631.352502266,39.75399999999805,-0.5322764267071622,0.10679866153270103,-0.4539461708187542,0.031239731129855116,-0.3376775056807101,0.08773019295005408,-1.2557299964039221,-2.0329233585367366,0.32902649112330534
1791433700.8130374,5631.380392254,39.774999999998,-0.5020545937477684,0.09126525731036338,-0.47433440821616696,-0.0011137445057644777,2.9483972528625118,-1.6136804205563142,-0.6947060244394758,-1.0809436512152624,0.3476778227411493
1791433700.8418653,5631.409219982,39.79599999999795,-0.497181879963635,0.08537330804823268,-0.480704144872397,-0.014819770322589692,-1.0594291518601353,-1.4308648182827843,0.059108431979926,-0.2737139102781132,0.38872243776014326
1791433700.8682966,5631.435660212,39.816999999997904,-0.5066688612235474,0.04681696961814052,-0.47215046914301423,-0.013175238045986783,-0.21670332304625087,-3.3330036604855544,0.7454597674163325,0.3442335929984913,0.386779967064228
1791433700.8951302,5631.462484527,39.837999999997855,-0.5073488093364322,-0.027714146097869288,-0.45088798759710375,-0.0020326574195587655,-0.7299857446083138,-4.225219290724187,1.2571599006325647,0.6256136885581358,0.3506663293607706
1791433700.9212024,5631.488556719,39.858999999997806,-0.5200027639780751,-0.11107822858889999,-0.42163629837618294,0.012431476852936371,-0.604952017522514,-4.283180574967491,1.5021415905714195,0.7313491854382341,0.2651739224468523
1791433700.9461286,5631.513479028,39.87999999999776,-0.5125965312750876,-0.21056916011171126,-0.3878248933392607,0.025485153016330635,1.965516884570105,-4.741267246162235,1.7463275158447589,0.5276585780999883,0.20467452518155
1791433700.974908,5631.54226742,39.90099999999771,-0.5088529429818438,-0.29074950375737385,-0.35404238056890813,0.03481938554795242,-0.12746933144510475,-2.342076136497618,1.6155489655999813,0.5373306301083387,0.2415696675234618
1791433701.003211,5631.570593748,39.92199999999766,-0.49630588097381384,-0.3356922604983994,-0.33126636902773215,0.04210434986826248,1.3710724444772169,-1.5023440791082565,0.7243279145466303,0.4415945704751492,0.27723966302614067
1791433701.0294588,5631.596831185,39.94299999999761,-0.4697787445994121,-0.3505570172497422,-0.2679541964804227,0.02466282918331669,-0.31984468177913594,0.39704993547734435,0.8505536485610579,-1.0305797727731163,0.2827090238018206
1791433701.054623,5631.62214461,39.96399999999756,-0.488669832324793,-0.33036920338185194,-0.24374405489626888,-0.0005728207677209252,-1.142121065434663,1.4262702762118067,2.6345356930758634,-1.9962895298660994,0.29166112581987047
1791433701.0819395,5631.649291615,39.98499999999751,-0.5190045296766543,-0.29095903569129306,-0.18336632480181553,-0.04942290585307897,-1.703384265635319,2.1898970208359994,2.6581252568577587,-2.303151398338291,0.27465505884341024
1791433701.1091728,5631.676521827,40.005999999997464,-0.5591459023530477,-0.24037876161260732,-0.13806237346343617,-0.1098807452382553,-2.0525557642414736,2.496843983075171,-0.9165977646777926,-3.745778104904623,0.25853093558250284
1791433701.1340797,5631.701432588,40.026999999997415,-0.6023717859964988,-0.18736061567662726,-0.20494765373882912,-0.13870050869497558,-2.1139440343382594,2.4824981692107504,-3.4236324794943678,-0.6781745317280101,0.205892727825883
1791433701.1594472,5631.726891682,40.047999999997366,-0.6450466285088247,-0.13795949063937615,-0.2840141432120207,-0.14051337178253864,-1.9017850547001653,2.1482092648818845,-4.7763035814317325,0.9170694843770494,0.23251702921843823
1791433701.1848493,5631.752200322,40.06899999999732,-0.6804337357099866,-0.0959887954974572,-0.40087857297272733,-0.11826044126944764,-1.3938312426847437,1.846354535844511,-7.129060447020025,0.6898248566038019,0.2513602236585261
1791433701.2096686,5631.777019089,40.08999999999727,-0.7011535417439357,-0.059670805489651396,-0.515014358836768,-0.1006368544978586,-0.6042815162128262,1.6280649707793486,-3.309107013339909,1.3676583221933678,0.2612106985181963
1791433701.237206,5631.804554216,40.11099999999722,-0.7037043462954917,-0.026578056536295434,-0.559164045469005,-0.07636281662015222,0.3055207077829979,1.5104320458517728,-0.7886498470972055,1.0230747294956957,0.24996854646284838
1791433701.262393,5631.829757469,40.13199999999717,-0.6852576268684613,0.004037662065060123,-0.5428440446897114,-0.043213077368937036,1.3850337106253479,1.4034508506908376,1.2552505037488266,2.1196834995079774,0.23063684641002666
1791433701.2872767,5631.854629961,40.15299999999712,-0.6433974348078357,0.02950611172952354,-0.5561779539275205,-0.004601724417963363,2.5161725979910448,1.0268208118928825,-0.9683816220787974,1.8607020666398362,0.16276004716303147
1791433701.3153658,5631.882714931,40.17399999999707,-0.5810448783066429,0.044058267482691905,-0.5643478360359326,0.05761595167045898,3.3379762976588023,0.33795858265003503,-0.08448607172017905,4.182348147836507,0.18931462282575998
1791433701.3409016,5631.90825024,40.19499999999702,-0.5056108322000963,0.042662891977561124,-0.5607307694702782,0.13698897135920016,3.7363989185816027,-0.5472369566323904,-0.4367676651581471,3.484828345818903,0.20233393436318736
1791433701.3679209,5631.935269055,40.215999999996974,-0.41894071155526347,0.0280061547068106,-0.5669521171601617,0.20887135309710203,3.211793893885689,-0.93856242484937,-0.5696098289368698,3.635882854839232,0.2290495971523855
1791433701.401053,5631.968442484,40.236999999996925,-0.3333752754530344,0.005721242238782249,-0.5552437754465245,0.29083932044957705,3.937243354633722,-1.1083081573371911,2.1209153997820382,3.971429681046531,0.21233084840060218
1791433701.429969,5631.997341639,40.257999999996876,-0.260117071382771,-0.016851491949267574,-0.5265594637081374,0.3616265480653814,2.843397635550336,-0.9548482007828935,-0.27093096071349015,3.3910245492682995,0.17472133035711507
1791433701.4553328,5632.022700168,40.27899999999683,-0.17608066816697898,-0.029383709167915,-0.4662099974405098,0.4100806119429651,3.3741409852455693,-0.13566028546819497,2.0929123753371317,1.5158570950974533,0.15174593493869196
1791433701.4802482,5632.047598234,40.29999999999678,-0.11288448277844426,-0.03524702265450832,-0.41494485861376434,0.4191331861435118,3.624429394429036,-0.02160415555878651,0.9547148653197653,-0.4975153175704767,0.08603012739929802
1791433701.5126586,5632.080050511,40.32099999999673,-0.07519192389867858,0.001401063870978362,-0.4062797697207518,0.38933179151562314,-2.5266234262251803,2.636445936444346,-0.10420642680816057,-2.146379937033945,0.07277038565538575
1791433701.5385852,5632.105970337,40.34199999999668,-0.14459268293870092,0.018171697227908665,-0.41937730036645415,0.331601642982859,-2.6202072214523384,1.0945869889461166,-1.2200139974981399,-3.2110619099679636,0.040082120622727264
1791433701.5659354,5632.133311287,40.36299999999663,-0.23535418297353414,0.02097819387386182,-0.4503302111488301,0.2584292762342464,-6.74598917093332,1.4040535020824687,-1.839579809387815,-3.6076167021745484,-0.004974715547388916
1791433701.5915189,5632.158908557,40.38399999999658,-0.35799864290665256,0.0517871945589934,-0.4904990812038122,0.18492378729848796,-6.94382170122493,1.0813857120207293,-2.0318002085531317,-3.3582260358861786,-0.03218981962083906
1791433701.6210926,5632.188469218,40.404999999996534,-0.46384891079735047,0.06470222925442344,-0.533102193826261,0.12138221671267921,-2.925391267039806,0.6637606768250891,-2.013951489511796,-2.74244639521883,-0.010927070242684172
1791433701.6544235,5632.221805227,40.425999999996485,-0.5025681354733578,0.07705737425423524,-0.5718064157591994,0.0727322436620429,-0.6794196102534387,0.38349992590100185,-1.6814679295257322,-1.9606660698916203,0.03390362022384345
1791433701.6813653,5632.248734939,40.446999999996436,-0.48487556331587567,0.07692624047383541,-0.6019766111656112,0.04026683932735923,2.189369607510177,-0.3180698613547024,-1.1627645471270773,-1.1845328840874683,0.060070540702244546
1791433701.7068799,5632.274245279,40.46799999999639,-0.5005010679167049,0.07204131222609123,-0.6188621570602264,0.023771697122688642,-1.7921914266779848,-0.3423270786972284,-0.45088108969626906,-0.4280125745955051,0.11107603620445702
1791433701.7320156,5632.299380922,40.48899999999634,-0.5312072081565726,0.05822839712773909,-0.6194940738325793,0.022325995873922585,-1.5296039867262199,-2.0576813275748784,0.38256061761834576,0.28076559384167166,0.09633554489331651
1791433701.7569447,5632.324304289,40.50999999999629,-0.5545281939691324,0.02890472816717682,-0.6009011262964171,0.033886548692203824,-1.0993127431750898,-1.9507801067102024,1.3147390868504898,0.7958291733681615,0.07751405390798444
1791433701.7818053,5632.349162614,40.53099999999624,-0.5879981185255584,0.00029317056765886646,-0.5632934833911708,0.05418765249938685,-0.7526656735177157,-1.3947280905983868,2.2062601939765716,1.098612160130035,0.033142489055907616
1791433701.8065007,5632.373852843,40.55199999999619,-0.5750519181910798,-0.03983752659234514,-0.5077694656374464,0.07854029899620761,2.0442692488396,-2.5995533694896573,3.003922464770886,1.1851851762518493,0.011378540059343469
1791433701.836469,5632.40382956,40.57299999999614,-0.5668678570321266,-0.08652482623956032,-0.4389502871034216,0.10305438774813964,1.0375995886479892,-1.615458540612528,3.290279963341035,1.1299764976145847,0.09060199716293124
1791433701.8638928,5632.431245498,40.59399999999609,-0.5287323062894468,-0.13590591106896993,-0.37334640317477613,0.1261870678540328,2.284483759125092,-2.9393092478273513,2.638101543238162,0.9645633230278583,0.07923726778513718
1791433701.8919306,5632.459283881,40.614999999996044,-0.478492919530069,-0.19435959266312966,-0.33205384510288133,0.1447256071610751,2.4191516723680926,-2.0131261671701184,1.0946967050545386,0.7432939438790733,0.047918040058048034
1791433701.9170856,5632.484502142,40.635999999995995,-0.43283947299692094,-0.23655500148210654,-0.26074464197588737,0.14280184419796563,1.879934867654168,-1.7677374580345921,-0.042065977514418984,-0.061446974926948894,0.06307185143063215
1791433701.9470408,5632.514436908,40.656999999995946,-0.3944411958283879,-0.2689727062975459,-0.2386744511408539,0.13510326681694557,1.5312615482108012,-1.2293413198271523,2.849995950354582,-1.082262887978056,0.0628898631689702
1791433701.9760516,5632.543456988,40.6779999999959,-0.3712309870520393,-0.2866017781297638,-0.19602640577569985,0.11202652816840776,0.6946403211748167,-0.4817307481707679,1.7598232692882292,-1.1614391571606004,0.023220516103467183
1791433702.0021904,5632.569607293,40.69899999999585,-0.3672300864071451,-0.2890258282828697,-0.15795544778974338,0.08674399577978122,-0.18088821518081988,0.18251612905770837,1.6087955930858548,-1.186897514307932,-0.026144931593309047
1791433702.0309246,5632.598314677,40.7199999999958,-0.3797799033643801,-0.27990913904653064,-0.1482513618525034,0.04125386019145859,-0.8801596618307647,0.6335061414518633,-2.2182445552356325,-3.830011980687168,-0.04988906153660756
1791433702.0618007,5632.629173109,40.74099999999575,-0.4044139589904756,-0.263240511280184,-0.21473126780300317,-0.0032161602264369512,-1.3610279666080765,0.9100335469972417,-3.036830348154072,-2.7491008178115512,-0.06807340626294274
1791433702.0872862,5632.654682518,40.7619999999957,-0.4357733323087248,-0.2417499342463409,-0.28178531170991056,-0.05897693369766505,-1.54197007574825,1.08328778223272,-3.2454845918059014,-2.57958851521655,-0.05287687018222967
1791433702.1121166,5632.679473728,40.78299999999565,-0.4677160354605548,-0.21726254035040865,-0.38557072192717773,-0.11681978091405558,-1.4516042052447429,1.2789035714592418,-4.783920238844488,-1.3759270184705186,-0.04411175072274402
1791433702.1378124,5632.705166701,40.803999999995604,-0.4942987714345561,-0.19091621045785595,-0.464414139976448,-0.1417725006710399,-1.0656204223648766,1.3592696134643123,-3.430232127941769,-0.7648430143839489,-0.09238119965859408
1791433702.164091,5632.73146547,40.824999999995555,-0.5128474718720223,-0.16680051652764694,-0.5126539280560385,-0.13286902552601434,-0.9334974930987366,0.4477892219725209,-1.3617888699024407,0.8502974642271218,-0.14434785784614215
1791433702.1903477,5632.757706014,40.845999999995506,-0.5154188527948966,-0.13930531590706824,-0.5129835211598042,-0.09670161521892309,0.24373855802471975,1.0835649072943707,1.9626925162014466,3.262295511862386,-0.10534380090072033
1791433702.2158751,5632.783228322,40.86699999999546,-0.5006215115258178,-0.11933765332388163,-0.49464588076853416,-0.047023504561152805,1.1228203698369872,0.7723672755305081,-0.829136404717866,2.374288004992715,-0.12040124457557677
1791433702.2428918,5632.810249116,40.88799999999541,-0.46963828730686535,-0.10839604625880282,-0.5032851600235357,0.01848677067338279,1.6679806492931502,0.2731470128751242,0.39514833451920195,3.544561490977953,-0.15096572904887584
1791433702.2702386,5632.837625121,40.90899999999536,-0.4344094409878485,-0.10733025281025316,-0.487339264382869,0.11101797808250283,1.6049846975717803,-0.12965103333571934,0.6629272480903249,4.74904900024342,-0.11469989325073152
1791433702.295909,5632.863308088,40.92999999999531,-0.3857274078774433,-0.1075493537658235,-0.48991440378042744,0.19001488754882706,0.4538941197530961,-0.24966795629322183,0.5422419793081744,3.84830618015784,-0.022732758496511577
1791433702.3213267,5632.888685442,40.95099999999526,-0.341273647231009,-0.10587235007601845,-0.4819816088708279,0.2662298235496008,3.123051613295882,0.6046143048937729,1.5018197397852084,4.3542422498786095,-0.003808491591509058
1791433702.3483074,5632.915677685,40.97199999999521,-0.2951301099371491,-0.09686787679737921,-0.467598354055807,0.3216919242967667,-0.1442500668772524,0.5998355681846439,1.5317589384931183,1.96954229784657,-0.007620024421259235
1791433702.37423,5632.9415952,40.99299999999516,-0.25313954820154994,-0.07187886693663013,-0.42054588803735193,0.353317766383416,1.807752340541636,1.526398719851465,0.7035181646062869,0.5604564662417464,-0.05814434783731294
1791433702.401251,5632.968617068,41.013999999995114,-0.21517737431958364,-0.03385506298608164,-0.4132405891305315,0.3470645672757183,1.8305245329259883,2.0196869003605222,0.0253970431723759,-0.9561312015937139,-0.06495242157627099
1791433702.429951,5632.997309985,41.034999999995065,-0.2437178319688561,0.03720594331351297,-0.42084784798910707,0.3134964006410969,-3.2819019350194405,1.537407856385838,-0.6431589905598596,-2.1331303354874316,-0.08628681621985934
1791433702.4553041,5633.02266176,41.05599999999502,-0.3121351019233543,0.060160591855438525,-0.44093519461588004,0.25962147600364727,-3.0585338472653296,0.8906019673144481,-1.079454499080563,-2.8786376885479568,-0.05726738404191174
1791433702.481732,5633.04908855,41.07699999999497,-0.38291585353178537,0.06268350258420798,-0.4658024006786208,0.1958341085289477,-4.600000512981594,-0.3027285797817775,-1.1213959459040148,-3.040665035210186,-0.05755940371290177
1791433702.5066426,5633.074002537,41.09799999999492,-0.4716479948073988,0.05365677770256524,-0.4869859341280561,0.13321841749198307,-2.68638715947944,-0.6245956114757837,-0.859826955220954,-2.824175641484536,-0.03470834959526376
1791433702.535372,5633.102762302,41.11899999999487,-0.48904368786965785,0.026487896282732456,-0.4986046694217949,0.07794946995584419,0.5285521891427138,-1.5202121049852182,-0.28817610853064446,-2.3989462672344772,-0.014383700207578324
1791433702.5637968,5633.131181973,41.13999999999482,-0.49696444837338277,0.0007235829049647038,-0.49480633470662594,0.033389126230679904,-1.2365594618790574,-1.6254205925179481,0.5936647465276709,-1.8427412831489751,0.027240128191948473
1791433702.5993354,5633.166713541,41.16099999999477,-0.5108139927692505,-0.04072326769613707,-0.4731464501014429,0.0015687826302844751,-0.11915506794399688,-2.560525985594354,1.4741128492614697,-1.2345702789055006,0.03140648566076933
1791433702.6251981,5633.192582481,41.18199999999472,-0.5086516077336477,-0.10953704201875829,-0.4343736263102912,-0.01815626007620994,0.15987775308506283,-3.7032380527721935,2.183820375350507,-0.7611809389752544,0.022869398779318612
1791433702.6502361,5633.217592705,41.202999999994674,-0.5063246025847384,-0.18096688290290888,-0.38456906157448423,-0.02838691193649266,0.06148017751128171,-3.8228755722642704,2.5527239949983036,-0.40751735805105854,0.0009793424283798156
1791433702.6755853,5633.24294124,41.223999999994625,-0.499227217156734,-0.2646895080696837,-0.33118117854995865,-0.03090081053955382,-0.5267525927473045,-3.4116721087778332,2.606490225664872,0.031475022579695484,0.008955821101655353
1791433702.7027545,5633.270136307,41.244999999994576,-0.5090140867767406,-0.3196569946845426,-0.28299637185333737,-0.026202883095707757,0.12876993988778482,-2.1958726753640847,2.139489589063178,0.5301273891951036,0.03765971611511954
1791433702.7294083,5633.29679216,41.26599999999453,-0.5041447265684336,-0.3474582586723433,-0.24582659817100247,-0.01782838073561441,0.40203130554501204,-0.5642198322554124,6.004449965335819,-1.9076630467056326,0.0439074177114671
1791433702.755583,5633.323015197,41.28699999999448,-0.4896880257867592,-0.34434518186472235,-0.18604092810005857,-0.01803621152359459,-0.24523931920619804,0.8096290286811659,1.0076716514535435,0.22687498239265497,0.05310947193016699
1791433702.7814667,5633.348865054,41.30799999999443,-0.4988482808988912,-0.32068221716026546,-0.13169865313528886,-0.023145411604755545,-0.48453131963537915,1.426292002982072,3.52466732229305,-0.631917460605769,0.11729754338928017
1791433702.8078678,5633.375234581,41.32899999999438,-0.5146342731605504,-0.2848441316208807,-0.07494338108379167,-0.05509032089681928,-1.0022151168295783,1.8798685756152325,-1.2017242592496804,-4.344789922923173,0.11839349784384533
1791433702.8344767,5633.401853082,41.34999999999433,-0.5411635524992199,-0.24336381504455046,-0.14455550435075906,-0.08862063399879373,-1.513009759289594,2.0250538868526013,-3.0360775190013007,-0.8601274056391156,0.1424751778415245
1791433702.8592706,5633.426632281,41.37099999999428,-0.5789323360171094,-0.20060476721515422,-0.2190436057534811,-0.09957193911106609,-1.997012507988922,1.994770392418918,-6.579723703135941,0.20971193642062105,0.1831447406655559
1791433702.8840644,5633.451416901,41.39199999999423,-0.6237472625972713,-0.16006397069858197,-0.34615396898028994,-0.12502637990298346,-2.1173830876915067,1.843810398525079,-4.8234585195842525,0.3499607962522132,0.20767230477192133
1791433702.9109342,5633.478284203,41.412999999994184,-0.6658006842017424,-0.12297587673209964,-0.4810815563222138,-0.13213617981949158,-1.8487488332278146,1.6779768806455886,-4.503259474168224,-1.0653112107446254,0.1817163076957116
1791433702.937868,5633.5052173,41.433999999994136,-0.700110903865412,-0.08955445735532014,-0.5421676547512345,-0.13623235096965786,-1.3462042077791008,1.483084466064498,-1.727894793766291,0.3625089990481584,0.15947057368672465
1791433702.9670367,5633.534385407,41.45499999999409,-0.7209504840469536,-0.059975692557191755,-0.5503419204630968,-0.11907087250480525,-0.6564078003192403,1.337640459237113,0.7642852037924939,1.2538344949984204,0.1333412816082713
1791433702.9948893,5633.562269236,41.47599999999404,-0.7250821519633541,-0.03325768808609704,-0.5747681266525664,-0.07350884039387401,0.19761401025142072,1.200252425686991,-2.06992751840737,1.0417442431736104,0.0376606149374536
1791433703.0201805,5633.587545152,41.49699999999399,-0.7112445957181466,-0.010037019907476238,-0.6131640426170444,-0.04232697111433669,1.0486080085845706,1.0245544489151701,-1.6074670175344796,3.171157727821862,0.0669293665523285
1791433703.045519,5633.612903022,41.51799999999394,-0.6796549656383818,0.00779952588162451,-0.6435698280944406,0.03590808057209114,1.891813078739404,0.7044653095845193,-1.25014325415347,2.54758315139978,0.12255430795741533
1791433703.0721529,5633.639525566,41.53899999999389,-0.6179190367813089,0.021465810983645955,-0.6739923304345675,0.09021489842574185,2.412890117920443,0.15018972825488486,-0.9924977343422889,3.7291525061572752,0.16724722434187006
1791433703.0977287,5633.66509259,41.55999999999384,-0.555107004964117,0.02920208376415991,-0.6823207521873884,0.14665844175578052,3.9019767882202054,0.29176209946865717,-0.344102850675437,2.9510049615527048,0.18575602969093621
1791433703.1313498,5633.698717681,41.58099999999379,-0.4682817099398689,0.03377551777468042,-0.6810835615765822,0.21292478528405911,4.3173617948958976,0.10554901393000005,0.1638429225943588,4.543263806005538,0.11765526504165795
1791433703.1563103,5633.72367216,41.601999999993744,-0.38052782317141925,0.032160397133371856,-0.6549339720715646,0.2790973669964411,3.9896388199998505,-0.2690662367610101,2.051420737594949,2.865587320687383,0.08526279444320575
1791433703.1878421,5633.755198717,41.622999999993695,-0.28364286306730546,0.029426585762811094,-0.6005665844706202,0.3318640645955664,3.510666552292375,0.38419594033608384,2.968881495075072,1.88180885359364,0.07381131827371046
1791433703.2125723,5633.779924425,41.643999999993646,-0.2227579500620495,0.027783845697894303,-0.5431546680999966,0.3651983048087875,2.4818076310206125,-0.13413198503313462,2.580474567240587,1.3331806571594722,0.05603169257392841
1791433703.2398107,5633.807167945,41.6649999999936,-0.15319842575809706,0.031858551327085545,-0.49447845525462913,0.38005869977518536,2.944708827585166,0.09637164990142556,2.197215617410406,0.1951587858481814,0.013119550060996967
1791433703.2655067,5633.832865896,41.68599999999355,-0.13614070510203266,0.07333807126344037,-0.4608777658929993,0.368037505545882,-2.6948741384014534,2.0905650344788564,1.0975819995707448,-1.2219217586808073,-0.010365818509465418
1791433703.289904,5633.857261075,41.7069999999935,-0.20263225616870484,0.08491268709349231,-0.448114253121948,0.3292736738798074,-2.845971060791179,0.4730975467941163,0.1414909242295777,-2.345648058855403,0.006558724099195327
1791433703.3147097,5633.882063904,41.72799999999345,-0.2823424836037587,0.09413722673048644,-0.45154873169422,0.2723782335066165,-4.101876819567529,1.148918798260825,-0.4554534919301056,-2.9259102898290132,0.01969794457470412
1791433703.3399084,5633.907266508,41.7489999999934,-0.403405831702158,0.09941697754659758,-0.4649333058737196,0.20993069560440777,-5.796993123823349,-0.06267386588933124,-0.7889162799050918,-2.9400606476663103,0.04611660114163312
1791433703.3649242,5633.9322749,41.76999999999335,-0.48449612823355487,0.09987441010435699,-0.4830429722578817,0.1507980593251192,-2.648353070264051,0.011401180543753282,-0.892609682323613,-2.6664165207428647,0.07362881514179546
1791433703.391961,5633.959333333,41.7909999999933,-0.5114790208857382,0.09439018816688409,-0.5004856747541927,0.09962108683518195,0.21168608285822807,-0.5823451024936839,-0.7382947771162129,-2.2135051285285425,0.10386254067367266
1791433703.4223847,5633.98975535,41.811999999993255,-0.4796122460291999,0.07609225871333312,-0.5120726624159527,0.05897875796024282,1.42264304024846,-0.20015815432096856,-0.32904614849398783,-1.6780192986952827,0.1315409490745365
1791433703.447308,5634.014664621,41.832999999993206,-0.4937019763583329,0.06807844297539477,-0.5130000166940613,0.030370864229315037,-1.1306033137446176,-1.042062298395866,0.2591086361570616,-1.0721617537308366,0.1750927885636607
1791433703.4721715,5634.039521477,41.85399999999316,-0.5086312404519583,0.03442920372666688,-0.5009358728221721,0.014565267256434533,-0.4530945169879511,-2.2928403087972122,0.8920080492863319,-0.4881844028655725,0.1657476201287403
1791433703.497001,5634.064354974,41.87499999999311,-0.5172898891599358,-0.01669966101969735,-0.4755899285100486,0.009853385592760491,-0.6170200965361546,-3.0016052387926386,1.457325317653238,-0.01942187610311847,0.14256465701121512
1791433703.521969,5634.089333054,41.89599999999306,-0.5359687218040139,-0.08425850610821606,-0.4391606846715179,0.012647684720406982,0.21556674998614264,-3.3353148307645286,1.9653520772214803,0.2745658297750983,0.08522809466421083
1791433703.5475817,5634.11495132,41.91699999999301,-0.5260943933658623,-0.16509378576577377,-0.39370939811482064,0.019556454117061084,-0.3840602039830198,-4.581510564034816,2.268544701034457,0.3717857786249813,0.08697519109839173
1791433703.5729675,5634.140334167,41.93799999999296,-0.5218918207678853,-0.22938815086167524,-0.3455008356701579,0.02799419759387912,0.8505340826609428,-2.9347457134285215,2.139773520103913,0.405578150058634,0.13444129908431213
1791433703.5982502,5634.165604682,41.95899999999291,-0.4993225846687263,-0.2850303883809696,-0.3083895190318086,0.03754366715273533,1.1287196648502043,-2.114033566502623,1.227245163079105,0.39021500797986686,0.10739533879981708
1791433703.623288,5634.190668293,41.97999999999286,-0.4739337627846471,-0.3100135932777653,-0.2859165657002767,0.041104957562947894,1.5081973773735413,-0.6671536624722092,5.998054521157204,-1.9128586600583648,0.10114875176167491
1791433703.6541233,5634.221485899,42.000999999992814,-0.4574776704955288,-0.3125206533330488,-0.24220418625341367,0.02728667924993823,0.6319545406253523,0.29185135328506173,-0.07765050893259573,-0.5004213724757908,0.14101941238760865
1791433703.6825805,5634.249937706,42.021999999992765,-0.4502713771941642,-0.29844539280020815,-0.2028391826622098,0.00021116295739958602,-0.009126372559202248,1.083634045372939,2.550743383609401,-1.8657215637346467,0.13647655117848828
1791433703.711165,5634.278561935,42.042999999992716,-0.4572775135321853,-0.2699213328520129,-0.15650925445608052,-0.03677728539203622,-0.7682445475054933,1.6447706747016222,2.243678520895906,-1.821221689415118,0.10571063107668685
1791433703.7359362,5634.303304657,42.06399999999267,-0.4766533897983262,-0.23362377530767026,-0.14342186770931717,-0.09221541604129761,-1.1927815142017701,1.8455528794561429,-2.858722203212103,-2.353513797327617,0.09108690344038839
1791433703.7607963,5634.328151698,42.08499999999262,-0.5037921845025447,-0.19589233036821652,-0.22031111411840607,-0.10859292237704864,-1.4865171669138308,1.752810029560365,-3.493280232180035,-0.43261391707264524,0.06129956223593806
1791433703.7861612,5634.353522694,42.10599999999257,-0.5354296336852409,-0.16042131560008938,-0.3041851973352854,-0.09995447960712099,-1.5804250641852116,1.6115185381549981,-4.304524783914942,1.3404500371893424,0.08409285629784849
1791433703.8110259,5634.37838244,42.12699999999252,-0.5649968717792984,-0.1284400011117061,-0.43170456791422696,-0.0926560314105068,-1.2911240478137767,1.4937273727646183,-6.293339777216642,0.21586707932743393,0.09168083080663679
1791433703.8359458,5634.403317073,42.14799999999247,-0.5867180450835529,-0.09807181652151445,-0.5213933212864293,-0.08348272268511234,-0.7913873016886313,1.4452040532848667,-2.791944853223358,0.5898755993747589,0.09586251794754137
1791433703.8632975,5634.430676506,42.16899999999242,-0.5959687095736768,-0.06828386892187943,-0.5518414355595439,-0.06912042279862667,-0.08572251524408905,1.3916496070337805,-0.04638782011789913,0.8489281428049748,0.08056261977465833
1791433703.8921576,5634.459542504,42.189999999992374,-0.5892995098817276,-0.040321657672495896,-0.5295119279971555,-0.04185186153754485,0.7615795119976159,1.2459646686399455,0.3276751311482748,1.4210689238269045,0.05332807439595293
1791433703.9182432,5634.485617358,42.210999999992325,-0.5637333854219869,-0.018632319094841303,-0.5482204223920213,-0.01280466768886739,1.627390744345133,0.8141161132344373,-0.8926032284514253,1.8041121752193505,0.015469055472616977
1791433703.9450912,5634.512457509,42.231999999992276,-0.5223891393487399,-0.008578804557094396,-0.5558452088722892,0.04765468820425748,2.2140236015250303,0.16004168357719847,0.10818938180865141,3.21626627924402,0.038532437313576966
1791433703.970864,5634.538238464,42.25299999999223,-0.47060954167962904,-0.011697302017225299,-0.5559333217777703,0.11751946414762703,4.884909075355474,0.8273735436319739,-0.12773095819226307,2.370253242686955,0.06186867222143752
1791433703.9968863,5634.56424981,42.27399999999218,-0.41295173188225376,-0.025654245982347362,-0.5645422417564797,0.1954809332846843,2.680171699111228,-0.7641354229762078,-0.5049233950657758,3.8531528556230064,0.10968899851443706
1791433704.0220156,5634.589382523,42.29499999999213,-0.3533357859718591,-0.04249617637332919,-0.5417523314509951,0.2801100278995535,2.548445539432712,-0.7503296049871754,2.5421694177547636,4.023203947671252,0.08842865091302515
1791433704.0529377,5634.620305755,42.31599999999208,-0.28097529734983706,-0.05281064246673595,-0.5281868776308424,0.34196167448224124,5.321165957491934,-0.07758691411139831,0.9559931079286106,1.5567498570086615,0.055792671243905356
1791433704.0792978,5634.646884243,42.33699999999203,-0.24028255741716506,-0.054794706278451004,-0.47221418499678247,0.378370290493174,2.6362011820045392,0.18771661231563821,3.718286216756142,1.1608653174933423,0.017145668550972614
1791433704.1078763,5634.675225256,42.35799999999198,-0.17501350532343452,-0.04197535420560572,-0.4600425390254263,0.3733285295441864,2.626185995168254,0.5339724499431661,-0.1670503357122757,-0.9648017694389741,-0.009202799516590813
1791433704.1329784,5634.700343348,42.37899999999193,-0.15751388763047067,0.0014979623853946466,-0.470963787231234,0.340615260609608,-2.3579947809673856,2.7595824334662034,-0.8116283749365524,-2.0767098839402416,-0.023230619421460087
1791433704.1600766,5634.727458246,42.399999999991884,-0.21720220909571528,0.036272366696403956,-0.49517901697738737,0.2878376376180148,-2.7620845705633768,1.2878821359546433,-1.3342198922819009,-2.8424356783200277,-0.05223922953580262
1791433704.1932523,5634.76063561,42.420999999991835,-0.2910558523563496,0.05622452744371817,-0.5257998443704683,0.22591882695508889,-3.8411265828374503,1.8602013317267312,-1.4483630580550328,-2.995882390428015,-0.0564459142810273
1791433704.2251503,5634.792511482,42.441999999991786,-0.4077865858754976,0.08652866345960711,-0.5545041702355598,0.16609819764306938,-5.729234355748185,0.18843325033387465,-1.2276554417172039,-2.686768073864979,-0.0516935710128576
1791433704.2501159,5634.817473873,42.46299999999174,-0.4872256582932717,0.08967273711254431,-0.5750412572625722,0.11722256085300445,-2.734399350138264,0.1436233462343584,-0.7312762329688348,-2.0647017577304627,-0.01460913289751117
1791433704.2761352,5634.843491795,42.48399999999169,-0.5185972179081152,0.08256756614664858,-0.5836510569015156,0.08248237364699021,0.03093798036149742,-0.9115426391162573,-0.07468020219235383,-1.3540041529669191,0.01573204386939806
1791433704.3061523,5634.873519136,42.50499999999164,-0.49022316537337873,0.05386757982290983,-0.5772692063061767,0.061900264179428066,0.7961190433990791,-0.7727897019050403,0.6971016390897862,-0.6726098459663459,0.04302469919687506
1791433704.33104,5634.898395653,42.52599999999159,-0.5080135152175358,0.03462097636953256,-0.5536654774385315,0.05444495811884019,-1.1216970477165613,-1.6769072838090846,1.4794433215955591,-0.039147802973731854,0.07465895027299192
1791433704.3566108,5634.923970961,42.54699999999154,-0.5201504345665727,-0.005143425861176625,-0.5135058572689774,0.058217911693327455,-0.31004160336328024,-2.5389436509461456,2.2533977157345895,0.3807569848555407,0.06072031275116028
1791433704.3817906,5634.949144691,42.56799999999149,-0.5252744523382684,-0.056959915154487534,-0.4606557379277622,0.06875321939696113,-0.5315123585648588,-3.220360074291097,2.727182116150043,0.5821890716259011,0.04387211231752805
1791433704.4118319,5634.979190061,42.588999999991444,-0.5401231919398882,-0.12168858432328504,-0.4007520474690887,0.08250470438341474,-0.30613258999104487,-3.2298296221378586,2.9523300789250193,0.6499089356028895,0.0012728155091888266
1791433704.4373827,5635.004738543,42.609999999991395,-0.5147301470203677,-0.20536015147814182,-0.33882719440306447,0.09534103175531622,2.066027182568387,-4.302445913066411,2.8340877886909004,0.5592515487055308,-0.0007576028920202728
1791433704.4625041,5635.029856809,42.630999999991346,-0.5054912440092586,-0.2692397129651052,-0.2845728999625862,0.10670348594858818,0.48067028946780327,-2.109858436370939,2.15362772759797,0.4878601905923468,0.05313735994884538
1791433704.4872637,5635.054623275,42.6519999999913,-0.48195844114590963,-0.3116401348811909,-0.2516991325562242,0.11758433066920489,1.5668135433439148,-1.6182166342920423,0.7726380425870166,0.47806727089274736,0.06059030396451298
1791433704.51209,5635.079445657,42.67299999999125,-0.45162048958155554,-0.32713583125084034,-0.19295419735332342,0.11469551179608725,0.2357985518784568,-0.12417016322171376,3.7440237720081266,-1.278438305234773,0.08762114407943122
1791433704.5370095,5635.1043739,42.6939999999912,-0.4565016425341647,-0.31687429820646573,-0.18025589235445796,0.09822591170185611,-0.44977417909814266,0.8563888896908671,1.4191940792674669,-0.9368811602782113,0.09271194506942612
1791433704.5635922,5635.13096394,42.71499999999115,-0.4717989428291429,-0.29223773984856977,-0.12614029414307015,0.06307126267336623,-0.9398226542017529,1.4173598458080046,2.414266873717663,-1.7793542029654752,0.07558957836823028
1791433704.5906372,5635.158010599,42.7359999999911,-0.497784557049282,-0.2588731521376023,-0.08001030278995044,0.02691231642756097,-1.355427371283101,1.622220832259483,1.5761896366877401,-2.6653904232010834,0.035854739583254476
1791433704.6157274,5635.18308446,42.75699999999105,-0.5297971937282041,-0.22448781032911205,-0.13101440632701947,-0.036269158467737525,-1.5505012177672894,1.5594176151121049,-3.8502924769435225,-1.1499993878107717,0.03897453118813511
1791433704.6459463,5635.213307025,42.777999999991,-0.5637749578451846,-0.19376690067817337,-0.20703437720690113,-0.06327777559903107,-1.597389834754858,1.3700584152249522,-4.294699132258867,-1.0124916899565335,0.03659266915714369
1791433704.6710484,5635.238402644,42.798999999990954,-0.5955671839957289,-0.1679467022499496,-0.3185665991604854,-0.09597388629363975,-1.3467974845573796,1.108188008719341,-5.42313823170892,-0.7693633931737014,0.06785086804816971
1791433704.6970103,5635.264369533,42.819999999990905,-0.619342168462327,-0.1454997682374387,-0.4563976411222132,-0.10513130189765597,-0.8945732787172918,1.0029787088639914,-5.684512406344011,-0.9214597716259585,0.039400545030820924
1791433704.7290058,5635.296382241,42.840999999990856,-0.6318605431009248,-0.12363529035807905,-0.5405421513955958,-0.11565524137951212,-0.29641842938667634,1.0040439629187974,-3.1405021703883746,0.07800408879081304,0.019395158369869304
1791433704.755083,5635.322466041,42.86199999999081,-0.6301616580065953,-0.10164398833519508,-0.573852907024166,-0.10264448900332337,0.446175477009978,1.0713846860496783,-0.21901943016151698,1.069850363763548,0.012719715295014722
1791433704.780004,5635.347369626,42.88299999999076,-0.6112462667154964,-0.08108620930290315,-0.54676315715665,-0.07253802718024278,1.3601520943190653,0.8780037798604966,2.8347049607397814,1.7427542995013732,0.00781767341953042
1791433704.8053844,5635.372736869,42.90399999999071,-0.5728412329220781,-0.06626450600255498,-0.5240568172434079,-0.03518128131801621,2.2247996291272334,0.4154785687267185,-0.9079970929292595,1.9496535134153854,-0.03742121319834613
1791433704.8301227,5635.397472893,42.92499999999066,-0.5199774265927497,-0.0634963828420402,-0.533410493880979,0.0171135257866336,2.6746623395764444,-0.25908821379143315,-0.007919854972106222,3.632543624793831,-0.03609320727420333
1791433704.8580685,5635.42542097,42.94599999999061,-0.4645592599087552,-0.07470596500462262,-0.534484857979588,0.10283791095306744,2.5763265699381193,-0.7114993970576413,-0.3429281777965603,2.6332774052707313,0.03782765789411502
1791433704.8830779,5635.450459959,42.96699999999056,-0.4025515038816393,-0.09293162670193945,-0.5506487135680508,0.16892632049116796,1.1031545259963367,-1.160874716303506,-1.937636007180982,3.7559902398884257,0.09376848620344859
1791433704.9086185,5635.477294307,42.987999999990514,-0.35619017440097817,-0.11109305548952884,-0.5566952586047391,0.24738487743198706,2.1668665290860347,-0.6788551290074863,1.0156380221440584,3.737301501735596,0.11534773334098343
1791433704.9348266,5635.502191422,43.008999999990465,-0.3166624165048675,-0.11883118065965682,-0.5119113095865099,0.32703056321449686,4.619151493297059,0.8828145015917692,2.8803016211995365,3.601322330297181,0.06284388891331606
1791433704.96041,5635.527775894,43.029999999990416,-0.2686879709565862,-0.11031607209286261,-0.45803064345788236,0.3798877364010949,1.1993232301053698,0.8786180534362555,3.543928813803744,1.320831650170618,0.03995925611788678
1791433704.9880466,5635.555510169,43.05099999999037,-0.23112463937364905,-0.08305850016976692,-0.4039424866524402,0.40573009018728223,2.032217189696087,1.5656989434704114,1.581787983607819,0.14862184174513063,0.01234043649646579
1791433705.0143883,5635.581803488,43.07199999999032,-0.18771104371228356,-0.04768489549010981,-0.3828801896336091,0.3903901377780838,2.1582916622282684,1.6945135512079927,0.5342205516132739,-1.4426126409766569,0.0380021583957741
1791433705.040698,5635.608071272,43.09299999999027,-0.20242766471606793,0.023495117775039615,-0.383561043828729,0.34562858452726514,-3.142678936929482,2.1198773784932032,-0.4441991591884861,-2.6874136296335944,0.014457712601640922
1791433705.0728443,5635.640276295,43.11399999999022,-0.27059653946060996,0.05104848711983061,-0.40265152669745335,0.28015315157975,-3.135291673859208,1.2178845926703097,-1.2033061527183049,-3.444707167961257,0.028457388459477893
1791433705.0994582,5635.666834958,43.13499999999017,-0.3471975089983965,0.07897040954630523,-0.43342247611547285,0.20514367787496882,-4.7701451123861975,1.5800507987766323,-1.5594420942478022,-3.5439277339162962,0.016742581778695982
1791433705.1257882,5635.693165571,43.15599999999012,-0.45664150480363436,0.08396100696790551,-0.4672930843942545,0.1342288620322144,-4.099381710906206,-0.009461083056255884,-1.578542703337772,-3.099649412120215,0.0404296158843474
1791433705.1510425,5635.718551991,43.17699999999007,-0.5098265042773392,0.0834853296808117,-0.4979077206013283,0.07620518859581224,-1.5699848819167488,-0.3081382866514085,-1.309433050240459,-2.3720360469258495,0.07826293668567774
1791433705.1809218,5635.748276517,43.197999999990024,-0.5049858893986879,0.06515249832857582,-0.5194406515162315,0.035184594803263886,1.8800174717758809,-1.5263505298170963,-0.7660006981843792,-1.5503767208111099,0.09475648168140802
1791433705.2076728,5635.775041212,43.218999999989975,-0.5064970856461909,0.05354087230255301,-0.5270475248342137,0.011417857893463938,-1.1903856005561813,-0.9515599697044246,0.006350417933333338,-0.7671123855139865,0.1303625150827022
1791433705.2357352,5635.803087798,43.23999999998993,-0.5210665478833306,0.022995492039325275,-0.5184394227182917,0.0032450768655317977,-0.1829057840883965,-1.9292264982587983,0.7922567518230894,-0.10359856605073595,0.14635392806249378
1791433705.268366,5635.835728216,43.26099999998988,-0.5228734556262383,-0.02950475409400371,-0.4941447011050904,0.007347906811960129,0.12548709479514222,-1.5012379909282525,1.4486477495489334,0.4146404307063607,0.1295723015032233
1791433705.293909,5635.861258718,43.28199999998983,-0.5281137342743631,-0.08946441171058658,-0.4578565546997804,0.0190151533574879,-0.27838568445667633,-2.936448916339705,1.9782504005433552,0.6999031718877265,0.09313383929914311
1791433705.3195324,5635.886920881,43.30299999998978,-0.5153789306577902,-0.1643198468094838,-0.4141082652872802,0.03495450394939477,2.1084335209790597,-3.7634655197624065,2.2674373781388484,0.7859989089135905,0.05432293063944011
1791433705.3447,5635.912063018,43.32399999998973,-0.5060584951938183,-0.22865193420223423,-0.3704580069555829,0.05282743821967418,0.34122596721181625,-2.1685701335277416,2.049132249432976,1.03845599184904,0.11562265465806837
1791433705.369977,5635.937343388,43.34499999998968,-0.48637704580400143,-0.2738221454362694,-0.34006343934724026,0.0719676596351622,1.5986959422133105,-1.778356994508334,1.016745242113784,1.0285666476327608,0.13861298547028245
1791433705.3950758,5635.962451254,43.36599999998963,-0.4543950337697579,-0.2991527915558057,-0.27426906866904044,0.06921895614151961,-0.05489660321334425,-0.21719886795979795,-0.0962885037244112,0.1816404296259755,0.14086048336628584
1791433705.4204717,5635.987828121,43.386999999989584,-0.46821101885395655,-0.2927008839168629,-0.23637826524543148,0.05799448675596942,-0.8838310731664469,0.67752734167553,2.667279124182596,-1.1031204954278298,0.1456471556694074
1791433705.447003,5636.014374005,43.407999999989535,-0.49290258843735946,-0.2708459491413405,-0.18820668790490272,0.03231107817176308,-1.467296444846713,1.3128223893866025,2.15627806149426,-1.3349334294533413,0.12127945728988027
1791433705.4762702,5636.043651802,43.428999999989486,-0.5269053698402418,-0.23983202817409063,-0.14351363541932627,0.002608131093831749,-1.7565540502340744,1.5813731372332744,1.9116432244650245,-1.3914468680788221,0.10319939844632217
1791433705.5031667,5636.070520577,43.44999999998944,-0.5640520073085962,-0.20657112893856752,-0.18078186887381284,-0.05898909753310154,-1.761115611396719,1.5559531478165196,-3.580649040806335,-1.2293213142590664,0.10375277052474267
1791433705.5339415,5636.101300047,43.47099999998939,-0.5994717504266985,-0.17589509799899783,-0.2551671656322651,-0.08235929445040982,-1.6057418342013259,1.3770082658490832,-3.8312836269995687,-1.054212205328312,0.0917048932516657
1791433705.5629425,5636.130313171,43.49199999998934,-0.6278157716986554,-0.14968154562416625,-0.3459445052702611,-0.11249091056337673,-1.075933443085717,1.1277626726373975,-5.714422433876697,-0.51329611486262,0.11327651229954298
1791433705.5885844,5636.155955184,43.51299999998929,-0.6436982516669647,-0.12754562187015345,-0.46800699457331985,-0.11689226063210587,-0.4354544879747398,0.984161025085348,-4.272122058611813,-0.29867303574144105,0.09119298594975231
1791433705.6139262,5636.181302385,43.53399999998924,-0.6447963017980554,-0.1072408186046632,-0.5405025762104337,-0.10829685472050435,0.2957173969171092,0.9089962736909225,-2.1113542747534164,0.8634284487299858,0.06688720838881772
1791433705.638877,5636.206245373,43.55499999998919,-0.6287700856124314,-0.08870636872782117,-0.5602674067552811,-0.08703476889569745,1.17001475831452,0.8156948397834831,0.49841117066147267,1.3830185816916098,0.06045548584456715
1791433705.664301,5636.231650441,43.57599999998914,-0.5924731006382852,-0.0739887361539834,-0.5164456782358193,-0.038084420775175175,2.223632799911533,0.585772326601377,0.7938205940194829,1.2778501144699295,0.053232567252105734
1791433705.689509,5636.256862564,43.596999999989094,-0.5360322726067244,-0.06767045489798383,-0.5270223465692425,0.005906968311677609,3.047754762890877,0.05420509121363273,-0.2901590565377308,2.2700435071829013,0.008661034831416394
1791433705.717971,5636.285340045,43.617999999989046,-0.46885578902773467,-0.07450699589328218,-0.5180049451651098,0.07394326795399547,3.214272359509483,-0.6215893185731444,0.7565950488059885,4.162817385262677,0.03810769811051408
1791433705.7451668,5636.312527123,43.638999999989,-0.40488361461245187,-0.09261505175421593,-0.5218168889037161,0.1557981349262928,2.829096224961754,-1.0476141614422314,-1.8355192565332739,2.947390080215277,0.11675935940658455
1791433705.7709675,5636.338319226,43.65999999998895,-0.3397901785716192,-0.11189207014619565,-0.5198633885537564,0.23166507541712658,1.5733996295518398,-1.0621960611129209,-0.03185749058757342,4.254362130552803,0.16838327067563977
1791433705.8015764,5636.368936009,43.6809999999889,-0.2921722878669365,-0.12467432684810245,-0.5124763362034288,0.3047794916948697,1.5945934928416872,-0.5981975139958362,-0.4899953893938471,3.1709091669434097,0.1674865709869663
1791433705.8266828,5636.39403324,43.70199999998885,-0.24546966498578185,-0.12102373075567471,-0.5021754377090264,0.3470528660535722,-0.12379591236864851,0.5188916821708998,1.8302526619383506,1.5800453098401417,0.18347795781035828
1791433705.8524904,5636.419842419,43.7229999999888,-0.19936990315499276,-0.09632340089219237,-0.46554221144242414,0.3625875131957197,1.739090885242023,1.4826410366860452,-0.18849368033186834,-0.3784153702790351,0.12771719152686706
1791433705.8775234,5636.444870489,43.74399999998875,-0.15529746373615957,-0.0613149237474686,-0.4762879505113565,0.3397643020234383,2.319896037217108,1.839842767752295,-0.896130153671987,-1.644999452353118,0.1287711939594056
1791433705.9028444,5636.470192352,43.7649999999887,-0.15479018888982682,0.00877355763865672,-0.499655853049502,0.2953348627615965,-2.9391397985998458,2.8676201526452405,-1.4587108932848403,-2.522709601356132,0.09888483655730762
1791433705.928865,5636.496220594,43.785999999988654,-0.22431655793854796,0.04101972676426843,-0.5305447264306286,0.23724626649672984,-3.122057244297956,1.402903075874646,-1.619743785219719,-2.9198084283514696,0.09423910863684934
1791433705.9535522,5636.520902736,43.806999999988605,-0.2998042870519932,0.06874959350974637,-0.5610660715043193,0.17575231144840864,-4.374304821610835,1.74458432175327,-1.347991738539477,-2.8265763471901653,0.07294336929933917
1791433705.9826024,5636.549962544,43.827999999988556,-0.42718075672789113,0.08986220453830644,-0.5831900450352364,0.12210172729837136,-5.040520946688391,0.05480662199878841,-0.8179538399551751,-2.2660123664315255,0.07151033282799776
1791433706.0109563,5636.578314855,43.84899999998851,-0.5043775012511184,0.09390153296440708,-0.5937876401418934,0.08258281922952461,-2.6762318969777144,0.1523438784164218,-0.20122591150018176,-1.5140024155434164,0.11351893776733432
1791433706.0358002,5636.603162587,43.86999999998846,-0.5328725999679816,0.08604924699821953,-0.5903555870429021,0.05953171455815856,0.3363605348698954,-0.9122824783421916,0.5263583339946043,-0.7323935968507497,0.1447679414786071
1791433706.0641394,5636.63150747,43.89099999998841,-0.49441954170092617,0.054006883098911565,-0.5705390088043505,0.05209114166327047,1.8193810633470333,-0.5205909342970887,1.3641753190792834,-0.03103434744584613,0.17223047769666622
1791433706.0898163,5636.657197893,43.91199999998836,-0.5012352558687724,0.03633199496466016,-0.5326823052350103,0.05756357109251642,-0.7918581841879123,-2.055259090157304,2.1707594574661897,0.5066515444451074,0.1989863928020628
1791433706.1149883,5636.682342174,43.93299999998831,-0.5037129343872953,-0.006467083097083862,-0.4805069510877806,0.07249171424294414,0.19964055850030005,-2.704809916369258,2.7052136800597824,0.7894999831026094,0.20172236421852727
1791433706.1408553,5636.708229871,43.95399999998826,-0.4986010383660396,-0.06486427708079895,-0.42094655066682407,0.0908748473091316,0.03120240837042519,-2.7020642563754125,2.839634684030977,0.8762279655412397,0.17529068907059306
1791433706.166621,5636.733986255,43.97499999998821,-0.5173626415717182,-0.1400223095982277,-0.36238539519464663,0.10817447256801938,-0.20460413881830053,-4.077933348824649,2.6397393441512613,0.7495444037671589,0.11852774003102935
1791433706.1946306,5636.762037255,43.995999999988165,-0.49417254562234936,-0.22852096670130284,-0.311038533074421,0.12055851391258203,2.466627515626462,-4.10171786952298,2.1315924062909715,0.42582930186781687,0.11388650225808221
1791433706.2211592,5636.788537381,44.016999999988116,-0.49417413671618177,-0.2883078793129441,-0.2749220933598142,0.12722572604320445,-0.02294631120210834,-1.483559825470108,1.1499600217931372,0.17955990580001283,0.15384121577315135
1791433706.2489755,5636.816350362,44.03799999998807,-0.4718417390681413,-0.322522910188782,-0.2536169365521766,0.126494303422302,1.974595775225288,-1.5239184907313632,5.601577271423166,-1.6822669679377482,0.21193220961607998
1791433706.2753804,5636.84292929,44.05899999998802,-0.46230130582899387,-0.325963898951338,-0.20945284120926544,0.10240985438976773,-1.3518709612406736,0.7525045636689236,-0.254514373891496,-1.1656969921571878,0.23315089121947347
1791433706.302033,5636.869394898,44.07999999998797,-0.49485328625223113,-0.3020791039731739,-0.1764112474352247,0.06352642841731261,-1.767471898685682,1.4783307221833293,2.456828350209595,-2.437940270104986,0.2298030223142529
1791433706.3310845,5636.898443814,44.10099999998792,-0.5373251689028071,-0.2652848404226778,-0.1368408086031849,0.012791386939666563,-2.132424603503865,1.9068242953325765,1.9199800702249354,-2.467085916521381,0.212300161408512
1791433706.3559062,5636.923261554,44.12199999998787,-0.58456382938684,-0.2242589327717528,-0.11378167499759795,-0.052581333854873985,-2.283218681459597,1.9631441105393646,-1.6712476049446314,-5.308958659145087,0.19475397871200356
1791433706.3856664,5636.953026523,44.14299999998782,-0.629612849188772,-0.18612918622564936,-0.1888716464880189,-0.09507322612670487,-2.0430315085984674,1.63329782151478,-3.9037644039726,-0.8825031723182567,0.17740414192029086
1791433706.4106479,5636.977998123,44.16399999998777,-0.6680309767597686,-0.15434247413651453,-0.27245069354291085,-0.10813962060730604,-1.6927336148070564,1.4035297823925992,-3.892380656275514,0.12092041961696702,0.1865402103329813
1791433706.4364843,5637.003838051,44.184999999987724,-0.6950198184534359,-0.12891023182278785,-0.39418905683441924,-0.10003000451711616,-0.983549242044267,1.1477999615033443,-7.35565814652631,0.4537013775088833,0.19857405074321854
1791433706.467933,5637.035283214,44.205999999987675,-0.7070709132846944,-0.10705163481789845,-0.5154023085058871,-0.08639027078767408,-0.21549886830839426,1.0847201050348831,-4.657870342052701,1.3804623266313276,0.21128468501919775
1791433706.4930441,5637.060396169,44.226999999987626,-0.7018342251829729,-0.0859727902167927,-0.5889215725605352,-0.067247446956054,0.7314875055185085,1.0164442235073254,-2.3799254739603724,1.0106409936677665,0.20852964616985967
1791433706.5218966,5637.08926761,44.24799999998758,-0.6770183496117178,-0.06517402525716456,-0.6036667606716466,-0.037564442821973715,1.7314431959284693,0.961511210591809,0.904151484648666,1.6760866637224392,0.1915527364003133
1791433706.5468347,5637.114186138,44.26899999998753,-0.6292703160634273,-0.046876208245580316,-0.5479706968169769,0.009198354397251866,2.843720027786656,0.7668422079604569,3.0684974298305927,2.917055549756576,0.16637017649969962
1791433706.576527,5637.143896912,44.28999999998748,-0.5588636871743968,-0.03597538957516287,-0.5438360860497058,0.05699078141915071,3.6960980493267748,0.2428764152233887,-0.3909462808724733,2.5638020564327797,0.11386307396592084
1791433706.6023068,5637.169673135,44.31099999998743,-0.4790379672717858,-0.039055800430725846,-0.5297816914666886,0.11744648439960813,3.650903026346042,-0.5062867901450486,1.3382772296148644,3.8472483053993414,0.14370457582814103
1791433706.627217,5637.194572035,44.33199999998738,-0.3834024993090532,-0.05228100812854662,-0.5149885979762571,0.19314760117113666,4.569543003129362,-0.5044202116503496,-1.119196377587467,2.2275633681365465,0.2316243088168934
1791433706.6520483,5637.219396272,44.35299999998733,-0.3348993007455345,-0.07618605792675082,-0.5251900937942422,0.25653745613825596,2.8456264008681553,-1.07570998992244,0.23322057684292669,3.155419708020693,0.3056234430070421
1791433706.676923,5637.24427561,44.373999999987284,-0.27153515199871925,-0.09631349629905342,-0.5005956019627248,0.32449984817875144,1.0870603403073753,-1.7255418408426157,2.0975104763676735,3.168305339756921,0.3022004954759146
1791433706.7031665,5637.270524075,44.394999999987235,-0.23103715892788085,-0.10600654056071168,-0.4676149694973116,0.3685230031351335,1.1154081902680906,-0.11058054415672405,3.965317388397741,2.401554852525238,0.3344969371974966
1791433706.7301505,5637.297511069,44.415999999987186,-0.19698684696244018,-0.10010337415547774,-0.4232046337546314,0.38611756399632385,1.8415405906117581,0.6801371120927685,2.0254713198549124,0.5703587676790287,0.3277585412182376
1791433706.7569723,5637.324332018,44.43699999998714,-0.16782301331353114,-0.0750304345270883,-0.41101442650506165,0.3639159115384536,-0.3254957323124768,3.6224571808290973,0.11338415811515438,-1.7888905106119648,0.31379060735282727
1791433706.7832682,5637.35062277,44.45799999998709,-0.22044454599526153,-0.023602476664765063,-0.41736435310910397,0.31357692955013733,-2.893557533853689,2.044053891576193,-0.5901597570888212,-2.8720714557858242,0.26544127446077836
1791433706.8149004,5637.382256327,44.47899999998704,-0.27750042416869203,0.02300322300573583,-0.43562295354359915,0.24688242853104042,-2.808624208854788,2.334476690685686,-0.9865089472431426,-3.375279311861215,0.25172482929105444
1791433706.8399224,5637.407274415,44.49999999998699,-0.3676296653830582,0.06707054908973632,-0.4580057900918947,0.1766845582067704,-5.599894253839291,2.123275930692577,-1.0595525128111456,-3.2336408400326278,0.26474183359311737
1791433706.8695343,5637.436893628,44.52099999998694,-0.4582249014126734,0.1079562494041466,-0.4789801849842363,0.1147423214385798,-3.457151658241255,1.7343811871786636,-0.8927864183009611,-2.6085059512894553,0.30870520134831664
1791433706.8972185,5637.464568165,44.54199999998689,-0.5013676719837183,0.122745707953949,-0.49390946515954626,0.06894101358499699,-1.1869830963525285,0.4296561597275694,-0.5190776924031031,-1.781686294844774,0.3707761495553416
1791433706.9219768,5637.489335111,44.56299999998684,-0.4911721469385556,0.11919509978053319,-0.49914605739705914,0.04281117361337754,1.8059418555329514,-0.876550700187478,0.0205080345128544,-0.7986398827174915,0.4078202528919241
1791433706.9471145,5637.514468919,44.583999999986794,-0.47624270128520235,0.13079585672478947,-0.4918404251280243,0.03573921915752226,-0.7158425762067814,0.3262862798950487,0.6439224949095085,0.06502167283577572,0.41547033337013634
1791433706.9736319,5637.540991992,44.604999999986745,-0.48349050192904536,0.11220553031976342,-0.4715670431723631,0.043204512207532256,0.28853798725762814,-1.1358180882559048,1.2382603458126633,0.625143019329572,0.4555713703117614
1791433706.9988382,5637.56619451,44.625999999986696,-0.47679120246051687,0.060231226629864534,-0.4401074221619064,0.06105893694002704,0.4484264182244053,-2.541561482257815,1.7436001264785186,0.9598817139027648,0.4513484438507629
1791433707.0240352,5637.59139538,44.64699999998665,-0.48045842072263306,-0.006064729395538683,-0.40175912401420383,0.08106771528559178,-1.1106171834599528,-3.711376381507826,1.9092237024376162,0.9057065689325452,0.40239718001024405
1791433707.048875,5637.616223635,44.6679999999866,-0.47884332973210836,-0.09598479875366227,-0.36285530820610734,0.0959628680471651,-1.1272049979370922,-4.034003149602129,1.8033477533608433,0.4940905871670199,0.3693205710157731
1791433707.0750031,5637.642367452,44.68899999998655,-0.4908900383693875,-0.17050081806837206,-0.3291630667648351,0.1015201279670973,-0.2308939594407547,-3.8436570961407392,1.3710988606384922,0.026633153217897554,0.4267472516923942
1791433707.1008708,5637.668248203,44.7099999999865,-0.48709010372996586,-0.24294654605774124,-0.3047803617941014,0.09381673794125882,0.5194401011967252,-3.1531762906060337,4.5292430694459895,-1.9387957151089,0.4586014985431188
1791433707.1267896,5637.694156847,44.73099999998645,-0.4813472800571527,-0.2847037313662697,-0.2551319179157759,0.058605610678318515,-1.0798793862799694,-1.1437633468523416,0.24567546874310842,-1.762521141791773,0.40576540260273075
1791433707.1522262,5637.719584446,44.7519999999864,-0.5073382685437902,-0.2983126188636743,-0.21430128916033123,0.003097209467184482,-1.4291495526356073,-0.16571245579204105,2.361511838994893,-3.264837388356854,0.3996710956264695
1791433707.1776001,5637.744956481,44.772999999986354,-0.54410856652174,-0.29099857198230467,-0.16806207948480242,-0.07184319583025968,-1.9692095892775623,0.7485956911007319,2.3029100172771932,-3.908066200814241,0.39539677265868334
1791433707.2036083,5637.770969675,44.793999999986305,-0.5911758748455783,-0.26719364349268543,-0.13300292763747204,-0.1568106290840413,-2.34717273661982,1.3838254844840134,-1.2440754254088118,-2.6562359767542736,0.3809626606699508
1791433707.2287178,5637.796073926,44.814999999986256,-0.6426242174972381,-0.23226010944502562,-0.20125727170468086,-0.20701209014202213,-2.416046270583448,1.807107533166887,-3.4523837614282593,-2.0739062327051494,0.2638413329210435
1791433707.254015,5637.822560935,44.83599999998621,-0.6921847895459364,-0.19253761187050594,-0.2727605863791036,-0.21353248168057873,-2.1376015618399586,1.8854817099919414,-3.71226307718247,1.073819405295861,0.28089522173399367
1791433707.2815769,5637.848975981,44.85699999998616,-0.7315412174627718,-0.15214860674823213,-0.39106549159402987,-0.20308511357934533,-1.47231729150682,1.8802048691694118,-6.608523847786074,0.4620837973083685,0.329674884240705
1791433707.3149424,5637.882408819,44.87799999998611,-0.7531021634151639,-0.11186483374655094,-0.5005272463098379,-0.1829277635628302,-0.584625545953496,1.8996591342873226,-4.0322496571712145,1.3207042175235009,0.37295715802509066
1791433707.3429067,5637.91027669,44.89899999998606,-0.7532355606764557,-0.07076594693400323,-0.5594950836532799,-0.15074858511006572,0.4722208964256756,1.9597579656434094,-1.6345803160361276,1.8584193873491879,0.3940527507338452
1791433707.374821,5637.942196624,44.91999999998601,-0.7277812758878187,-0.029116183458426852,-0.5625255417199994,-0.09267345069235891,1.7805285262589523,1.9685803710066745,1.3373465654689536,3.8805726783018146,0.3905675383467893
1791433707.4115198,5637.978902613,44.94099999998596,-0.6723913930667934,0.011034124565356707,-0.5319501027623962,0.02841784240746427,3.3314496697153073,1.8179564427606143,-0.015595533952919405,5.020872382406984,0.32070763364746874
1791433707.436792,5638.004161086,44.96199999998591,-0.5900558824669823,0.042029589951280956,-0.5366980322272671,0.12207571459068824,4.403154507114353,1.0593765662071553,0.002380213985198623,7.205514965799553,0.2534586362629646
1791433707.4620295,5638.029390539,44.982999999985864,-0.495197308816794,0.05524411183221312,-0.5101282400422961,0.26175507137940873,4.512606296442418,0.18160997327116404,1.8264960523660179,6.296521519913399,0.2857765796967579
1791433707.4873412,5638.054695348,45.003999999985815,-0.3899995972996028,0.056326995850532,-0.496928287496124,0.3634577145731046,3.4013593544719694,-0.3511495367844282,-0.19068868555353313,4.05548906758387,0.37238310509956235
1791433707.5138865,5638.081255691,45.024999999985766,-0.30275249579668395,0.044020367492428124,-0.4874377933363659,0.4385764248956573,3.8806000088998776,-0.8121063819726914,0.6467474327385687,-0.5640006551522627,0.3794665781840394
1791433707.5388215,5638.106177692,45.04599999998572,-0.21822047053033486,0.026545222518721167,-0.45799436454095643,0.4418103258452567,6.20716536033833,-0.9607517331563904,1.4089053160699896,0.07911712059305573,0.33695960423635074
1791433707.563801,5638.13116062,45.06699999998567,-0.16322995996344636,0.009455679894286187,-0.42942761509747246,0.43878815385184505,2.3363512913173348,-0.7032383892710765,1.242907890631883,-0.3617429007553382,0.29088212996797386
1791433707.5930696,5638.160458529,45.08799999998562,-0.10838552231929459,0.00809917391151996,-0.40733075166066995,0.38743448998427454,0.6825505548872798,2.371640426665667,0.7287390536211626,-4.164926446013151,0.27845880485547314
1791433707.6187522,5638.186129039,45.10899999998557,-0.1684386588473191,0.04359684367470127,-0.3984005934581189,0.28961737079011846,-3.8510469751303735,0.33102147353454703,0.15537336422253495,-4.943012444452728,0.251222418808147
1791433707.644099,5638.211463422,45.12999999998552,-0.24521989884181916,0.05483908317487012,-0.4013515251235732,0.1830247789336442,-4.688125893094647,-0.21055167014774892,-0.367718982614532,-5.003048394877029,0.2686630941733534
1791433707.6702006,5638.237558692,45.15099999998547,-0.35328474825906514,0.08227877663846163,-0.4139083306330218,0.08524069787965058,-6.837492705623303,1.6691550945618174,-0.7726642248776112,-4.24980091071074,0.2690392297865357
1791433707.6956553,5638.263030459,45.171999999985424,-0.46957748532647703,0.09556089419436997,-0.43423106277676726,0.0080400395619631,-3.4885622666701184,0.5746768283977578,-1.0868609653357058,-3.1170519721012795,0.2987026167121322
1791433707.7205818,5638.2879358,45.192999999985375,-0.5209345154560845,0.10887442180330328,-0.45935534819625473,-0.04428730269498654,-1.3565410646801985,0.4841857045579598,-1.2442661086910165,-1.9195979590139973,0.34767893145950085
1791433707.7485712,5638.315951055,45.213999999985326,-0.5170679153425541,0.10903974249897734,-0.4856564175176471,-0.07232119163542973,1.6417484367239672,-0.4889288057434504,-1.2183518494034986,-0.8229537216627726,0.37048566735973676
1791433707.7735445,5638.340903704,45.23499999998528,-0.5269649289649941,0.10335778412617469,-0.5083078855910236,-0.07910480738691793,-1.6724079592338805,-0.25674682244746005,-0.9101932896012458,0.09556692132785036,0.42288193389901846
1791433707.798663,5638.366014228,45.25599999998523,-0.5544385892631742,0.08483477950094039,-0.5229911881469459,-0.06890312499494976,-0.9799412895542252,-2.159125244475721,-0.4487618094430377,0.8058611685597142,0.41385797204704383
1791433707.8259866,5638.393336142,45.27699999998518,-0.5707448587992547,0.04334773774566507,-0.49805134315378763,-0.04456394000929998,-0.5286133004435589,0.8043045192676103,4.492898692773387,1.64660979924781,0.3468048436715759
1791433707.8529747,5638.420323144,45.29799999998513,-0.5914340162095395,-0.015007851578505803,-0.4978985629148532,-0.019108944615066677,-0.30192597401101734,-2.8105844795973387,1.443615898214225,1.4365839955389352,0.2494766435543693
1791433707.8789802,5638.446332609,45.31899999998508,-0.583775674778117,-0.0668800561943069,-0.45622496677592733,0.010956278472365055,0.1412387142684257,-2.145122701835169,2.2556634145118073,1.39606934779638,0.18292662982428542
1791433707.9071872,5638.474545369,45.33999999998503,-0.5614868278202487,-0.1366719036915678,-0.4041533316161532,0.038973303523468665,1.1542482476509883,-2.1207103136099095,2.6036350368402887,1.2560481845790117,0.24661702649364478
1791433707.9380379,5638.505408357,45.36099999998498,-0.5364090806795698,-0.182558190857158,-0.349969836296318,0.06284330827807173,1.6288524589023725,-2.2731792604269305,2.4456275199134354,0.9667687787765429,0.2715766967055894
1791433707.966001,5638.533357165,45.381999999984934,-0.49795497506133124,-0.22537116234951246,-0.3085713954164826,0.0799361358471003,1.8979651452491166,-1.5714650755131363,1.4567335477387042,0.5640091859845738,0.27283670701555107
1791433707.9936843,5638.56104503,45.402999999984885,-0.4580316461642767,-0.23916881551655705,-0.23784572262639522,0.07683194642866722,1.7062927677193278,-0.3663941106898502,1.1952515351794704,-0.3226643154760677,0.27656760827336807
1791433708.0189853,5638.586347734,45.42399999998484,-0.4288449543625543,-0.23938345656701812,-0.21268041867762388,0.06291590471976058,1.1764762783545768,0.26458473046378594,2.6849636265668457,-1.4062164843277403,0.29995919834281765
1791433708.0483534,5638.615702814,45.44499999998479,-0.4134482106665087,-0.2260559985618889,-0.16254294867817878,0.02668730844559682,0.24455180339746246,0.9323060300130188,0.9088863486210496,-3.3489346467409957,0.26536523317989913
1791433708.0768905,5638.644257456,45.46599999998474,-0.4162694746827039,-0.2013923526670993,-0.21219096877832883,-0.04258653124039132,-0.614755676249565,1.3915629161653982,-3.4970930598307377,-1.3811602864516617,0.2644989220427912
1791433708.1059277,5638.673311553,45.48699999998469,-0.4357309754328169,-0.16861889253633805,-0.2850356175045597,-0.07272055121428551,-1.2753468579262144,1.6823089698848608,-4.135486409999799,-2.3139862902246504,0.22467492433459438
1791433708.1332078,5638.700586995,45.50799999998464,-0.46653996202863734,-0.131893224093753,-0.37281031929076797,-0.09941865811543933,-1.742141294031089,1.859890582267762,-5.196780108666598,-0.0949568571012711,0.24267059640845715
1791433708.1586742,5638.726037593,45.52899999998459,-0.5014377352747023,-0.09366500080453864,-0.47179225600178304,-0.11611900782582568,-1.5829266762600198,1.8111168058363118,-2.922814583391223,-0.1727201824674173,0.25083994620050365
1791433708.1837223,5638.751077196,45.54999999998454,-0.5306001638881337,-0.05633745692806965,-0.49800592106092206,-0.10227807664105015,-1.169093686802342,1.7448964966663916,-0.022975941934768526,1.4319830260672157,0.23874281296927974
1791433708.2103422,5638.777717796,45.570999999984494,-0.5481690958475816,-0.02085654962144972,-0.520471581088418,-0.03776400013830377,-0.4605711717072633,1.6116084344109833,-1.6950142557511216,1.9260292173851032,0.1544711379390761
1791433708.2369897,5638.804347946,45.591999999984445,-0.548335585714272,0.01011458556537107,-0.5524757322112465,0.011899412479037974,0.4440133386369761,1.3560175113248474,-1.1476275721479092,4.011859386692739,0.1611074957951859
1791433708.262069,5638.829428265,45.612999999984396,-0.5288695179418297,0.03459253489119953,-0.5677863499882985,0.12015681647361819,1.3823938748716502,0.9852930754627205,-0.3907966843738534,4.84634997127779,0.17942276486911263
1791433708.2870326,5638.854389514,45.63399999998435,-0.4905329741823364,0.05219126504272787,-0.574627705445238,0.20222061118638335,2.226295301999726,0.6711944640816591,0.3692941693909796,3.8062641443611755,0.18882769846361086
1791433708.313143,5638.880496076,45.6549999999843,-0.43247866605212726,0.06550502991418074,-0.5730252690636117,0.28946098711089596,4.014987744154735,0.5118344921492004,-0.1700463336838801,3.652668145032192,0.17942395216288828
1791433708.3386562,5638.906007554,45.67599999998425,-0.36953296582032985,0.07177285283230507,-0.5711727235458083,0.3713515625441913,3.2103960464085524,0.2586568054965438,0.28355068571096675,2.493881566767269,0.138376751091939
1791433708.3649492,5638.932304448,45.6969999999842,-0.2960522702484775,0.07847417943756257,-0.555385299832501,0.41505521669628276,6.795253619361515,1.788904320564589,1.0808095708526286,1.599516725524663,0.11288146753519779
1791433708.389224,5638.956575826,45.71799999998415,-0.2292638669664101,0.08105280245023706,-0.5216826345633404,0.4335567790232629,4.020513815743221,0.5138498083835429,1.7463569856284178,0.3896802101727116,0.08075381489669474
1791433708.4145918,5638.981944403,45.7389999999841,-0.16322675898377179,0.08889724687787823,-0.5085112371480226,0.427366784146689,3.20043109768519,0.4167495864063244,0.33431258562027016,-0.8436568845575282,-0.0020554742090244348
1791433708.44099,5639.008362982,45.75999999998405,-0.11160477459202683,0.11474874156710302,-0.5082521917994094,0.3960806385394715,-1.2369124902575264,3.7093285728469785,-0.33897514409335255,-2.0648602217216876,-0.020436698487372208
1791433708.474217,5639.041644592,45.780999999984004,-0.1851086105314185,0.13482027772087385,-0.5245272833793534,0.34030207225295706,-3.5394684644137238,0.008424587280098999,-1.0838140192661874,-3.1152172893534127,-0.03427386971926781
1791433708.5011387,5639.068520747,45.801999999983956,-0.2671928730888499,0.12572947520817998,-0.5533844498861699,0.2694661342508452,-6.286860220644326,-1.364306462666302,-1.5945178873273014,-3.5746509646061817,-0.05672785124600368
1791433708.5269978,5639.094375883,45.82299999998391,-0.3870544012412132,0.12206899095721019,-0.5856725945357193,0.19768086973690407,-6.786388988287472,-0.42543923423293767,-1.4930367468173675,-3.318208328643219,-0.05616131138123175
1791433708.5555098,5639.12287972,45.84399999998386,-0.49955026976641426,0.11603340926430303,-0.6142220513635088,0.13454331707207234,-2.737683912938969,-0.12106935779078566,-1.2470792475246262,-2.781751676646545,-0.03654772252641035
1791433708.5815818,5639.148944831,45.86499999998381,-0.5294013137817626,0.11187758828724563,-0.6351913332991035,0.08379632165374992,-0.07690560398917223,-0.2876803765112409,-0.7835361122418942,-2.135345669068925,-0.000441618394710522
1791433708.6076062,5639.174986296,45.88599999998376,-0.519001552523713,0.10404741666867713,-0.6454822676152993,0.04631961030250647,-1.0522530689388827,-0.3232082710088673,-0.21496653258349283,-1.4824719595328297,0.05658511678302565
1791433708.6349876,5639.202350423,45.90699999998371,-0.5550958231807447,0.09466576772405295,-0.6432157052902351,0.022773778709869515,-1.572373335549913,-0.683266700990559,0.37373486773431286,-0.8057915876115789,0.10353192163971263
1791433708.6603532,5639.227705083,45.92799999998366,-0.5819072937833409,0.06213241649982643,-0.6280217269965682,0.013094377025682656,-1.0723986356237445,-2.3638404109002593,1.028060648539646,-0.15596088088975205,0.06541863058457748
1791433708.6869068,5639.254257323,45.94899999998361,-0.6045791394098143,0.019693272251976198,-0.5991068736665408,0.014925863271375244,-1.2952950366775642,-2.258968063351583,1.7142113042441718,0.2990694342576253,0.04046221282292613
1791433708.7165766,5639.283958005,45.969999999983564,-0.618844562129226,-0.018498609028606762,-0.5557010115054316,0.02465730701459416,0.47467898313111256,-1.863847473634899,2.451962618710379,0.5843470679629098,-0.014030612390767616
1791433708.742027,5639.309389176,45.990999999983515,-0.6109661226071331,-0.060512057902527186,-0.496129343767613,0.03879718169648155,3.0649678035685133,-4.917248363396826,3.1341681650862006,0.7729260985552577,0.004847400622619354
1791433708.7668865,5639.334239255,46.011999999983466,-0.5881389994056635,-0.1151290830258406,-0.4259227993233525,0.05628833740402984,0.8713119104729524,-1.828537649470865,3.3393437007700864,0.8700378359376274,0.033258762109913985
1791433708.7938857,5639.361249716,46.03299999998342,-0.5563376258595951,-0.1655237366161518,-0.35839119860937124,0.07645181598812378,2.0237559201679263,-2.5039691260762513,2.8481004834067374,0.9320103886924981,0.02501564119719922
1791433708.819016,5639.386375045,46.05399999998337,-0.514461219654659,-0.2079973503268431,-0.3100202183173511,0.09650984765538335,1.706438131657138,-1.0358116871797576,1.5638711109558767,0.8735442418937449,-0.01339489764796742
1791433708.8441203,5639.411471972,46.07499999998332,-0.4713597795546627,-0.2310633138779746,-0.23208954434921242,0.10018654851773345,2.3397689275500877,-0.9370503447664216,1.4420343653498886,-0.16133409173408322,-0.01874360807568517
1791433708.868923,5639.436273202,46.09599999998327,-0.41652257586517855,-0.24656370137397893,-0.20508302569632328,0.09896042962950867,2.4093163909145567,-0.478703441664519,3.2097625629649973,-0.8026740489012212,0.012111595346261597
1791433708.8937058,5639.461055187,46.11699999998322,-0.373987039279354,-0.25004145004833345,-0.14408719573655418,0.07999325121863807,1.5647675413325466,0.1287366684932645,2.742271981296516,-0.913417435180962,-0.00381913601443431
1791433708.9188187,5639.486165146,46.13799999998317,-0.35424923909882156,-0.2413891494799339,-0.1028238728526269,0.03848455183118578,0.4534347345906223,0.6315937872062954,-1.261451015176843,-4.82486989724695,-0.02659689312231596
1791433708.9434423,5639.510792498,46.15899999998312,-0.357665395093575,-0.2236667319304877,-0.16409980324097576,-0.014945016305405708,-0.6354737919034088,1.0041960871260578,-2.8214339101475456,-2.4529078782732867,-0.037236901374805224
1791433708.9687145,5639.536069434,46.179999999983075,-0.38209916848804704,-0.19997233038380266,-0.24248960044021675,-0.04677638073300437,-1.551959522290474,1.2154702430534097,-5.849384492427686,-1.4753781344500487,-0.02742927568556276
1791433708.9972978,5639.564665647,46.200999999983026,-0.4195734253883758,-0.170572172191649,-0.34847314926204764,-0.10561036343595571,-1.2505530397046667,2.623625322457739,-5.48218062419628,-0.8709054091680749,-0.02208653981917154
1791433709.0226712,5639.590065378,46.22199999998298,-0.46462418943754147,-0.14386672925926755,-0.45624878649460515,-0.1353698985170127,-2.0947599059065722,1.4510243636001634,-3.787658900269881,-1.554234346971555,-0.03944020862045674
1791433709.0483313,5639.615682435,46.24299999998293,-0.5059369072827491,-0.11313238046924594,-0.502818299240175,-0.13712919851896999,-1.7894093761581327,1.5229505794686486,-1.0187997442462384,0.7967379496065677,-0.06701238464445425
1791433709.0736592,5639.641012009,46.26399999998288,-0.5381010489295643,-0.08175531053412984,-0.5007714972395002,-0.10447367714456732,-1.1756930592892898,1.498778402321089,0.22805271676479622,1.3645507874759273,-0.08713094992724557
1791433709.0998414,5639.667207822,46.28499999998283,-0.5547329142003984,-0.053032463126114274,-0.5281045787075651,-0.07114703620834764,-0.3512686968993152,1.234051170391991,-1.7504567951326355,3.061493810172102,-0.13272365032179975
1791433709.1280751,5639.695449206,46.30599999998278,-0.5532854695654913,-0.030321121313668594,-0.5517663827796001,-0.006094026111942935,0.48189913350723157,0.878152548924075,-0.6766970430645846,3.6023910516520656,-0.12118066976541543
1791433709.15412,5639.721494172,46.32699999998273,-0.509055401444841,-0.023920464525854668,-0.5689036516273152,0.0536384283781014,-0.29712659844085376,0.911179341303507,-2.5103274027291262,4.93742795302687,-0.024222179834717337
1791433709.1792748,5639.74663233,46.34799999998268,-0.4649636931103156,-0.01990835499904094,-0.5786814182707875,0.12441427973525179,3.454558668733293,-0.28524960200180205,-0.6445559086157241,2.917367833222738,0.055435496360598864
1791433709.2043695,5639.771725087,46.368999999982634,-0.39151125673992515,-0.026307946465541063,-0.5758753985117907,0.19073199571030344,3.58943812058775,-0.29571061184064623,1.2590839037752037,3.579675036153459,0.032139632990809026
1791433709.2296605,5639.797015207,46.389999999982585,-0.31687804579812845,-0.031521498709279984,-0.5573494415590384,0.25707509969816533,3.332602909860947,-0.09945483720737286,0.3160302362389554,2.0006701667873905,-0.04720812447101846
1791433709.2548094,5639.822158454,46.410999999982536,-0.2566054683352474,-0.031425608075510876,-0.5349508122433366,0.29666981351707633,2.207732175102372,0.1615228855752268,1.7623233700551035,1.8375032348249343,-0.13118320167127778
1791433709.2798295,5639.847182619,46.43199999998249,-0.17421521791403533,-0.0158152254255002,-0.48726160659982176,0.32122525575398203,1.918958015580945,1.0722999653845091,1.2229088952538536,0.11596834366844906,-0.18670659732098085
1791433709.3046386,5639.871993727,46.45299999998244,-0.14064020223862705,0.0012671624379362275,-0.48418658752043375,0.31288020299945973,3.3017757250925004,1.305951728782557,-0.11662590041176037,-0.839521298577726,-0.19726043683720215
1791433709.3296072,5639.896962088,46.47399999998239,-0.17602649155280672,0.06062968833325824,-0.4920853567279652,0.2855217232826552,-3.761273690358705,0.7361208953312134,-0.5829284006684423,-1.6866141508371049,-0.20493183227071507
1791433709.356826,5639.924194386,46.49499999998234,-0.2521255799772666,0.07323417937785051,-0.5099442862346486,0.2434042859630965,-3.520771298524104,0.5928746237098703,-0.9302884825225874,-2.2212782621299585,-0.19378826404182486
1791433709.3835285,5639.950888349,46.51599999998229,-0.3438989830176114,0.08514262676750653,-0.5313879319654273,0.19493980158905894,-5.819959719130152,-0.490206494508385,-0.9575910611448146,-2.2741614723588532,-0.21226183880453914
1791433709.409064,5639.976429428,46.53699999998224,-0.45380084813891486,0.07976335624820852,-0.5502298252636755,0.14847819811508906,-3.7250590712089626,-0.527277473949794,-0.7842733073436711,-2.0875356315253732,-0.19473009773584474
1791433709.4339902,5640.001370579,46.557999999982194,-0.4950119434243488,0.055366799098803744,-0.5625834982781128,0.10753000774526553,-0.6533847316289861,-1.7623163500262924,-0.38415140750765525,-1.7754994673818414,-0.1613051154106746
1791433709.459199,5640.026565973,46.578999999982145,-0.4878905649465627,0.02471679317353235,-0.5637456631114582,0.07349520759840056,-0.6270095793491826,-1.5153389502642374,0.23556695660134297,-1.457290793116324,-0.11471561585743524
1791433709.4844458,5640.051823276,46.599999999982096,-0.5133451490396543,-0.007164210559193534,-0.5497736254596257,0.047281311141806885,-1.0064413302579789,-1.7049732446576622,1.057835209470366,-1.0689476201102277,-0.08742908613858641
1791433709.5147045,5640.082148131,46.62099999998205,-0.5245174021269889,-0.05447123554089763,-0.5188244983079088,0.029469159234610933,-0.3002600336951051,-2.8715929837738554,1.8747542564208857,-0.6634997069274186,-0.1135520847295152
1791433709.540198,5640.10754722,46.641999999982,-0.5285763673546797,-0.10015109044828473,-0.4722076967537958,0.018732419764347797,-0.2730034859951164,-2.4107083074245677,2.5249000667035313,-0.47658064679968404,-0.12091130007017532
1791433709.5665634,5640.133924079,46.66299999998195,-0.5278847056719248,-0.16495963944285325,-0.4141266724463625,0.01339817795113291,0.3344728278802077,-2.8059332947616284,2.990797990474216,-0.2330756604428385,-0.13616352353405847
1791433709.5936217,5640.160991131,46.6839999999819,-0.5101656603997708,-0.2393481257229324,-0.3501082442086599,0.013189997974492022,0.3237106632616192,-3.038202103201958,3.1747349059341574,0.08557694594762999,-0.09828672116914243
1791433709.6216037,5640.188983953,46.70499999998185,-0.5032975233950402,-0.2857023744196969,-0.2897276418828435,0.01868137123717932,0.7472301835876732,-2.0279813121036225,2.7421237590387366,0.5310395230293209,-0.06889985869851041
1791433709.648302,5640.215678746,46.7259999999818,-0.47875202085711094,-0.3166271152716035,-0.2487797295117148,0.031301192509779314,1.3464683505810573,-0.9513558246535854,1.3366878934167863,0.8664077419319113,-0.08907262577936151
1791433709.6752393,5640.242622159,46.74699999998175,-0.45114542647165223,-0.3190287475548321,-0.1711195610085416,0.030043240657483698,0.6584833378775344,0.44407955936773846,1.0926152937408984,0.13771930871189722,-0.07716305179447153
1791433709.7043252,5640.271723105,46.767999999981704,-0.4353559723178595,-0.30541828513290875,-0.13874935980246045,0.032392280670142666,0.8235236629080546,0.8382928250615265,3.7480598175586906,-0.5416922867292272,-0.02441708821118269
1791433709.7293887,5640.296760335,46.788999999981655,-0.42396220871318047,-0.28280364262116126,-0.0614013189670866,0.017111254862402375,0.2511810143662066,1.2201978584649438,1.715517418957369,-2.3639182998500323,-0.017018027825600846
1791433709.7592695,5640.326629437,46.809999999981606,-0.4271838064206354,-0.2544752494614089,-0.11290040705074593,-0.027734415667221204,-0.5273206687645393,1.4055095867695184,-3.3340638399996423,-1.0519065587807237,0.010191472046912982
1791433709.7889247,5640.356286202,46.83099999998156,-0.4470383832019229,-0.22396708396103443,-0.17386965711375366,-0.04404353863674434,-1.3078463657832846,1.4823014845012454,-4.136738651099867,0.4890243431481409,0.03244478624002071
1791433709.8179343,5640.385286303,46.85199999998151,-0.48171191542490915,-0.19277720598450643,-0.30831247662813005,-0.07824128651013293,-1.826610993036498,1.5021701317154768,-3.504698503326839,0.3878110706531195,0.0448652407521508
1791433709.8434992,5640.410851968,46.87299999998146,-0.5225272392428205,-0.16250826593205112,-0.4358962127297124,-0.08366688366648081,-1.9728650737542304,1.4122652498487063,-6.352601579075838,-1.1194845160493576,0.005925531637204243
1791433709.8685813,5640.435926583,46.89399999998141,-0.563236717574002,-0.13335069222955687,-0.5161660798828758,-0.10289773234664146,-1.8115530019070147,1.3352753299048323,-2.43816685816352,-0.3580582810343208,-0.016235210197975632
1791433709.8938034,5640.461155291,46.91499999998136,-0.5970881117213142,-0.10598330372739871,-0.539283183794742,-0.10282024956569659,-1.39187612039324,1.272362788125705,0.2819070288109823,0.2123871475110657,-0.046027594609491865
1791433709.9185424,5640.485891405,46.93599999998131,-0.6190884041512059,-0.08032323141306966,-0.5166489221812911,-0.09237835428185251,-0.7273186533504159,1.1638357903595813,-0.28659749267172496,0.6052375468568654,-0.07700671702301819
1791433709.9431794,5640.51052836,46.956999999981264,-0.6256558018420567,-0.058764867232966624,-0.5509378887268901,-0.08025224619767547,0.038342621798661575,0.9012145748002602,-1.7517719724946677,0.7597851784300078,-0.10479958551773326
1791433709.9682977,5640.535657612,46.977999999981215,-0.6165924016569306,-0.044846337672944436,-0.5806566127278154,-0.042717954645692086,0.7972092126106178,0.43967691100569367,-1.2783488184589569,2.9610511680469913,-0.0731323234729034
1791433709.9930882,5640.560446566,46.998999999981166,-0.5742713810895148,-0.04549424079232624,-0.6058198931123437,-0.0025662551765504526,-1.0787343076505016,0.9908965861612105,-1.5813629279819428,3.7030439575645078,0.022756731249533525
1791433710.018003,5640.58537602,47.01999999998112,-0.5292729796473189,-0.04911890417534204,-0.6321050984310166,0.05149869148169333,2.970411325526564,-0.36107931140875665,0.08725560249677314,2.3263928424083034,0.10700754849903876
1791433710.047837,5640.615209047,47.04099999998107,-0.4593060482111618,-0.05584548666526779,-0.6155072310563516,0.11578227101628115,3.638890807403431,-0.2980459251130348,1.0778310036990502,2.3161860664473304,0.08599591427608401
1791433710.0725765,5640.639935742,47.06199999998102,-0.3803939266822781,-0.06087297034471686,-0.6066180687272262,0.1821097447475937,3.7574937169428195,-0.16853213911681839,1.3128175393224546,1.991023373822059,-0.03480008580270521
1791433710.098005,5640.665692599,47.08299999998097,-0.3113527828406975,-0.06242945289844329,-0.5607769932372596,0.2446273957349072,2.761053171142309,-0.013495641211647168,2.7970002377158076,3.1567216038564743,-0.052900190924513
1791433710.1270337,5640.69447275,47.10399999998092,-0.2206856057764212,-0.046951899747527906,-0.49940776939445236,0.2937641616038682,1.9114910375537177,0.8132625557299784,2.352708249324176,1.5533768140737798,-0.05718861357868801
1791433710.154402,5640.721777475,47.12499999998087,-0.18082666817071424,-0.028296648378908017,-0.4636232467813431,0.3167606024670831,3.419796001318434,1.5078862981452603,1.676843633240417,0.7186393341026927,-0.08996493554955742
1791433710.179592,5640.746954478,47.14599999998082,-0.12518427068666774,-0.0015862172474458698,-0.4391798897695364,0.31838417198038,2.5471132686268794,1.1797310008699085,0.7295275340971181,-0.4572071541210012,-0.09075506453469034
1791433710.2052174,5640.772572242,47.166999999980774,-0.1428835979493117,0.0595417427987882,-0.43344732686464577,0.29726292492508155,-3.2946952860605294,1.177937491583378,-0.1832168803302553,-1.4918384925786436,-0.10022070203274783
1791433710.2325006,5640.799867693,47.187999999980725,-0.2110885562735391,0.07396112734056454,-0.44414853568691937,0.25739842723905315,-3.2264027591297517,0.6885271892451758,-0.8085996803428053,-2.2067498694316106,-0.06097718635348049
1791433710.2650611,5640.832437057,47.208999999980676,-0.29912096506021796,0.08956327219808087,-0.46424852143681616,0.20797367436252737,-4.843771688996959,0.042702355632573616,-1.0680665089334682,-2.4022091343654215,-0.05317424820157356
1791433710.290098,5640.857459568,47.22999999998063,-0.42635661293074156,0.08528163292764537,-0.48718133116510476,0.15893788067592685,-4.558254720947577,-0.14265107863962806,-1.0635752109279275,-2.2076012802358242,-0.016829836448455586
1791433710.3158894,5640.883245953,47.25099999998058,-0.49533158751531975,0.07843102466440031,-0.5069173280660912,0.11659695711737465,-2.115561079603707,-0.5826581597206798,-0.7888695729291768,-1.8001822945148276,4.524354603482497e-05
1791433710.340922,5640.908271127,47.27199999998053,-0.5046577654287983,0.059552751797090915,-0.5184396713575141,0.08384379604900359,1.1399116171889743,-1.2412529022052063,-0.2924158071866378,-1.3272460436602609,0.015312966083020489
1791433710.3678765,5640.935224491,47.29299999998048,-0.4677555031957802,0.0342217383868535,-0.5170143637202351,0.06158924844502072,0.05496115752279257,-0.1268601563849641,0.4412415550277926,-0.8254793180300152,0.0555355245680309
1791433710.3978295,5640.965182642,47.31399999998043,-0.48464447151824736,0.011418779163548666,-0.49954585560209164,0.05008832617829917,-0.5425125848253198,-1.3571843174436364,1.208896289559209,-0.33152004830495957,0.08908391411831015
1791433710.4228277,5640.990176876,47.33499999998038,-0.4886543321703065,-0.035914450702381,-0.46714832718115135,0.048114181823960246,0.09606113944514795,-2.6886388697163586,1.8106856907984787,0.06379282369198871,0.05555579046752103
1791433710.449974,5641.017326681,47.355999999980334,-0.4985430195767048,-0.09296713790819196,-0.4247810565907826,0.05228758380970822,-0.6333159787483758,-3.6781798225747084,2.130015934355757,0.302248078123589,0.016226438904786006
1791433710.474631,5641.041983183,47.376999999980285,-0.5133019302400963,-0.1705721941748218,-0.3783153791930234,0.05942588392045813,0.24924392537771015,-4.356404293017086,2.2196467497254675,0.37963384908344,-0.03341034810427897
1791433710.5019858,5641.069335518,47.397999999980236,-0.47476720870546424,-0.2558291119637751,-0.3327311527226776,0.06665500691311939,2.2694135699543483,-3.8231161512849923,1.9951737094763315,0.34672410669924136,-0.011149494857357797
1791433710.5268264,5641.094186879,47.41899999998019,-0.4735186418043167,-0.30769636743094797,-0.2969311824788493,0.07509521299991209,0.3251795014922938,-1.512937419550722,1.2575262502078417,0.40475145901729737,0.016928571672479523
1791433710.5521576,5641.119513915,47.43999999998014,-0.44704607426621396,-0.33615233232409714,-0.2780282806269145,0.08316229061914417,1.985376856527422,-1.0291117120175932,4.474117836021209,-1.5438237795365706,0.038860985735691286
1791433710.5816832,5641.149057291,47.46099999998009,-0.42934491202395486,-0.33222027352002437,-0.22117644970594982,0.07068782834864537,-0.767981464484857,1.0167790079986352,0.10187171394619438,-0.405248721975719,0.08310108329610537
1791433710.61002,5641.177382362,47.48199999998004,-0.4493709822733196,-0.3039754681108736,-0.17887384231736758,0.049144847641981806,-1.2492549118393166,1.6813815603375981,3.0158277286790898,-1.595878396359369,0.08633605320458687
1791433710.6357007,5641.203071529,47.50299999997999,-0.4800090458234404,-0.26527267081774897,-0.12268473995338802,0.01925901869639833,-1.7838922842674254,2.001848649770826,2.625049495682211,-1.371922907433864,0.06184844771696698
1791433710.6607308,5641.228092376,47.52399999997994,-0.5176850433116342,-0.22455042488466148,-0.1386644859871163,-0.042476551539189694,-1.944791019633592,1.8980470143020811,-3.5200489697791513,-1.216967334553837,0.07998194106146671
1791433710.6860793,5641.253436713,47.54499999997989,-0.5575000583725758,-0.18774077432444927,-0.20980529463121406,-0.0625536628978671,-1.9608606063887386,1.6220479296210395,-3.2967303825094985,-1.0017781848219773,0.07790805435942023
1791433710.7113705,5641.27872729,47.565999999979844,-0.595635539805943,-0.1570631714501393,-0.3174216502755397,-0.0817691275074202,-1.7292517554371283,1.371026011327945,-4.636415645196197,-1.0652485193161714,0.10783123547754454
1791433710.742589,5641.309959159,47.586999999979795,-0.6254320828106494,-0.1318130312455533,-0.44860437016192145,-0.08959684620123581,-1.170413200320133,1.1249470558046126,-6.223865684702663,-0.2754824314872241,0.09239607947672702
1791433710.7698462,5641.337219809,47.60799999997975,-0.6429998097898538,-0.10933711102432349,-0.5364809247607379,-0.0944632194453972,-0.5106610658239747,1.0539769208782008,-2.7916905807937,0.05150962128457491,0.08067751425640435
1791433710.79623,5641.363795015,47.6289999999797,-0.6448983438837488,-0.08773090006478172,-0.5662260971740642,-0.08446451698131364,0.3215632491586541,1.0103001906187674,0.11816902773683016,0.896822472519768,0.05704951527662172
1791433710.8228877,5641.390267294,47.64999999997965,-0.6282815836435569,-0.06781225126343553,-0.530002512967035,-0.055187889239053385,1.2854381495512481,0.8411168102842107,3.282381164414843,1.7899292647987655,0.05133529826617783
1791433710.849123,5641.416502682,47.6709999999796,-0.590222795220882,-0.05405568668719338,-0.5231889392698389,-0.022933825773876686,2.2731595928107455,0.4177536164035702,-0.9579536625665929,1.8720626876047286,-0.004666165226172904
1791433710.8754678,5641.442833816,47.69199999997955,-0.5347455254784408,-0.05245458845129674,-0.5313482259138832,0.029785918025484408,2.8928908838950496,-0.2586510512153829,-0.0383446590260431,3.7806926678354364,0.012209561590187679
1791433710.9049284,5641.472285277,47.7129999999795,-0.4711724247087086,-0.06464962140603908,-0.5318588839925023,0.10327856156123127,3.058360238303298,-0.8685585142305552,0.046376059747559484,1.6849526010666878,0.05551455744439196
1791433710.9358675,5641.503221299,47.73399999997945,-0.399484047116255,-0.08415839202478555,-0.5564708006243669,0.178960259890888,2.1463841151733467,-0.940773187420002,-1.4872230328904597,3.5108613532153066,0.12055688982951382
1791433710.9609928,5641.52834654,47.754999999979404,-0.3333511656336844,-0.10192456509130311,-0.5501614720548667,0.2585077181943133,2.924813562120385,-0.6697288723158407,1.6087312311566333,3.957871378795589,0.12365409676861434
1791433710.990295,5641.557643889,47.775999999979355,-0.28133809656374054,-0.11126667166293126,-0.503227287051393,0.3371424115707082,1.7852839080146181,-0.123521134265546,1.4245047166645008,2.3532131766127526,0.07441586465964921
1791433711.0165806,5641.58394736,47.796999999979306,-0.20901716649710694,-0.1004685081647859,-0.45164234822556265,0.38735528117799106,0.6835188223029465,0.7821919365818757,3.710588840912988,1.308764402836552,0.059644059720805345
1791433711.0418305,5641.609184491,47.81799999997926,-0.1704544929596741,-0.0788699599930211,-0.4006251962628551,0.4065934149296613,3.320650611003684,1.5555901469926503,1.65204004553411,0.08746193331857965,0.009318589313968945
1791433711.0683594,5641.635707778,47.83899999997921,-0.1206441307278544,-0.03679204274933545,-0.38147538456733865,0.38633953121736214,-0.2588661322891531,4.666937840913283,0.44127546375537124,-1.6839792731477956,0.021716301757219843
1791433711.0935733,5641.660942421,47.85999999997916,-0.17941447099341978,0.020515182119798886,-0.3849720077636954,0.336675079789916,-3.2278237196126796,1.6142910763291418,-0.6114882451617083,-2.89188850125465,0.0023353268059559808
1791433711.132409,5641.699788553,47.88099999997911,-0.25160642786954734,0.045844026340744574,-0.4075691921627825,0.2686069865205865,-4.503841357229013,0.7613264257968603,-1.3718789297059275,-3.4528762782800837,-0.0023449120659284673
1791433711.158037,5641.725406873,47.90199999997906,-0.3581553613761568,0.0783954256176779,-0.4417306978708284,0.19563861325844634,-6.535917070820258,0.7635733527825812,-1.8028406187959307,-3.4625426649637085,-0.017528479209625584
1791433711.1835911,5641.750959151,47.92299999997901,-0.464278508362503,0.08354591833291164,-0.48031998447396307,0.1291606631419444,-3.276496440156869,0.2867457063493601,-1.8561709616453308,-2.9540886944746823,0.0031751863780989723
1791433711.2085934,5641.775959404,47.94399999997896,-0.5092708828001484,0.08610529036559694,-0.5169210743164442,0.07602242399644772,-1.0117716152006597,-0.15575297490745368,-1.5969211871856914,-2.2078618272765125,0.039099654808529324
1791433711.2335222,5641.800883851,47.964999999978915,-0.4950247554847644,0.07184451625616117,-0.5458765870113153,0.039041338828647784,2.127972452973315,-1.0735616419267415,-1.1128442681493234,-1.3879975082572997,0.05403638030208032
1791433711.2609415,5641.828294811,47.985999999978866,-0.5068713560698761,0.06241185831381095,-0.5619401947566366,0.018365074702689683,-1.4104588521738743,-0.5924810597807011,-0.426897563351053,-0.6211907477265175,0.09736794559776074
1791433711.2868779,5641.854233928,48.00699999997882,-0.5267240956510726,0.04101829596524312,-0.5618559113673126,0.012148166877237234,-0.5686484398192989,-1.756144950248906,0.4006164803350476,0.01013539012865267,0.10336540875634724
1791433711.3122075,5641.879561213,48.02799999997877,-0.5366489979820802,0.0016573560434121368,-0.5441771072302013,0.017812039644402908,-0.4584861408155354,-1.5862282238077638,1.2424853613390117,0.4645287609074231,0.08920564543576993
1791433711.338299,5641.905658476,48.04899999997872,-0.5559398604939818,-0.04742673499310631,-0.5102979636023806,0.0314373608431785,-0.4863049551311518,-2.4517624051740534,1.9676958775159372,0.7685486908657637,0.04231165940448573
1791433711.3634534,5641.930809915,48.06999999997867,-0.5386697371525213,-0.10667696890595736,-0.46188599573300565,0.04943634512843022,0.2220212219387837,-2.548061904635749,2.5436872553352474,0.8892008159834663,0.01730870473273426
1791433711.3898044,5641.957169911,48.09099999997862,-0.5211062498341962,-0.17343937694915512,-0.4065125832717008,0.06935098782017932,0.8979297324075448,-1.959688404374901,2.516873002165106,0.9384999764237696,0.08135462760568198
1791433711.415086,5641.982481178,48.11199999997857,-0.49278812174383496,-0.22637517594827103,-0.3594419118189472,0.08980230085154016,1.8057394150715982,-2.414224274370004,1.7091028292175632,0.8866989947902901,0.09004998473215345
1791433711.441306,5642.008658676,48.13299999997852,-0.44962142699605967,-0.2659281375632187,-0.28918105419081425,0.09785829248577682,1.8525604507443556,-1.3135057477263847,5.570876382601914,-0.4221788003430835,0.09578179063538599
1791433711.4660609,5642.033408875,48.153999999978474,-0.4355576849962309,-0.2805382137668403,-0.2673609909936155,0.09614671642323748,0.2604447611409447,-0.2508713853555582,1.8653892847702063,-0.44208467845165544,0.10054823418840077
1791433711.492721,5642.060070372,48.174999999978425,-0.43617112397569213,-0.2782262558689716,-0.2144164860560956,0.07459488365596151,-0.329680551842435,0.44020503011859535,2.0235754709674807,-1.0913514343269408,0.08607710812457343
1791433711.5212886,5642.088646049,48.195999999978376,-0.4509975990984314,-0.2624829973370815,-0.17137128039598817,0.04852818652249628,-0.9531718975625004,0.966897784047792,2.0326632039781183,-1.3161175600392396,0.05402739618745582
1791433711.5460343,5642.113384028,48.21699999997833,-0.4773747936750607,-0.2381835456821919,-0.14005791418271915,0.01427628983405939,-1.3947075569339031,1.2431245304110885,-0.4451236985095838,-3.6788024424365706,0.029370800573409232
1791433711.5707343,5642.138080746,48.23799999997828,-0.509661904025406,-0.21088725526842617,-0.19868392327936424,-0.03962665012516384,-1.5593537713659755,1.281515280539735,-3.12526017197284,-2.657427232447609,0.022871926807748164
1791433711.595492,5642.162843329,48.25899999997823,-0.5421598095633555,-0.18508005287933582,-0.2711260453585529,-0.07747731810665225,-1.4498887834022798,1.1622030622265807,-3.5977253596509087,-1.5249542452057894,0.0320442208284369
1791433711.6229246,5642.190280399,48.27999999997818,-0.5690791724400202,-0.16188804460567258,-0.36856557754177116,-0.12544725505616666,-1.0627277316868686,1.0129082956595263,-5.968147384033218,-0.9291888805078161,0.04301748696091371
1791433711.6527178,5642.220094627,48.30099999997813,-0.5856551663234602,-0.14114909080029522,-0.4721712311564111,-0.1362996973013817,-0.5114795219209003,0.9258370682615525,-4.018016611673652,-0.5683370462333618,0.009563220398534168
1791433711.6838603,5642.251242614,48.32199999997808,-0.5891826544487841,-0.12154968544325433,-0.5324471687529029,-0.12715821934744323,0.1774223086390958,0.9145269595291287,-2.016214666138748,0.6846265332439568,-0.020668213248771765
1791433711.7109573,5642.278318726,48.34299999997803,-0.5767840210852782,-0.10425716995808007,-0.5396638455534968,-0.0971245722461602,1.0226228398093626,0.7332960301004583,1.6803450009119842,2.6422014933292,-0.0006686484153055056
1791433711.736583,5642.30393868,48.363999999977985,-0.545120108685891,-0.09159509379639412,-0.5092669984764556,-0.0520302820628375,1.9364819706786032,0.40251551148314035,-0.47727379692472754,1.2294765196891397,-0.024978526243553057
1791433711.76283,5642.330186742,48.384999999977936,-0.4965058127956766,-0.08803036673197817,-0.5193510168018075,0.0008105789848404368,2.5632187364325993,-0.14597851200461887,0.4005909664374301,2.3960780576101994,-0.06521898564508682
1791433711.788936,5642.356289037,48.40599999997789,-0.44321442335141775,-0.09584852999469437,-0.5039296170244979,0.08556672875145133,2.44995260112343,-0.5935313113069979,0.7508610123400138,4.7918421952354135,-0.023780395716362878
1791433711.8141232,5642.381470626,48.42699999997784,-0.38894376154041654,-0.10862234354391687,-0.5082984875247696,0.16629422793036333,3.802889601120005,-0.9617250433684239,0.6613192486305286,4.100401378304921,0.06738853030747624
1791433711.839233,5642.406579707,48.44799999997779,-0.3471625611014783,-0.12226949222981098,-0.499543267318927,0.24856913560353489,1.0365964400927232,-0.5176532443785822,0.42097903721685453,3.3823553761597798,0.11409758925022644
1791433711.8645947,5642.431953887,48.46899999997774,-0.2976798152431724,-0.1234635591123089,-0.5024045448158702,0.31062724973235456,4.422754969396935,0.46368731981007016,0.42366716551292494,1.7866671170710662,0.12939930157659468
1791433711.8908212,5642.458184985,48.48999999997769,-0.2598475819947874,-0.10979115620938601,-0.4656728920989959,0.3471035110899406,1.6242440036713592,1.1898639292441477,3.1827769635013747,1.8210978694739999,0.12136756851024313
1791433711.916813,5642.484208626,48.51099999997764,-0.22081884047429817,-0.07603033898325458,-0.4586928044565473,0.34845674618052475,1.9159387936769126,1.884883718554794,-0.35628755692306957,-0.7337866123469075,0.0821323579389202
1791433711.9449215,5642.512300354,48.53199999997759,-0.17995396173046052,-0.03337258684014688,-0.473543866900392,0.3201617092457629,1.9554347582468266,2.0417162532111326,-0.9667848523915672,-1.8589389669682022,0.09297736879875344
1791433711.9706917,5642.538065145,48.552999999977544,-0.21251871795065277,0.04358621611507301,-0.49967809670214375,0.27166786143864746,-3.3098276156132114,1.679701756257213,-1.3607160390611044,-2.646316267289947,0.05761883089251202
1791433711.9993799,5642.566751922,48.573999999977495,-0.28050894902252943,0.07169855450763019,-0.5303264981287794,0.21193268337062324,-3.1572986563314296,1.2879816222379883,-1.3990075854133905,-2.95194084542561,0.07582782737360003
1791433712.0265172,5642.593880877,48.594999999977446,-0.36361120826409565,0.09684492038503476,-0.5573100238768592,0.15106273928572994,-5.436346071134335,0.10910277140768179,-1.0489804527864854,-2.7225783455268133,0.060730486131960346
1791433712.0559,5642.623252285,48.6159999999774,-0.46870377852319867,0.09713549399784639,-0.5737496104639135,0.09882101308853371,-3.430685257873034,0.02194712350404617,-0.4973896343666302,-2.17718853327402,0.09073127316323257
1791433712.0819728,5642.649322209,48.63699999997735,-0.5155227180515437,0.08833194516094801,-0.5761462776121594,0.060197288222327394,-0.8516637106192377,-0.9036625096044819,0.22415105953717945,-1.4730634360742643,0.11485328842732882
1791433712.1070662,5642.674413512,48.6579999999773,-0.4931781334056392,0.05530669425597234,-0.5615158094524352,0.03657092165253754,1.6213662706313898,-1.2085386467280754,1.1136913861134747,-0.7633591450362426,0.1374800404337236
1791433712.1354887,5642.702850031,48.67899999997725,-0.5018503976371296,0.035686093115893845,-0.5279375585248282,0.027043345260137918,-0.992736073979412,-2.6924200882319145,2.0312059060484424,-0.15892068841414234,0.1774543376682208
1791433712.1653361,5642.732731669,48.6999999999772,-0.5056837964777648,-0.01386636627609431,-0.4782677335636518,0.02955550238191476,0.10669102760893272,-3.4564821774549204,2.6706403986755007,0.31215466782871004,0.1868893107501503
1791433712.197411,5642.764787997,48.72099999997715,-0.5002990821087689,-0.08601035191389855,-0.41852263063121764,0.03940468518917761,0.16148069874751844,-2.828507190282211,2.9256731383766237,0.5847893299736973,0.16432689347436386
1791433712.2234173,5642.79077177,48.741999999977104,-0.5092945134187815,-0.16614550104747403,-0.35737731695196856,0.05208515276553043,-0.02143105450047683,-4.215935693310768,2.8795633400693044,0.5589208078475487,0.11035829486533869
1791433712.2515557,5642.818923654,48.762999999977055,-0.4926923996213863,-0.25668850007221794,-0.30166729304986944,0.06394198365965488,-0.07432342337240283,-3.4845148736603306,2.5333117334990956,0.6194442142982246,0.11678881677759832
1791433712.2773914,5642.844759576,48.783999999977006,-0.5059064398574017,-0.3104041538957524,-0.2597236927231746,0.07492661688943637,0.12394719412180018,-2.061506626830047,1.6454041864968048,0.6998735540187642,0.15413600697515706
1791433712.3026674,5642.87003001,48.80499999997696,-0.48699573319584855,-0.3415394863238473,-0.22487204528216115,0.07916835721411226,1.667551601065316,-0.7575843564835885,7.639804894731341,-0.5639329332387119,0.1957926210295828
1791433712.3279717,5642.895324042,48.82599999997691,-0.4860242202366408,-0.3374985751831932,-0.1788875061150762,0.06411186589136017,-1.1227220592153107,0.8419030425727724,0.46704236291489964,-0.7258464124175518,0.20769645985931803
1791433712.3558996,5642.923251489,48.84699999997686,-0.5155987880654345,-0.31054923066478973,-0.12809323813306536,0.033183401823912224,-1.7080199871966357,1.6399512318551734,2.880406999471631,-1.8922240823282657,0.22263614995414105
1791433712.3838203,5642.951174261,48.86799999997681,-0.5557136942957397,-0.270566830061736,-0.07250692114246737,-0.0075548571724617045,-2.1346403672173784,2.0447712864487264,1.8603512937088247,-2.961648548098754,0.20969480896065018
1791433712.4109027,5642.978255805,48.88899999997676,-0.6018545085132814,-0.22652325629896775,-0.1252265596163929,-0.0782837462175066,-2.272780896312093,2.07408666206475,-4.065006433997451,-1.1036957789196242,0.21271675523412387
1791433712.4399629,5643.007320055,48.90999999997671,-0.6487597154734817,-0.18471164759611194,-0.2004772863676679,-0.10126373719316634,-2.1956897481180855,1.9008263313832847,-4.358787208920003,-1.1640557147724113,0.2053559045017292
1791433712.4647484,5643.032108997,48.93099999997666,-0.6915912446873509,-0.14833014650843385,-0.3309684047847193,-0.11713206976603942,-1.8150871294342088,1.5950222826316616,-4.346222263401428,-0.1225466733948826,0.2421142278468863
1791433712.4915264,5643.058949476,48.951999999976614,-0.7225481635719123,-0.11721614293031449,-0.4776723773460786,-0.11770704054849761,-1.1562032089534189,1.3910478389790908,-6.394781033454731,-0.4695490558803398,0.23537745901927662
1791433712.5181503,5643.085512756,48.972999999976565,-0.7388569326403858,-0.08822058588330522,-0.5724089869224795,-0.11663816508338441,-0.39327012252513416,1.3404141440508113,-3.2063294768852075,0.9336914367617835,0.24550377098848022
1791433712.5458727,5643.113231163,48.993999999976516,-0.736857232032093,-0.0593749854954759,-0.6057245397657444,-0.09787543970669227,0.5140817284359087,1.3784255525874887,-0.29504868786372296,1.3593957159666263,0.23798249848415756
1791433712.5735767,5643.140937609,49.01499999997647,-0.7136879704091096,-0.03012609956002875,-0.5792867716237435,-0.051086857607167496,1.6080429233659979,1.3700886981204015,2.658305068475313,3.3273181157162033,0.2021590636766665
1791433712.5990562,5643.166405978,49.03599999997642,-0.6661014168352651,-0.0029487985759404753,-0.5503601953743792,0.012804042169335256,2.825401945677678,1.1550762066235802,-0.7258351874323299,2.143766208403476,0.11796644727724546
1791433712.6247313,5643.192091008,49.05699999997637,-0.5972072700922121,0.014518879302950717,-0.5602723903950838,0.08685576354512055,3.593966326277554,0.5215414478317233,0.1984657050644834,4.903866536630505,0.14795762402616333
1791433712.6497505,5643.217118307,49.07799999997632,-0.4968065680988666,0.021201038168272696,-0.5515343459250567,0.1906847391253577,11.639073509795312,0.0715503749987405,-0.2029318965330286,4.694076876594175,0.2358404121306342
1791433712.6755128,5643.242899903,49.09899999997627,-0.42917803058359644,0.004779062539498321,-0.5554513103594041,0.2567234659782451,4.292496972652227,-1.0146880979386328,-0.2730219751949392,3.812989625026641,0.297321703881993
1791433712.701546,5643.268911429,49.11999999997622,-0.3443940319865326,-0.01729527633083358,-0.5809083903207836,0.3321571168214028,3.6970488535949637,-1.128723295139598,1.1139898167473008,3.450826580048764,0.2958365826784268
1791433712.7319348,5643.299302081,49.140999999976174,-0.27809778674998586,-0.03894831245897137,-0.5441653174891822,0.40237392624293244,2.50934187598289,-0.8821163538552083,2.526392336872938,3.328774569069761,0.24551641399633156
1791433712.7571335,5643.324487679,49.161999999976125,-0.20963199907404498,-0.05217070388481384,-0.4846543556942875,0.43794693442405425,5.408055769049169,0.07613253880092369,3.0077816783048545,0.2654240993827165,0.20574880387339659
1791433712.7823732,5643.349725754,49.182999999976076,-0.17591795644639358,-0.05215922275244439,-0.4379533939224318,0.43938985696657423,2.0539326317837223,0.0529150657402217,1.6547348371214183,-0.18020302414995243,0.17706538664906488
1791433712.8071368,5643.37459744,49.20399999997603,-0.12701581643585458,-0.02995064640272021,-0.4114510697957953,0.4138999991180949,-0.40583368360534655,3.459235747577428,0.5887948849426142,-3.2706969744531964,0.1939459119658297
1791433712.8341033,5643.401475196,49.22499999997598,-0.18744644443391761,0.016638636319370546,-0.4068588189144061,0.3319478659317575,-3.100202000730263,2.2012373092034956,-0.24901081682364265,-4.309311643057703,0.1976623341247431
1791433712.8638964,5643.431261386,49.24599999997593,-0.2606269621843128,0.038870843185874755,-0.41670223248731025,0.23653262988593893,-3.93157393772942,0.9802163435511335,-0.7692120876213097,-4.5805070211899315,0.215524052761605
1791433712.8908985,5643.458259833,49.26699999997588,-0.36178928977067676,0.07609676227284026,-0.43654056856776174,0.14328372063451975,-6.497985559865396,1.6039269153399909,-1.149880306090582,-4.205036893755814,0.23130898311105236
1791433712.917959,5643.485343531,49.28799999997583,-0.46652476856388814,0.09920607784881465,-0.4624217880988525,0.06457991613534948,-3.061912786347784,0.7268531065890462,-1.3194280504944276,-3.316761016847618,0.2647858977428439
1791433712.9508946,5643.518265281,49.30899999997578,-0.5117112687449941,0.11285691369804118,-0.49005949183810665,0.00664373180231366,-0.9434395430514093,0.4565815929341867,-1.2897428708812928,-2.2576278906793794,0.30370292687407324
1791433712.9757833,5643.543147571,49.32999999997573,-0.5004111902786657,0.11052054687718872,-0.5151102992566393,-0.029195650293409064,1.9204510086703104,-0.6121022694442886,-1.0575195272482343,-1.2270580121092851,0.31929667161297
1791433713.0069911,5643.574359277,49.350999999975684,-0.5108509683956227,0.11428860720626376,-0.5332192837893206,-0.044723441978225344,-1.5105550642208407,-0.2050033237421459,-0.6470154670536318,-0.3392292912286666,0.35148348701699605
1791433713.033005,5643.600373011,49.371999999975635,-0.5290018383985894,0.07159365562913807,-0.5425200723566203,-0.04102124714565104,-0.5890117732499291,-1.5682509378016058,-0.030238527822080682,0.20216457620466785,0.43021103310782094
1791433713.058646,5643.626025932,49.392999999975586,-0.5615017958594614,0.039698695469083965,-0.5319790527063885,-0.020023950135131304,-0.7957153881281884,1.07186663081337,-0.03528823992014363,-0.5915193312920682,0.312338642481979
1791433713.086302,5643.653732963,49.41399999997554,-0.5839042067493685,-0.02989778933068461,-0.511767984470287,-0.0013551335510040867,-1.3516466129313114,-2.9454340668395065,1.0976725441153272,1.0380018111861748,0.2034772235713955
1791433713.113525,5643.68090054,49.43499999997549,-0.5859508662941375,-0.0781657801256854,-0.4703679993862484,0.02626787478266141,-0.1260010564755979,-2.024058916270586,2.390611651443227,1.398320867944347,0.16182176326353018
1791433713.1438606,5643.711235232,49.45599999997544,-0.580274528842079,-0.133843401300154,-0.41482944793047694,0.0543625312746184,0.48308082501628247,-1.3373232016849508,2.787250503372311,1.2548034273949649,0.21184756570218477
1791433713.168843,5643.736792291,49.47699999997539,-0.5585546947422091,-0.17085659853713284,-0.3575688922968428,0.07878557009608148,1.4841100320975908,-1.9347542327069023,2.4857619985874284,0.9451189870709736,0.2552969605598755
1791433713.199247,5643.766622165,49.49799999997534,-0.5278104394316857,-0.20473081417472355,-0.3151654811170496,0.09418349520519398,1.3297131793287438,-0.7830210031509605,1.4374520048435486,0.3986559165927105,0.29846971609271505
1791433713.2289941,5643.796378385,49.51899999997529,-0.4941686092533075,-0.21649241584394086,-0.2625247950317225,0.09124155003936187,1.384765425229025,-0.35989004483933584,5.150978121371491,-0.7961814884559354,0.3517579743021515
1791433713.2551951,5643.82255759,49.539999999975244,-0.4647846510099187,-0.21834316621619965,-0.24930117891152084,0.07021506809122789,1.1024506718147187,0.21405959202417968,1.0543822347313958,-1.5375748464286794,0.3767383677595527
1791433713.284941,5643.852311681,49.560999999975195,-0.44943906082213264,-0.20702076653638424,-0.21970158774286444,0.016113703630106,0.3990820576666145,0.8198431979863436,-0.7709530100231518,-4.464086053873631,0.3631537388578945
1791433713.3104548,5643.877823842,49.581999999975146,-0.45044850449502405,-0.18318468566730498,-0.280391015718943,-0.03212703258421256,-0.4407767803404419,1.3669467393452612,-3.3570014610342174,-0.6753559569724766,0.35255710928690887
1791433713.3363247,5643.903675994,49.6029999999751,-0.4664607136907429,-0.14942753236856166,-0.34607760859596903,-0.056141467881867115,-1.1522122461519355,1.8424409586552088,-3.0225256173457145,0.006306584139337407,0.33872590493277127
1791433713.3626113,5643.929965441,49.62399999997505,-0.491467489240591,-0.10915370766554126,-0.4269609128419651,-0.06582024368788304,-1.2879082018656347,2.072452446037987,-4.416697390009398,0.02498341229808057,0.3682387165460161
1791433713.3882036,5643.955561815,49.644999999975,-0.5163589206667542,-0.06515155025606713,-0.4843611811534474,-0.0661530076820179,-1.0530817770545098,2.1883181092827337,-1.1615483238202609,0.25346565455377745,0.40173933277107826
1791433713.4133182,5643.980685497,49.66599999997495,-0.5339792972340726,-0.019620154469271452,-0.5177354743513808,-0.026554771868601914,-0.5254794099841653,2.1636738952341483,-1.6540753039038476,1.3753488955825732,0.3333186063206186
1791433713.4385536,5644.005916028,49.6869999999749,-0.5379679552801843,0.024004858233699376,-0.5322104570895965,0.0432376494218488,0.22947393625196358,1.9770903796600146,0.18860955694946868,6.050134294721466,0.3091087243497115
1791433713.463558,5644.030915279,49.70799999997485,-0.5230615198674005,0.06275786696448403,-0.5252206134579775,0.15531738398118264,1.1678139703320372,1.697872654320874,0.18576563378103483,3.327833718041725,0.28407596282517555
1791433713.4940534,5644.061437007,49.7289999999748,-0.4887704678004108,0.09352761650272902,-0.5267764252682507,0.28867807710848176,2.0077232660367006,1.2667397310078545,0.17004013024753742,6.0139580680234905,0.2801260828506693
1791433713.5250442,5644.092410005,49.749999999974754,-0.42416421065559656,0.1220329704751378,-0.5081660195157187,0.39244001383488064,9.727890611189235,2.919452230772847,3.4748613379524427,4.984756054626606,0.298857072791485
1791433713.5497751,5644.117128497,49.770999999974705,-0.3645059006676236,0.135294041508218,-0.48454734677536027,0.43880010317438434,3.5994846227777337,0.604410072133847,0.20911811670811892,0.25745436730028814,0.2913429903134008
1791433713.5745547,5644.141904822,49.79199999997466,-0.2706544355077604,0.14574301597908113,-0.4607511930860143,0.4419300606604472,5.310692018638848,0.9842750258506207,1.6033610967010994,0.02932882806751702,0.25923447066480887
1791433713.5992897,5644.166638528,49.81299999997461,-0.19478175258260128,0.15501903587323565,-0.4360549268509992,0.4368760781145627,1.6903953755181655,3.3337709890006253,1.3375606742301531,-0.3214132491911724,0.18576020426780174
1791433713.6286619,5644.196020682,49.83399999997456,-0.24488939590750305,0.1852246574730657,-0.4045350184875923,0.37018525572473976,-3.4717523755414446,-0.19978408449208734,1.3247543567214073,-4.0958435107555715,0.04649192530908735
1791433713.6539483,5644.221299162,49.85499999997451,-0.31420219371012226,0.17769578748390957,-0.3815802640601071,0.275945785422152,-3.409953453802358,-0.4675113531880171,0.8653583926617123,-4.718032462205287,-0.02353755314081041
1791433713.6791008,5644.246501447,49.87599999997446,-0.3927988929556557,0.16129098926255453,-0.37259339173962824,0.1772675859021315,-4.6714931950748575,-0.25308790851564916,0.13580575989674232,-4.5205080965784985,-0.04588427851270718
1791433713.706129,5644.273538814,49.89699999997441,-0.46166405470372207,0.15685064893711012,-0.38032236681803205,0.08867835901348943,-2.3334202567746183,-0.19365242819049722,-0.7466043066932335,-3.831749633102471,-0.00820030242459345
1791433713.7326164,5644.300006635,49.91799999997436,-0.514271197207641,0.15406466086076387,-0.4056792981665888,0.017645626153257224,-2.361105032315912,-0.12302958112905225,-1.5528560927749424,-2.919137175965214,0.07243753155341477
1791433713.7580323,5644.325405877,49.938999999974314,-0.5536871697273364,0.14491936533922575,-0.4453740107530243,-0.03346317376221999,-1.5619225769364795,-0.9313167078377522,-2.1087139928284606,-1.9623184286364728,0.12476354718030723
1791433713.7834852,5644.350841348,49.959999999974265,-0.583122256045082,0.1198186383907161,-0.4928843734513619,-0.06482034370937327,-1.3819936916127074,-1.5559390565658888,-2.3470256198234414,-1.0479343887479795,0.14521390852209073
1791433713.8161576,5644.383522306,49.980999999974216,-0.6079804435030002,0.10243343386442577,-0.5403362867744416,-0.0783267924155067,-1.0928877930285412,-0.8056872514386358,-2.1719967337279193,-0.26557489478605856,0.1538865636061828
1791433713.841244,5644.40859296,50.00199999997417,-0.6261678870620374,0.08347675009917731,-0.5810663881027457,-0.0725071442412035,-0.8121439491009013,-2.3129971711867268,-1.5859658514232984,-0.12457540070697948,0.18735136550227188
1791433713.866418,5644.4337667,50.02299999997412,-0.636130950473349,0.054116336914454506,-0.6010257670209067,-0.06820945752845303,-0.05724440824440305,-1.0568790320073298,-0.5711357953148962,0.49134114829848813,0.1735197137683073
1791433713.891948,5644.459315095,50.04399999997407,-0.6308386107066211,0.03426654694008514,-0.5744627459537585,-0.05386384393634911,0.2056374951760265,-2.6111043748725042,3.231635886297206,0.8203654640998195,0.09033998117583102
1791433713.9168952,5644.484250891,50.06499999997402,-0.6249414438936899,-0.03776983553240018,-0.5448859668770686,-0.04324159169386124,0.7593140144003928,-2.0163324973223586,2.7279273251059513,0.628738491849078,0.0770850262762009
1791433713.9421299,5644.509482291,50.08599999997397,-0.608240697280188,-0.09377359743349466,-0.48073064919225195,-0.02919559065713804,0.8709909004556824,-2.7531388935809935,3.3911352077800836,0.6667275590186607,0.0533953170626457
1791433713.9672458,5644.53460323,50.10699999997392,-0.5815334475554654,-0.1510676399571226,-0.4052406455713889,-0.01609273416139064,-0.08644515973984307,-2.27334722140159,3.704225733687758,0.5669331435640971,0.05501514936174458
1791433713.998911,5644.566261975,50.12799999997387,-0.5684134161289487,-0.18440295168534132,-0.3299250463214033,-0.005699899918059111,1.176360362043859,-1.615196586432589,3.4257685711018526,0.5306353707531394,0.07860523924665687
1791433714.0252776,5644.592631152,50.148999999973825,-0.522934937129024,-0.20950895486176407,-0.265033828150285,-0.0004136366521044312,2.9098151300486736,-0.5713109917779985,7.096047409661537,-1.8927011961548699,0.11650140221143072
1791433714.0500667,5644.617415265,50.169999999973776,-0.47849884103949764,-0.21350773929117023,-0.18420341735353093,-0.006388777742925917,2.1426749753471173,0.025866539061168547,2.1975745639452966,-0.03419269479038051,0.14195985029954028
1791433714.0749402,5644.642299234,50.19099999997373,-0.437335090777236,-0.20818329747740433,-0.1141524811009043,-0.0354990705384365,1.6727957815385,0.46663341553138804,0.37486977960208423,-4.507397244467312,0.19571181796065434
1791433714.0996528,5644.667010846,50.21199999997368,-0.41385207490397063,-0.19318261306115594,-0.17501787315190895,-0.08576308106317736,0.6135512780061483,0.9019291706723916,-3.6455270379790603,-0.8363622798030873,0.18488688355384894
1791433714.1260035,5644.69335616,50.23299999997363,-0.4156539187091103,-0.16879776210222133,-0.24605786510223215,-0.10724615871073706,-0.6520995364621565,1.377239647254951,-4.42394138107363,-0.8601205408022825,0.18110487828322758
1791433714.1549644,5644.722350092,50.25399999997358,-0.44228601287922586,-0.1360665079402003,-0.3667084112645886,-0.12935744092196855,-1.669679152650043,1.7039374997065648,-4.200657656686113,-0.47664465676485523,0.194808380485926
1791433714.1805763,5644.747954712,50.27499999997353,-0.48508349686987456,-0.09769861638757935,-0.4696745436518198,-0.14153124965433417,-2.2359286561618257,1.8917857478060938,-4.004136273196442,-0.9266333978354535,0.21153345129597673
1791433714.2150192,5644.78245174,50.29599999997348,-0.5338960414920455,-0.0573106487785874,-0.509049234166828,-0.14390245536611124,-2.3167300890578244,1.8995348198017459,-0.25967647931334137,0.4967260084313092,0.23020088102190533
1791433714.2420104,5644.80939435,50.31699999997343,-0.5797091604323303,-0.017700504329323824,-0.5350804918186561,-0.10654174068879126,-2.0022770374700176,1.8408078641600647,-2.1822797553311277,0.8253567259814748,0.14760685065332724
1791433714.2744985,5644.841929163,50.337999999973384,-0.615035076398945,0.019888637131425187,-0.5737361050663421,-0.07150798989393113,-1.3840808128755824,1.7359684743581019,-1.6133723083483755,2.1576544558476614,0.13204993362862102
1791433714.3002155,5644.867587194,50.358999999973335,-0.6349311341153878,0.0546376056904393,-0.6083955377630473,-0.002367548457378878,-0.5402048474455468,1.581503292544351,-1.2765936711426435,3.5672714955284097,0.16826688140794252
1791433714.3255801,5644.892939946,50.379999999973286,-0.6342789573926532,0.08676675382450223,-0.6290733804442218,0.06065067922684835,0.5067227354411324,1.4553315236789401,-0.9676628475205427,3.2518097913386588,0.188419312123628
1791433714.3581598,5644.92552364,50.40099999997324,-0.6102570549950961,0.11702242542627413,-0.6382402739816783,0.12235893811822704,1.6759923763672355,1.386799721751868,-0.21434489167469373,2.5503827728004644,0.20761708205966448
1791433714.3832161,5644.950588096,50.42199999997319,-0.5635331958327907,0.14458280602637247,-0.6396054247858661,0.1921990898499197,2.719690025423948,1.191012443802216,0.23054557850756785,4.398597150690082,0.192711320439461
1791433714.413934,5644.981293362,50.44299999997314,-0.5006117096968924,0.16411573967451792,-0.6186224660722278,0.2562266063030721,3.2589027217253643,0.6878228588144768,1.4989833132435597,2.9364143703005396,0.1783204582746142
1791433714.445692,5645.01305975,50.46399999997309,-0.4324868154182311,0.1702045385272395,-0.5797690187728408,0.3142749441592841,3.2770320591612796,-0.08596264385087198,1.9943855650427285,2.4979299408983087,0.1673947144366183
1791433714.4711187,5645.038471449,50.48499999997304,-0.35398251871071673,0.1657611183260225,-0.5335111629143329,0.3532851429269537,3.312658416456859,-0.6640518350967934,1.8690026277926821,1.1431584085930462,0.1661128123360516
1791433714.4965258,5645.063887779,50.50599999997299,-0.29031020916109906,0.1555322148115042,-0.47356626259061196,0.38691034925883966,4.029193474632765,-0.1457784341661151,3.256956297718475,1.2714115286679057,0.13042885139631955
1791433714.522908,5645.090264979,50.526999999972944,-0.2196440294597952,0.14850464756993115,-0.4188664405473647,0.39575551425978317,3.2935205923798287,-0.36582602630433647,2.2183357240789707,-0.24620257711595778,0.06913456389347328
1791433714.5512142,5645.118579607,50.547999999972895,-0.14400226908502597,0.14240540268242968,-0.3863831145051616,0.3747193204787605,3.604099790391804,-0.4556855594088966,0.9406942118748876,-1.6515218727339815,0.09300639386428484
1791433714.5765011,5645.143857381,50.568999999972846,-0.17155231129708498,0.14791105044790293,-0.3802540563159005,0.3274232095453259,-3.4332631538388276,-0.2547107398421181,-0.29559553233539204,-2.7522648963368024,0.10369225208275958
1791433714.603979,5645.171329827,50.5899999999728,-0.23539055026372308,0.13455974468129991,-0.39835410737154403,0.26091135547725186,-3.587319035879997,-1.8531525687665356,-1.3159719720499428,-3.4184952095910726,0.11866990568324252
1791433714.6289008,5645.196255429,50.61099999997275,-0.329255827028485,0.10871874822729924,-0.43266205989146544,0.18850631079362937,-5.423994483149008,-0.4417805067200353,-1.8403107964558159,-3.360223432292563,0.11813959959174869
1791433714.65469,5645.222044223,50.6319999999727,-0.45762111274674244,0.10244382562634678,-0.47428026247941013,0.1225227406195318,-4.1544115778553765,-0.17133534302741527,-2.0298424793823417,-2.8763515253548357,0.1278617061080079
1791433714.6797793,5645.247137982,50.65299999997265,-0.5156708775749168,0.10526934836420049,-0.5164005388660275,0.06903044326243732,-1.5531258469813705,0.2769353199386311,-1.917292234670853,-2.2152989075050824,0.14658555660576353
1791433714.7104695,5645.27783555,50.6739999999726,-0.5149171431338411,0.10727107875655874,-0.5528039657403935,0.030180320164238293,1.4075455547611946,-0.14501443670264696,-1.5266409909095635,-1.500388901260585,0.17487391824348392
1791433714.736043,5645.303415398,50.69499999997255,-0.4923705193776681,0.10366080911706586,-0.5780318068883324,0.006677954413638059,-0.8149093459740269,0.08416520463738694,-0.8742779269860871,-0.7658259936559294,0.2345568934194428
1791433714.7623339,5645.329693066,50.7159999999725,-0.5144358317325965,0.0954902839847641,-0.5884382168563463,-0.0013492538410685025,-0.7315089572852221,-0.8500451604590771,-0.1166918196943572,-0.061552562110424654,0.2516259958123118
1791433714.7873113,5645.354684724,50.736999999972454,-0.527244573509729,0.05332775871066208,-0.566326848725453,0.012708728428691583,-0.16180848746618717,-0.5333401130507389,6.083042951331643,2.6990641962643025,0.20482575698185146
1791433714.8126752,5645.380042127,50.757999999972405,-0.54228462657412,0.0018209999137020552,-0.5517333345591717,0.022711488629093356,-1.7606836223218008,-2.01108953945094,1.6002820571826328,0.9979845893161815,0.1392782390712785
1791433714.8398716,5645.407218003,50.778999999972356,-0.5488924731028321,-0.05192050845340597,-0.5057147636987911,0.04635043363409101,1.435179675458889,-3.1223781441833367,2.435941333139118,1.1929730596083563,0.07399013199823946
1791433714.8647635,5645.432119912,50.79999999997231,-0.5297961612205844,-0.12734469386969471,-0.4494216363253049,0.07048896657467046,0.133612597988256,-3.512629384815907,2.815955634632919,1.0905468615122464,0.10778140631845966
1791433714.8959916,5645.463351513,50.82099999997226,-0.5084071604613977,-0.18153676421722897,-0.3901519450830292,0.0916077854508564,1.6401447575554229,-2.9280013170684587,2.7045982956892316,0.8778097685975387,0.15376173186500947
1791433714.920583,5645.48795494,50.84199999997221,-0.4717661633394074,-0.2372469573536877,-0.3420242094431773,0.10778201506978989,1.7411487027255526,-2.093566878833078,1.8591889137955104,0.6924766447677462,0.129678011206978
1791433714.9455128,5645.51286998,50.86299999997216,-0.43406097886578177,-0.26289719192141686,-0.3019970809837997,0.11240105317601362,1.6316891799677011,-0.7744262846009999,7.385613411840934,-0.23785767990732054,0.14164851680142146
1791433714.9704356,5645.537784934,50.88399999997211,-0.4090754780217149,-0.2696464540221457,-0.25825691085151703,0.09656601944814086,1.0384073061965373,-0.0072381333899990685,0.2682196345920892,-0.6144495276399423,0.16151997545770627
1791433714.9994836,5645.56685592,50.90499999997206,-0.396577622558929,-0.26077348927624516,-0.2175044435530655,0.06546339485772489,0.13092381183398408,0.7858177817877938,2.2918017088951093,-1.9183588741799458,0.13249069335966612
1791433715.0247598,5645.592123804,50.925999999972014,-0.4007154548235165,-0.23949184650773603,-0.17888456471496444,0.02371048817267632,-0.6412016308480085,1.246159847238576,1.7869570625924873,-2.053989573942741,0.08030889703141895
1791433715.0495393,5645.616894075,50.946999999971965,-0.4186004882501714,-0.21106403966114834,-0.17558766686109878,-0.04673730241276346,-1.1285530338438914,1.4474551520863315,-2.69715789120606,-3.596170549111672,0.0744578686792041
1791433715.0783641,5645.645717225,50.967999999971916,-0.4454304812022862,-0.18071532963188736,-0.24785325487743257,-0.07875409247486524,-1.4322949278675796,1.4323262479172618,-3.4642985096455714,-1.0990394646787727,0.04937496528120552
1791433715.106876,5645.674229638,50.98899999997187,-0.47686652081889086,-0.15183596560467746,-0.32317202125668454,-0.1015072933134196,-1.5021749110004365,1.3103691292012447,-3.470313756809857,-0.32876311654584867,0.05173403915145106
1791433715.1329696,5645.700323477,51.00999999997182,-0.5059293311481059,-0.12572588567544477,-0.4314941244192012,-0.10097022008774979,-1.247296768846299,1.2004618335757167,-4.832800058971835,-0.02087490589885774,0.05467325483647937
1791433715.1585708,5645.725938434,51.03099999997177,-0.5273851761506382,-0.10086736776024817,-0.49995591913904164,-0.08941811604783821,-0.7888051419568641,1.1536580872048763,-1.6729837515678077,0.9099149745441575,0.05090191830399535
1791433715.1858249,5645.753198067,51.05199999997172,-0.5368347361575329,-0.07718126401662026,-0.5122433237311701,-0.06897129619268616,-0.13081132928030884,1.0687671473941216,0.8233449606040409,1.2674879575767555,0.046891110819982665
1791433715.2124505,5645.779815069,51.07299999997167,-0.5303704280037828,-0.056732974355805925,-0.5150325148066629,-0.043128099453887035,0.7248816022205226,0.8370598482327855,-1.3302685860187209,0.961022061205175,0.005437755822868133
1791433715.2385557,5645.805928493,51.09399999997162,-0.5063318028200621,-0.043780501697264454,-0.5353780867749116,-0.0039263716486465814,1.500390753656924,0.4175956285228654,-0.34199351167380515,2.202246660725749,-0.005069584029164308
1791433715.26353,5645.830885586,51.11499999997157,-0.4688667124437576,-0.04108129983792725,-0.5400270139189746,0.06531640875060642,1.9758193661482255,-0.11511392101820764,-0.13426463617739895,3.3895184956441624,0.01092737503354078
1791433715.2884724,5645.855829712,51.135999999971524,-0.4224875682854596,-0.04658686247260505,-0.5475389423386481,0.12872831782566005,4.376249014149845,0.8216965008234441,0.4559683593061072,3.5377299410943643,0.03664586507419795
1791433715.313378,5645.880750365,51.156999999971475,-0.369835806558546,-0.05762484620991797,-0.5395432893503265,0.21061251676684406,1.7459173338790153,-0.7736512443037978,1.5634843045934503,4.006400042283774,0.04580003448135765
1791433715.3395536,5645.906925264,51.177999999971426,-0.3126691994889451,-0.06540238951204382,-0.5396061882782613,0.27607788486617374,2.433959555472212,-1.0529530073997488,0.25731074272998533,1.9285979989420596,-0.012713894233264536
1791433715.3657346,5645.933278976,51.19899999997138,-0.2519850977424891,-0.06405936307192153,-0.5128166262741803,0.3205873553973979,2.921059885193596,0.3346818066027588,2.3198224078007366,1.9250699924041674,-0.025386427318822215
1791433715.4021647,5645.969539467,51.21999999997133,-0.1980827656511201,-0.05002492817902864,-0.48477177275253897,0.3365661253652017,2.965197961009511,1.1675079415374716,-0.2358044680813227,-0.1236982107097731,-0.07699976234998693
1791433715.4341192,5646.001504666,51.24099999997128,-0.1423799930612028,-0.029333142869991974,-0.49305363891920856,0.32252932234329523,2.306795935967097,2.136182411747518,-0.6474895536455583,-1.1376179147192536,-0.0636340732721526
1791433715.4597728,5646.027138415,51.26199999997123,-0.1814612806870689,0.029859859506084708,-0.5134649155204514,0.2881479538018809,-3.3490682434506436,1.02029767945105,-1.260705544081864,-1.9962073366045028,-0.082231851046545
1791433715.4873405,5646.054695714,51.28299999997118,-0.24861625579000143,0.05065338589221882,-0.5420291900516709,0.24032263080863006,-3.6501386006784067,0.8374722543814945,-1.5151634996053671,-2.483765026723448,-0.07827206718338646
1791433715.5127199,5646.080082668,51.30399999997113,-0.34505990625335364,0.08102899403945271,-0.5702308891742426,0.18933714278812747,-6.369411682409269,1.2806785403012704,-1.2696095741307731,-2.4639579818607316,-0.08998480304883812
1791433715.5377822,5646.105134384,51.324999999971084,-0.4620084919948023,0.08573449452169468,-0.5916283124186801,0.14345910143583565,-3.612131455685702,0.22614895412211045,-0.7932474342292695,-2.0229869913968384,-0.06102562282959821
1791433715.5629752,5646.130324898,51.345999999971035,-0.5155990113614469,0.08492224063216307,-0.6013375889360276,0.10756350825073753,-1.5135355274962803,-0.4710538063681071,-0.1260853473895533,-1.4759335478608653,-0.022544350277902133
1791433715.5895681,5646.156920438,51.366999999970986,-0.5115486719567922,0.06321066205297927,-0.596110750332882,0.08268402210308491,1.7960037061564167,-1.4651503256125624,0.6567352783344546,-0.9497231406226613,-0.007681185234157988
1791433715.6147125,5646.182063091,51.38799999997094,-0.4950151912172998,0.03747737575970799,-0.5730977034291593,0.06804638084204469,-0.9774052900629082,-0.7183955356248503,1.5241183509164464,-0.47059548037450327,0.03756582475485861
1791433715.6394546,5646.206839397,51.40899999997089,-0.5121447366352793,0.003972999917720958,-0.5319751428910453,0.0631533437264498,-0.24167847309388543,-1.8327405042029785,2.308376651670132,-0.0483408257034146,0.04566625705261221
1791433715.6641502,5646.231503601,51.42999999997084,-0.5157416225998867,-0.05418264792291379,-0.4764372321689547,0.06569848323428502,0.06264819770941077,-2.4309554688518693,2.85846464993246,0.2578448498871284,0.01836849448648757
1791433715.695107,5646.262477825,51.45099999997079,-0.5295187610024684,-0.11712780991348488,-0.4136050871869816,0.07232799081365193,-0.29485490974528916,-3.658111485904318,3.0568438686040276,0.40352505667169364,-0.021865719969803833
1791433715.7273068,5646.294677696,51.47199999997074,-0.5338041121954167,-0.19325200753399072,-0.34909763780174974,0.08066602277092969,0.9796978369213307,-4.333908948778927,2.994548575621118,0.39803826689280486,-0.039686839336216896
1791433715.7534583,5646.320825655,51.49299999997069,-0.49133209134600564,-0.277264533318943,-0.289350163485635,0.08881731480185714,0.40469236012531534,-3.5851964957107203,2.4804224189267137,0.3574901140853217,-0.015166341742515488
1791433715.7788925,5646.34625418,51.51399999997064,-0.4853334710298948,-0.3215682479553343,-0.24720260369395416,0.09799304890215063,0.8224781798079006,-1.585218888634127,1.3443104246632458,0.4508041549372427,0.00763769843685775
1791433715.805301,5646.372653335,51.534999999970594,-0.44865183020750604,-0.3444637670315945,-0.22749592402203592,0.10775085410530127,2.381761276869324,-0.6920819481913214,4.860783601554808,-1.0868566572258693,0.04370514340188541
1791433715.8318052,5646.399161417,51.555999999970545,-0.43702923107143476,-0.33369014475999653,-0.17013486503190095,0.0956202402683219,-0.5441153166607506,1.1406761700441252,-0.002364928465046906,-0.38742391663128706,0.07814580055655923
1791433715.8580973,5646.425449563,51.576999999970496,-0.4526830905497672,-0.30334686633607116,-0.1292599806330379,0.0762463189081186,-0.9605654145551207,1.6974497429900686,3.1430416794414504,-1.4046320512446984,0.07654825191167333
1791433715.8849404,5646.452294423,51.59799999997045,-0.47921496216641013,-0.26390914344168115,-0.07480692168212907,0.04934955498681509,-1.4186401128089423,1.9423183792227101,2.5291008845194938,-1.1582273705681883,0.0500319901043493
1791433715.9096794,5646.477032432,51.6189999999704,-0.513432668622813,-0.2235961163307985,-0.11730050188706527,-0.010116582645566459,-1.6922204025922027,1.8301575187332428,-3.266234571432314,-2.441183006251808,0.06226516090653004
1791433715.9350295,5646.502375568,51.63999999997035,-0.5510752863385128,-0.18795500761299344,-0.187681400932113,-0.0416583028462353,-1.8080815259622285,1.5619116984441437,-4.041782838317384,-0.8236173145957933,0.08553530419850311
1791433715.9671597,5646.534518769,51.6609999999703,-0.5881760643052454,-0.15934110256871895,-0.2971510412447215,-0.08474342593553363,-1.6537882388805474,1.1938137003730773,-4.859069907642123,-0.8048031016284388,0.12682879962311078
1791433715.9958935,5646.563284578,51.68199999997025,-0.618489598200115,-0.13627943704026038,-0.4308823438825448,-0.0988352472937183,-1.2344536134248385,1.047450290877717,-5.865886946362319,-1.6815336905324736,0.08849295393818808
1791433716.020601,5646.587957085,51.7029999999702,-0.6377670882594833,-0.11624721434465535,-0.5198794070561801,-0.11314832226644107,-0.6128074808061499,0.9530543442804641,-3.2640879609645825,0.13873863155235353,0.0645897942510182
1791433716.0460718,5646.613424386,51.723999999970154,-0.6428073812658003,-0.09776308412195114,-0.5598409126878434,-0.092644776521447,0.18933840449071104,0.8829653705467221,-0.7843410616738399,1.2471538538677547,0.03910660738511147
1791433716.0745792,5646.641926785,51.744999999970105,-0.6308568483799332,-0.080697557590591,-0.5472057076963585,-0.06554463568170049,1.0493946427603902,0.7453525026986338,2.041047643056085,1.6611587774392698,0.0340356502318712
1791433716.099399,5646.666760588,51.765999999970056,-0.5992191196910065,-0.06790553080631438,-0.5227414016551973,-0.02526842556343797,1.9695676047405022,0.4088411661958418,-0.9613070395130933,1.3092856199149416,-0.006138432837985066
1791433716.124517,5646.691878203,51.78699999997001,-0.549586569829926,-0.0646766343508899,-0.5398547175466935,0.018649800010433603,2.6341500068563395,-0.17334634573510646,-0.29493272589721237,2.832989020979306,-0.005519025309900095
1791433716.1500401,5646.717389857,51.80799999996996,-0.4906964037765741,-0.07405007065692765,-0.5433022809272876,0.0896653264288571,2.8661457235162384,-0.7347078694712396,0.09693123649369595,3.0853877696796066,0.02765860052604015
1791433716.1757011,5646.743056326,51.82899999996991,-0.418887201295065,-0.09175625800582847,-0.5616763229061844,0.15674601723884632,1.9339963555236126,-1.3273528593800497,-1.3926763246902878,3.5889350332651224,0.07647218881601876
1791433716.205434,5646.77280028,51.84999999996986,-0.36672256083949234,-0.11260081957861347,-0.5770800343693429,0.22975205922579162,2.766252456964883,-0.8202399592432336,0.7314178320027761,3.6579513604626612,0.10981069483096721
1791433716.231344,5646.798711525,51.87099999996981,-0.31636364913773896,-0.12617986534144446,-0.5362344906160972,0.30926730037716227,1.8877856723080144,-0.38382430284126406,2.7914442108731015,3.7498106591179874,0.059553255425688865
1791433716.2581747,5646.825543573,51.89199999996976,-0.26026025493054894,-0.12420808690031211,-0.5028955425043923,0.36672062256544374,2.3383380653165187,0.5779313408134694,1.5433963755461542,2.1836753243790366,0.03560727833177405
1791433716.2857733,5646.85313798,51.91299999996971,-0.22033736520547523,-0.10569347251470017,-0.4265873611913926,0.39785508535681463,2.277799102595822,1.2712878806449013,1.9689840100056422,0.6044104281877587,-0.002905097614181116
1791433716.3111537,5646.878515001,51.933999999969664,-0.16837651159447417,-0.07553977741229649,-0.3986608824332995,0.3933553729016307,2.599533215727723,1.4499093057156371,0.7669974212218554,-1.127759243946328,0.004469330739370002
1791433716.336105,5646.903458118,51.954999999969615,-0.16155886588913518,-0.010831892168584375,-0.39421627364159456,0.354875585221004,-2.8030674761038874,2.8215680071358493,-0.20752555928095318,-2.414617173328265,-0.0057291050258612315
1791433716.3619623,5646.929314508,51.97599999996957,-0.2266053567653818,0.0273086296109093,-0.4092372938899744,0.29417168854305437,-3.013401728916567,1.4058028044970647,-1.029189515963677,-3.2427103436866003,-0.012231941366717186
1791433716.388749,5646.956098638,51.99699999996952,-0.3019782427330462,0.05642430526247761,-0.4372774174221367,0.22290525513544113,-3.7812956822217694,1.6838465371376559,-1.486385567356836,-3.432016286791716,-0.013428103860559275
1791433716.41411,5646.981461801,52.01799999996947,-0.42219850078026794,0.0829029023865575,-0.47091664794211036,0.15377646593450559,-5.393194062577941,0.14705474752859823,-1.617825366189224,-3.0511915794544344,-0.0021510932688579136
1791433716.441085,5647.008443163,52.03899999996942,-0.49371882361794733,0.08751067436160456,-0.5038211444587727,0.09604267888123078,-2.574496392069597,0.13005624681463854,-1.4720170297970931,-2.391406825479279,0.038448732757135326
1791433716.4692035,5647.036574768,52.05999999996937,-0.5174855220442769,0.07961440774863891,-0.5302660080360345,0.054023866951547324,0.3217949889065198,-0.8914214377299685,-1.0654218838118217,-1.6058925368529642,0.06446415209373016
1791433716.5034192,5647.07080049,52.08099999996932,-0.49275327030230043,0.057345705803895954,-0.5450376883852791,0.028487963494051593,-0.3132486168529012,-0.41250882506916087,-0.3982302491819838,-0.8500081381935138,0.09100118349088852
1791433716.529133,5647.096501084,52.10199999996927,-0.5140420699419829,0.04032451286686512,-0.5443423861393261,0.018315896914886772,-0.8492792202134865,-1.3056111085436197,0.39413826779197275,-0.1277737641179203,0.12675568113709673
1791433716.5551455,5647.122511811,52.122999999969224,-0.5223955033269558,0.0010412000272280097,-0.527255740057767,0.021225478956678118,-0.22286813833755584,-2.436846824568239,1.2141189183399073,0.3838463052770152,0.11535691152931582
1791433716.5811138,5647.148501885,52.143999999969175,-0.5281577970810343,-0.04739318841201453,-0.4954733366886542,0.03327019427654267,-0.9779417756162264,-3.011501824421855,1.809018475091496,0.679886217493892,0.07783794108591942
1791433716.606469,5647.173846427,52.164999999969126,-0.536779085905011,-0.10191323273553637,-0.45215780040470505,0.05012088827271266,0.031784775584378255,-2.8749376838617975,2.3178427280984684,0.8529354793962596,0.0206473858925319
1791433716.6319888,5647.199344534,52.18599999996908,-0.5111081579747855,-0.1809976533833048,-0.40262303992411486,0.0687932702371137,0.3383103667405276,-3.6936026992462763,2.4510384370715985,0.9060332934310685,0.04281231531655256
1791433716.657749,5647.225102555,52.20699999996903,-0.500952489802117,-0.23150187376296932,-0.35793780150340054,0.08779973724522859,0.9406017244155963,-2.4810591804290616,1.8603687196006216,0.9357570353565487,0.09756439672281682
1791433716.6849077,5647.252256669,52.22799999996898,-0.46666692775484875,-0.2752623817926217,-0.3197248558732127,0.10055813384196509,2.1753133762643486,-1.7934031668768533,7.22589404765963,-1.0294173536743585,0.119088524972011
1791433716.7167988,5647.284168137,52.24899999996893,-0.4491965896525397,-0.29211855063090564,-0.2708445198671495,0.0968220984497748,-0.48717018102272974,-0.05525823644139662,0.31477120041850726,-0.032838990560523314,0.12499940611594516
1791433716.7430022,5647.310371081,52.26999999996888,-0.4646209447991934,-0.28534222550224925,-0.22593082009924184,0.07744431080981667,-0.961904174431096,0.6407998026219478,2.1810013225704923,-1.252717169959309,0.11726079480753429
1791433716.775048,5647.342410659,52.29099999996883,-0.49047926457501506,-0.26570252190671884,-0.18563786508918223,0.0488957206574925,-1.4024400240281274,1.121686304011505,1.9121787718203536,-1.4525821571260433,0.08553387872671692
1791433716.8000002,5647.367358954,52.31199999996878,-0.5236243095208026,-0.239005770482856,-0.14952443901613813,0.01840498601812789,-1.6516089842703578,1.3438153296891624,1.4323464925328602,-1.3894261008253985,0.059490917430825234
1791433716.8288748,5647.396223784,52.332999999968735,-0.5585408604826181,-0.21102082855283294,-0.1849027661543522,-0.0411660775152979,-1.5869411159186493,1.2820656790540406,-3.5128813835643817,-1.3428178430324373,0.06345385856675784
1791433716.8563385,5647.423708514,52.353999999968686,-0.5899756502096839,-0.18624904448083654,-0.2578067679991364,-0.06783683216387304,-1.3324446599928912,1.107254469384964,-3.4738432809148225,-1.326596064135346,0.05109980433348197
1791433716.8820684,5647.449421213,52.37499999996864,-0.6133445647760691,-0.16560701753741325,-0.3443303465702856,-0.1081484933561541,-0.8246889818880679,0.873469329204756,-5.593950961845374,-2.018682066584187,0.07233362874471402
1791433716.9063947,5647.473741963,52.39599999996859,-0.6243022418653126,-0.1486801267660933,-0.45736017094619147,-0.11750650844312215,-0.2122300003190537,0.7253542159514405,-4.4271818123770235,-0.23761720836774855,0.04807910717119357
1791433716.9337978,5647.501148339,52.41699999996854,-0.6211282868906487,-0.13363577953877723,-0.5305803237177342,-0.11956092190604022,0.4650816598791345,0.6537303846630463,-2.7899182267123463,0.43717543628497046,0.013737693739603696
1791433716.961901,5647.529249245,52.43799999996849,-0.6023525099077754,-0.12078427002092781,-0.5582325794973093,-0.09741105461918317,1.2545086666850809,0.5446904190679975,0.13807194748448873,1.4818420173719753,0.01713371599639677
1791433716.986503,5647.553855551,52.45899999996844,-0.564607660297305,-0.11162712342022095,-0.5173806330714106,-0.04519790325287378,2.2572265395426827,0.34020051461596384,1.85669642153948,1.9410773476416048,0.023840928145609192
1791433717.0111551,5647.57851153,52.47999999996839,-0.5077635931052895,-0.10941532442719305,-0.5205786764780904,-0.0010251157309614984,3.0741922468473977,-0.10249661691089386,-0.4676924240293778,2.8425475076370676,-0.03203275220493014
1791433717.0421164,5647.609483206,52.50099999996834,-0.4427317037469703,-0.11746778717177139,-0.5070924391941044,0.06315869739907223,3.0354455094963746,-0.5674783681840713,1.233421264035684,4.132436017448433,-0.02414160029451054
1791433717.0680227,5647.635375819,52.521999999968294,-0.3870484911916291,-0.132533150109693,-0.49029461545518005,0.1494103944116029,2.2922313698921744,-0.7184852656890657,-0.4535950520725427,3.0934038938544632,0.05179263328755256
1791433717.0977433,5647.66509856,52.542999999968245,-0.32726274564876273,-0.1440940047594615,-0.48706505350441387,0.22731524730967087,1.5395656840749177,-0.2539080992638686,0.3589845203582691,3.635499438430371,0.12947485141156573
1791433717.124612,5647.691967965,52.563999999968196,-0.2956700697556177,-0.14724858096242677,-0.47206167339909133,0.29316981901220307,1.1085590929781357,-0.41782475206263714,0.09444830964694562,2.9589781124492758,0.1619699976461402
1791433717.1495082,5647.716864061,52.58499999996815,-0.26262783666595757,-0.13632194624397695,-0.44487438440712995,0.33782132202011955,2.31843318048851,0.7186924804778467,2.7285846717299114,1.3832617163243817,0.17621444637573908
1791433717.174811,5647.742186962,52.6059999999681,-0.2267036428272365,-0.10378140105888033,-0.410494822883994,0.35272727016170013,1.1743666827730568,1.6592493637307946,0.2605535142460842,-0.3519024015192699,0.12836424970702315
1791433717.1997206,5647.767076098,52.62699999996805,-0.19291739246766001,-0.06123932564288168,-0.4134305213082704,0.330971472849842,1.6725835730494905,2.192635000735373,-0.5510685147457595,-1.6123334427060152,0.1315016339884393
1791433717.2287283,5647.796102911,52.647999999968,-0.18529454609776597,0.009917461577844702,-0.43200333285253667,0.2862719829536836,-2.262029370002439,4.265570329481569,-1.197076253605169,-2.5480893311700847,0.11156617269525176
1791433717.2539253,5647.82130006,52.66899999996795,-0.24926324862699997,0.05122793193393529,-0.4612726337635513,0.2264099402601317,-3.124755273391325,1.3365928742450233,-1.5304243775325521,-3.0450819867603833,0.1096262463011126
1791433717.2819812,5647.849354667,52.6899999999679,-0.31729311544681643,0.08387998230719644,-0.4932156683129839,0.1611402418280281,-3.5653674726431532,1.829681363836383,-1.4483510162850486,-3.044594807642867,0.11002080260432896
1791433717.3084671,5647.875827899,52.710999999967854,-0.4213035593634938,0.09022072455807499,-0.5199716338382917,0.10124241055608776,-4.884924052861113,0.13036130450678746,-1.072064903518831,-2.5704934385772917,0.13325571208091813
1791433717.3334398,5647.900790678,52.731999999967805,-0.4923491983950151,0.0906824239397484,-0.5364021489269735,0.054514143232782086,-2.119126592971228,-0.3897109069085685,-0.4903768234965662,-1.8395830029126434,0.16953227288559505
1791433717.35892,5647.926269836,52.752999999967756,-0.502478593636928,0.06894133088457564,-0.5383918772404446,0.024547678531152993,1.2864894810595442,-1.8110848708757379,0.28616069301170144,-1.0393467022502847,0.19833909154540977
1791433717.38424,5647.951600924,52.77399999996771,-0.48214278325737714,0.04916077810618081,-0.5227497252421642,0.011084054815037343,-0.6165883028603575,-0.4947304212928511,1.1966487673350428,-0.3173006779455644,0.22358790312497925
1791433717.410941,5647.978296457,52.79499999996766,-0.49314510754855956,0.009017031264381343,-0.4891879695216785,0.011878329024999124,0.20235002944583058,-1.8389051584221852,1.9478673673651785,0.24108582066575757,0.26672782657930066
1791433717.4363413,5648.003693701,52.81599999996761,-0.48700889080283505,-0.062483774770832216,-0.4426096387479306,0.022255037801265254,0.436304226424122,-3.4196784459508147,2.3952744015915757,0.582583334008171,0.24030876292602313
1791433717.4619102,5648.029263338,52.83699999996756,-0.48871643750539384,-0.13665766676397872,-0.3907858907768705,0.036933460040476145,-0.2394191380613594,-4.49353823435976,2.4183233666252546,0.7579272745674521,0.19210637942239914
1791433717.4863057,5648.053658901,52.85799999996751,-0.48244434143160625,-0.22820874234368213,-0.3414474531076965,0.05110882370339549,1.5603812227289124,-4.2964395185912485,2.184773072763605,0.6179464554356484,0.15514915278390629
1791433717.511512,5648.078867945,52.87899999996746,-0.4967194243520063,-0.2929622368830054,-0.30099442843564084,0.06315547254678029,-0.4509771362713277,-1.8630764080771014,1.5437720142995524,0.513798782414573,0.18368071311136397
1791433717.5368395,5648.104209644,52.89999999996741,-0.49090699237318075,-0.33139838900406254,-0.262096093073113,0.06787300603083382,0.902526748469623,-1.384360883249055,7.30766770123525,-0.5446416793186185,0.21416741067292092
1791433717.5681927,5648.135570421,52.920999999967364,-0.48376130732160866,-0.3374806910614546,-0.21589616024058242,0.0552651529356151,-1.4987828464043358,0.6343421183600706,0.7953507644355818,-0.6612231577434312,0.23386460980644005
1791433717.5953774,5648.162734158,52.941999999967315,-0.5192010735907626,-0.31448192635147415,-0.16370612188419517,0.023522371487758445,-1.9697529303515644,1.5402118693412532,2.8102451694006034,-2.023973124514267,0.24123260258146495
1791433717.6219087,5648.189276718,52.962999999967266,-0.5647347666677587,-0.2762846872964071,-0.10910498456414648,-0.01871053784522616,-2.464188139543055,2.0964813456479177,2.7011773098137444,-2.185336124476687,0.2394569629146095
1791433717.6487129,5648.216084646,52.98399999996722,-0.6157526553706077,-0.23197007643387915,-0.12781950015917812,-0.0932243018525193,-2.5324809980356853,2.1616060954559204,-3.843156725743883,-1.6174002518294641,0.23764485922102607
1791433717.6749175,5648.242300333,53.00499999996717,-0.6658766443699798,-0.18883964916756135,-0.20440273900247832,-0.11525228072779359,-2.3986612557382156,1.9950161567256572,-3.466506278219055,-0.982180292827252,0.2146327642229221
1791433717.7009141,5648.268287788,53.02599999996712,-0.7099601494097216,-0.15020460730029814,-0.31640734399044834,-0.13072606009191345,-1.9266435802829782,1.7629890656417386,-4.706363306472229,0.2794653154626942,0.24644600153263785
1791433717.7268543,5648.294221991,53.04699999996707,-0.7407900238388289,-0.11661269231597442,-0.45691753095244164,-0.12865207435780945,-1.106869720882646,1.5303316756989207,-6.617222203378803,-0.35576606145504763,0.25015701648425853
1791433717.752857,5648.32023047,53.06799999996702,-0.754920636825189,-0.08552272912671437,-0.5568511782540159,-0.12214717579406718,-0.2600336500201229,1.4754216347732936,-3.31159962755841,0.7714196569546484,0.26995843445390466
1791433717.7793612,5648.346733204,53.08899999996697,-0.7495070500895895,-0.054873280194072144,-0.5979096465043925,-0.09953706216196839,0.7678783219972858,1.4648353018146087,-0.6082987826217418,1.6252011213518576,0.26211909742505185
1791433717.8044055,5648.371767343,53.109999999966924,-0.721574414782729,-0.024261331457314118,-0.5774598688585305,-0.04702473645551309,1.9226555064773858,1.4249686598618687,2.3030780156965225,3.5396415757877198,0.2320532708303352
1791433717.8331983,5648.400547911,53.130999999966875,-0.667867522285666,0.0037922939429426896,-0.5410927981616569,0.014639195622767618,3.1577026436539524,1.1550398176775531,-0.4167411166553715,2.447475443457111,0.14514774349900034
1791433717.8618906,5648.429244682,53.151999999966826,-0.5913176020736268,0.021140536032087962,-0.5479350418481119,0.0973709197754652,3.9521393279177697,0.4833250172744626,0.5128932615673482,4.443753966484897,0.15016337943007182
1791433717.8920612,5648.459413659,53.17299999996678,-0.49810097711561063,0.02524181313509721,-0.5287128163105489,0.20041427604964984,9.119174911137772,2.0215180770551995,0.6731975149634619,4.852004422366566,0.2272099754306229
1791433717.9171464,5648.484498463,53.19399999996673,-0.40989489204494045,0.011262644897871436,-0.5334330473777804,0.26786300696815607,4.427285538009699,-0.8129024958029444,1.7540214296585654,1.9585359175096488,0.32586105805041027
1791433717.9441445,5648.51149559,53.21499999996668,-0.32022137079123986,-0.009064004757332982,-0.5427800528729141,0.3458371189587204,3.837632483616068,-1.0009091224877011,1.1699187491260428,3.4377053427250175,0.3195613318991718
1791433717.968816,5648.536166294,53.23599999996663,-0.25140128482363727,-0.029509975718911556,-0.5005442917600347,0.41398547859572876,2.504008922969964,-0.8334859508336433,2.7067173003305154,3.0617560579332492,0.2809407071535725
1791433717.9958951,5648.563254048,53.25699999996658,-0.17301951287458336,-0.038517698042197,-0.4395449302617492,0.43857043346913765,3.1160656771205755,0.40101000299217254,2.73078988113328,0.22333374232615794,0.2237392351228814
1791433718.0221674,5648.589524941,53.27799999996653,-0.13949220873220133,-0.0394326581428643,-0.3905956686012081,0.4379281730713704,2.8046578891384426,0.44372352044015145,1.9197878470274214,-0.2517872606970347,0.18977649988620218
1791433718.0474613,5648.61481568,53.29899999996648,-0.12652628817985836,0.005590264448809898,-0.36049201104042794,0.3969341371739846,-3.036554781870369,2.4253479019579895,0.8499033823522266,-3.544468809902737,0.19214906167616808
1791433718.0788813,5648.646241146,53.319999999966434,-0.20160099390515704,0.02691051628048443,-0.35408532702189593,0.31151022309049237,-3.2434308138041623,1.0973811183380024,-0.11610608048180159,-4.481689719053245,0.1967983868831024
1791433718.1097524,5648.677115646,53.340999999966385,-0.2856221216859452,0.04465767055329072,-0.3662925612738932,0.2158412470390161,-4.040535001146504,1.4173056166390348,-0.9090062921203534,-4.562043497658565,0.2193855447018257
1791433718.1439846,5648.711340649,53.361999999966336,-0.4079255043244365,0.07291891472543031,-0.3932042831345668,0.12488146330481892,-5.791351775113007,0.4465586085250983,-1.5662378829810328,-4.056166500551988,0.24193487307647507
1791433718.169457,5648.736805761,53.38299999996629,-0.48415226224017166,0.08615255608101044,-0.42954245567965027,0.04966335446162729,-2.4691084342556895,0.7434743832758611,-1.8722260192115412,-3.1685502840694126,0.28089700402139245
1791433718.1946583,5648.762009215,53.40399999996624,-0.5068257055949185,0.09534692700577385,-0.4692595149653044,-0.005143942728395684,0.43805976630027565,0.06491878310114388,-1.8710141293857563,-2.1484701780157907,0.31534983859250215
1791433718.219829,5648.787186476,53.42499999996619,-0.4969758501708388,0.09430173653469186,-0.5061416255553816,-0.038733540353706984,-1.2122079439087194,0.2966882561735922,-1.6018826166748286,-1.139544674975524,0.3500964225023609
1791433718.2507443,5648.81813101,53.44599999996614,-0.5284424543793429,0.09183770452860605,-0.5349530750836423,-0.05314940399235481,-1.1974293959668396,-0.45797097282079663,-1.152247286228106,-0.29990637512526014,0.3776286244138602
1791433718.2791953,5648.846565566,53.46699999996609,-0.5481499883883374,0.05864694697208706,-0.5515742259558568,-0.05211886237773465,-0.7648385335705855,-1.7358703403801203,-0.4462382531300015,0.35208990220066627,0.36611065575435936
1791433718.3092914,5648.876666523,53.48799999996604,-0.5684449170024036,0.03924155702366645,-0.5279385974850291,-0.03919802208505149,-1.4007356218240554,-1.3249763056081298,-2.1509199262612158,0.7490071487988508,0.26277305066618645
1791433718.3345811,5648.901936092,53.508999999965994,-0.5744409871343794,-0.013330468386245985,-0.5114258329884238,-0.023131892996680982,0.9599395049799084,-1.8686832678607996,2.203864002144614,0.9601523072919066,0.15737194077658243
1791433718.3595314,5648.926886486,53.529999999965945,-0.5650625372335892,-0.05844403143331176,-0.4597070322783372,-0.002745517663650091,0.13907330027261952,-3.558000428003555,2.7247819794544403,1.0006420369850106,0.18953668812490646
1791433718.3844225,5648.951773405,53.550999999965896,-0.548255081641774,-0.10388171532357562,-0.3987656726219354,0.018457501752156175,1.334326461780925,-2.450425992067375,2.873490118529069,0.9264552488425611,0.24726519203850425
1791433718.409201,5648.97655216,53.57199999996585,-0.5134788870693342,-0.15985820218074173,-0.3431011647687231,0.036352857434833845,1.6853350086903371,-2.480855709496277,2.2224256128823408,0.6475887140566325,0.2670677302902261
1791433718.4408972,5649.008253266,53.5929999999658,-0.4759615446165367,-0.19829077327631678,-0.28073123953421025,0.040728324923613946,2.294158010975247,-1.6209920423142472,8.208420494183118,0.14224291121729804,0.2851112823981369
1791433718.4656768,5649.03303409,53.61399999996575,-0.43873284120810735,-0.22541398026743453,-0.24297049087275968,0.03286068267682954,1.5145078492142903,-1.0057677792609545,1.754570248062989,-0.7492438847794834,0.2975039262430152
1791433718.4926937,5649.060048668,53.6349999999657,-0.4133267461376851,-0.23935554032590425,-0.1909345820413927,0.004001064344208028,0.812912443536721,-0.29448167063834063,1.970847845191813,-1.5035751368859152,0.30088880298825516
1791433718.5206685,5649.088027328,53.65599999996565,-0.4067798611132199,-0.23723768176430773,-0.18856436830667736,-0.06306138645456985,-0.07700148745304446,0.43124653904965976,-2.6268830066979927,-3.5620430719668867,0.27718853666737014
1791433718.5468419,5649.114201475,53.6769999999656,-0.418986960489152,-0.220515820487283,-0.2564139148439826,-0.09431663728258456,-0.9274255632122325,1.0834307353346682,-3.2238260080369048,-1.1371191545134134,0.23749148016333047
1791433718.5731018,5649.140458284,53.69799999996555,-0.44561566016339427,-0.19211118629451387,-0.330707482795208,-0.12334364740528937,-1.4371669107435416,1.5250822225420297,-3.3440803081012667,-0.15835630596333275,0.23909249154920567
1791433718.5982904,5649.165643794,53.718999999965504,-0.4780327907228734,-0.15608600083672342,-0.42805191970429546,-0.13194255649915126,-1.5230924114707192,1.8220444139934993,-4.7695804247964455,-0.5794484465535537,0.2543479527618588
1791433718.6230457,5649.190401437,53.739999999965455,-0.5080421382598425,-0.11534993801916733,-0.4826379064219837,-0.11719035480231278,-1.3010814803767774,1.99208501340804,-1.0812599711284219,1.6397453106507898,0.27458919453461283
1791433718.652785,5649.220151602,53.76099999996541,-0.5285032424529936,-0.07261212735696934,-0.49463214892507823,-0.0512011521443005,-0.6944394520936251,2.0124335427112183,-1.3683946026524578,4.175432902534034,0.2276980940539866
1791433718.6786575,5649.246020512,53.78199999996536,-0.5317833965210607,-0.03230735300201644,-0.5243460899852905,-0.0026811469561449407,0.2634554865668124,1.7645039054190637,-1.2160632018848925,3.277393265032332,0.16514702032235312
1791433718.7045367,5649.271890408,53.80299999996531,-0.5153231573894791,0.0002718016371569265,-0.5401089646856921,0.10340040574923276,1.206992404141389,1.3291209842666918,-0.3025287525423277,5.146639802579623,0.18009917370349132
1791433718.7294285,5649.296795707,53.82399999996526,-0.48130203158417245,0.022838940511710835,-0.5457532064304671,0.20318408455334588,1.9626796434144174,0.9286033954863173,-0.12924744973416874,3.7485313684321224,0.19598169035135876
1791433718.7543898,5649.321754164,53.84499999996521,-0.4184301817709882,0.039360876613979134,-0.5462807123573656,0.2872005503129284,2.93995794626205,-0.6851949253344469,0.2872552666099516,4.400629740773727,0.20107386157871304
1791433718.7814531,5649.348823804,53.86599999996516,-0.36877867268696596,0.046670057651307766,-0.5407612753351712,0.3735283972046265,3.2288725195890597,0.3041830631808699,1.812826844382783,3.5259015065453374,0.1844202746867436
1791433718.8093052,5649.376689962,53.88699999996511,-0.3069749316019449,0.051526053237569244,-0.5380449638854092,0.42256943018491294,2.6838802360447596,0.11075485324426992,-0.11790772113936104,1.1861259330835194,0.15175428931938018
1791433718.83507,5649.402440469,53.907999999965064,-0.23244704307556993,0.061218131515541556,-0.5244149664629155,0.43617103457594075,3.7129685408624304,0.7234080021526883,1.53271241460979,-0.03488322559265735,0.11421520841364016
1791433718.8608336,5649.428208119,53.928999999965015,-0.17113779090327133,0.0722106190400485,-0.5105558124661922,0.42270159081935177,3.0025464409505167,0.6509759254900724,-0.48201411513255293,-1.3938665551721257,0.04133332295316754
1791433718.8871672,5649.454532765,53.949999999964966,-0.1310404744203069,0.10935558615869045,-0.525488848602326,0.3817210363735439,-2.0403300138566487,3.2815910157982184,-0.9271559203665167,-2.4602955297958253,-0.012999812085022544
1791433718.9133146,5649.480682718,53.97099999996492,-0.20616236543638358,0.12688729543211041,-0.5510982931712709,0.320186887763902,-3.5328217598758576,0.08045006560275991,-1.3936157965003835,-3.2597482328336396,-0.04203390059360833
1791433718.9395423,5649.506917481,53.99199999996487,-0.28858941237709973,0.12313768356473169,-0.5836238775683819,0.24714938454974822,-4.448216793255423,-0.044550989039809225,-1.4984615887197157,-3.484954875994987,-0.07621268334711936
1791433718.9655092,5649.532876846,54.01299999996482,-0.4060157833315759,0.11833510073930172,-0.613596834247183,0.175473925582631,-6.851786535863075,-0.4232747181127631,-1.2753537704008289,-3.19688068447544,-0.07540686264358244
1791433718.9910905,5649.558445052,54.03399999996477,-0.4932921815929747,0.11494820965065668,-0.6361928287244275,0.1141118242939311,-2.2308827611885835,-0.1648324483758553,-0.8544553130366191,-2.635237111424555,-0.057528816650392195
1791433719.0172076,5649.584575305,54.05499999996472,-0.5138843594368323,0.10641950006514171,-0.6484732458973254,0.06548104110093318,0.529593154453147,-0.6548418593533839,-0.3089551309231524,-2.014224931489507,-0.029370756003071444
1791433719.042689,5649.610055063,54.07599999996467,-0.52268740909793,0.09080970392517301,-0.6479673893602236,0.02988260678077501,-1.800388357184849,-0.658842997331702,0.3446911263451356,-1.3897843532811018,0.04207892907254016
1791433719.0722506,5649.639601438,54.09699999996462,-0.5561659198337057,0.07379239588809623,-0.6336313559636285,0.008106250235368314,-1.180113198200003,-1.1821962592607826,1.0136279724138906,-0.724214894271611,0.05166767054361199
1791433719.1013825,5649.668733286,54.117999999964574,-0.5777975848829979,0.02903367726356345,-0.6054279794488582,-7.688439375499088e-05,-0.8836406934454315,-2.160161475330393,1.6397936120943575,-0.09634338775345903,0.025095458265275112
1791433719.1289518,5649.696299323,54.138999999964526,-0.5972529524316738,-0.011335623733490268,-0.5636269012525156,0.0019417971612132115,-1.0759865718776638,-2.363027555561516,2.2517384142399774,0.31464330940855206,0.011698598841328726
1791433719.1548564,5649.722203459,54.15999999996448,-0.5995161766034494,-0.050783436884945146,-0.5082562884035158,0.010412575793027798,0.17519107659132646,-1.7789949873415654,2.924741896677165,0.5389025260921908,-0.0029444243015759887
1791433719.1858919,5649.753272814,54.18099999996443,-0.5866001921283686,-0.11049239773122603,-0.44117335440766325,0.023786690487391248,0.29179529252360165,-3.2915115945706495,3.380944079494868,0.7359809841776244,0.026324451498864712
1791433719.2112377,5649.778597341,54.20199999996438,-0.5636461632284954,-0.15986249860527774,-0.3702695769543798,0.041531759617966985,1.6974646557636923,-2.8398698409102927,3.3564405413861396,1.002823517790297,0.03617387428719344
1791433719.2361531,5649.803505608,54.22299999996433,-0.5212746108699087,-0.21705457339036666,-0.30976334489337753,0.06225828480526863,2.041533904281352,-2.394675776971649,2.482157231384462,1.0792989376058706,0.003585879072094535
1791433719.2611573,5649.82851225,54.24399999996428,-0.47863037303975264,-0.2503962643199955,-0.2742747382464222,0.08375664401988915,1.73972584765878,-0.7733502013249655,0.993557521288386,1.1167364634945778,-0.03318715058014111
1791433719.2897482,5649.857119073,54.26499999996423,-0.41634651688014673,-0.2759844152437488,-0.21099266005339465,0.09040937910415145,3.5246590304107475,-0.9476121243470408,2.2174980232580093,-0.24392629301515717,-0.017805672823185948
1791433719.3153088,5649.882673683,54.28599999996418,-0.3507686842262377,-0.285911607966274,-0.19606524706713543,0.08934577430043569,2.7804776260570936,-0.10903988556734831,2.1073906222217182,-0.5298936297754879,0.010077540236954794
1791433719.3401217,5649.907475053,54.306999999964134,-0.3054154885460597,-0.2797185240671229,-0.13860775357200114,0.06882434484643767,1.49990351631318,0.6305682119814426,2.385095791032014,-0.9452447562437316,-0.015967172086717222
1791433719.3648696,5649.932223352,54.327999999964085,-0.28831432710511196,-0.26089876313362936,-0.08522049231144459,0.04697816004453774,0.09364673768180931,1.1045214533238232,1.9502539505343552,-2.169660488803107,-0.052089514819611
1791433719.3934493,5649.960813947,54.348999999964036,-0.28456492930780936,-0.236276063941502,-0.13231875128276194,-0.011965918195966633,-2.38944972501189,1.6686705694462562,-3.343228915689211,-2.4002835883627394,-0.060874341500113706
1791433719.4186509,5649.98600741,54.36999999996399,-0.32669615697082605,-0.2068146391443546,-0.20224839363705172,-0.04833399060597084,-1.8823010423454867,1.3843704586521275,-4.179103948856367,-1.105762179208372,-0.05069259945252347
1791433719.4458663,5650.013213936,54.39099999996394,-0.3757041026851439,-0.1773348483420894,-0.3105871852449177,-0.106702466872875,-2.606845150153189,1.4128008843396431,-4.431546651397424,-1.297813825721288,-0.024573659752307058
1791433719.4739764,5650.041326253,54.41199999996389,-0.43419168836849176,-0.14815464907928338,-0.42728512572143207,-0.132345557412985,-2.8671751125780265,1.382606076254328,-4.488392464397166,-2.0343820701329474,-0.04841606557913398
1791433719.4985485,5650.065929805,54.43299999996384,-0.49434933184823004,-0.11944298955684503,-0.4947649919245736,-0.1504840145350601,-2.7708320432386215,1.3409581980039584,-2.071343405803453,0.3643651174354106,-0.06581808447658288
1791433719.5280793,5650.095440424,54.45399999996379,-0.5476996682483072,-0.09131806317875299,-0.5116147753837266,-0.1273556344645648,-2.296037830408378,1.315268484280077,0.455365947777283,1.2987534925545956,-0.07785106268314147
1791433719.559096,5650.126456215,54.47499999996374,-0.5880377608437735,-0.06597115270303902,-0.5118870111397832,-0.09704369204365834,-1.231612413075435,1.2976790271929146,-1.5791132723000683,1.481984998790818,-0.1316677019860689
1791433719.584521,5650.151878121,54.49599999996369,-0.6061057512483058,-0.04393981533467924,-0.5424650004887446,-0.05396171184180559,-0.4306106882031658,0.8777989755139795,-1.0243750822680957,2.463008340569221,-0.14517271098973628
1791433719.6096494,5650.177005645,54.516999999963645,-0.5957430768808277,-0.03410184872655222,-0.5582407924570589,0.015139599017065603,5.527856583352372,-1.7374633232016345,-0.5236781675429755,2.521724855180139,-0.11339853499618473
1791433719.6344464,5650.201797611,54.537999999963596,-0.5592470623626393,-0.03165924985736766,-0.5742806677154074,0.06696684796189964,1.8433295288566405,-0.11946664174006352,-1.1551313115093695,3.5127099047397934,0.017856453382108034
1791433719.659225,5650.226577859,54.55899999996355,-0.49185499054897036,-0.04115481970517266,-0.575236250756532,0.12000073028052174,3.5215801783648537,-0.5610218014270595,0.7370938017284351,2.990555439637658,0.05911005046252444
1791433719.684618,5650.251970392,54.5799999999635,-0.4126509488468896,-0.05288535478078013,-0.5710220555273109,0.18715819167044656,3.907436038047064,-0.5580184607218003,0.2515291603957505,2.692386916080046,-0.02909127944430901
1791433719.7144196,5650.281820705,54.60099999996345,-0.33483198693142274,-0.06176924720427384,-0.5498896348852006,0.23524857946606403,3.389341603932114,-0.22857503043985206,1.5299306175591656,2.4852067729442724,-0.11273643415074144
1791433719.7395723,5650.306930955,54.6219999999634,-0.24544737860862118,-0.05853127760357911,-0.5087986587407114,0.2819542758604826,8.006968408291755,0.26379031530355584,2.4507424681136123,1.5771071197169961,-0.15166655967827997
1791433719.7653604,5650.332723925,54.64299999996335,-0.20062051431480996,-0.046104185005307656,-0.48082898564342413,0.2965153511083466,3.2973624521367024,0.7991019252535683,0.5491781242619111,0.23914436567600728,-0.16217154770464473
1791433719.7944632,5650.36184069,54.6639999999633,-0.1617079337731252,-2.006512421394652e-05,-0.4752235759037936,0.290708151997909,-1.7303507641451397,3.7037053608659405,-0.04866471837286803,-0.7655653993869025,-0.17372150907468767
1791433719.820746,5650.388117592,54.68499999996325,-0.2286820573453335,0.028266536583103304,-0.4810113618663083,0.26614574055047824,-3.364418937255715,0.680171895482021,-0.5826385856828065,-1.515176077481201,-0.17385821057916237
1791433719.8457663,5650.413127757,54.705999999963204,-0.3000963947120291,0.04981721221063988,-0.4939006980702497,0.22888643896080568,-3.8243153496137468,1.6427848138343584,-0.7495647745697688,-1.9481108003876506,-0.17877847857728854
1791433719.8731756,5650.440525583,54.726999999963155,-0.4050251765839359,0.04845349421086696,-0.5073961953799841,0.187656531734163,-5.107531439798141,0.0920051995855214,-0.5941236534772034,-1.969784503801421,-0.17955610985279413
1791433719.8982563,5650.465603281,54.747999999963106,-0.47914898692082114,0.040868384997711636,-0.516688288309291,0.14818244712625384,-1.9525229793458605,-1.2022083124618212,-0.2790559713551254,-1.8057870408283871,-0.15421559047655162
1791433719.9258509,5650.493196537,54.76899999996306,-0.4881345487280853,0.006926791478598797,-0.5176294123458074,0.11296315993753177,1.061444319291322,-1.369253419134673,0.23305928324185105,-1.5750478740314482,-0.10652143690880411
1791433719.9571743,5650.524526597,54.78999999996301,-0.4772350855231817,-0.028533700514678295,-0.5056075034318417,0.08285023247944648,-0.8205360351217934,-1.4793024621825226,0.9571334846207343,-1.2926729283169025,-0.053462396209853144
1791433719.9859312,5650.553299788,54.81099999996296,-0.4919868772567777,-0.07349183421836879,-0.47684154940250506,0.059631507073782876,-0.11050397633460567,-1.9840214210322926,1.7678087955144053,-0.9623360213021456,-0.0533320811451035
1791433720.0116265,5650.579017213,54.83199999996291,-0.49110236849092653,-0.13409437766981122,-0.4320690944113719,0.043069981658431025,0.18715422919221286,-2.950397849717938,2.3958879347635915,-0.6436430952492789,-0.09114455265034486
1791433720.0375748,5650.604945429,54.85299999996286,-0.49492829456034587,-0.1918519056424925,-0.378351778381027,0.031998119052343274,-0.2444789586454422,-2.9605803477790515,2.6205041250403567,-0.38508357582548536,-0.11052968446825895
1791433720.063511,5650.630881902,54.87399999996281,-0.4862753870277187,-0.26156314705310096,-0.32329833177487,0.02522923841447142,0.8149173811407138,-3.948876161195614,2.523759576438291,-0.20259612127865334,-0.10828908336102301
1791433720.089778,5650.657148642,54.894999999962764,-0.4661592173457958,-0.3288313119900083,-0.2739402664797318,0.022830937212019,-0.4992272220012344,-2.2164624523797256,1.9740234080456873,-0.04711940954571746,-0.08408111656974936
1791433720.116903,5650.684272446,54.915999999962715,-0.4571875479976016,-0.3527382853724729,-0.24285884648199627,0.027183078721706548,0.9976685903480972,-0.8009894363039478,0.7460707537864711,0.3443320354840843,-0.09802694317055984
1791433720.1442876,5650.71166481,54.936999999962666,-0.4238472446125523,-0.3562580871291973,-0.18996295785294942,0.023883282959933437,2.0423099273352534,0.2496139018704187,2.104767280242711,-0.46407516824640377,-0.08945384248351007
1791433720.1697726,5650.737128551,54.95799999996262,-0.4163630797220398,-0.33378112339203475,-0.13883644977347728,0.013628453909565196,-0.012653626924820565,1.460468149098332,2.9267200413882533,-0.5869298625110159,-0.029886189730753143
1791433720.1951392,5650.762484823,54.97899999996257,-0.4209143320781516,-0.298900976265163,-0.08374194671746767,-0.01647151758014103,-0.422485592721066,1.8039456343728655,-0.32159756852277666,-4.779638024081919,-0.010892138295212631
1791433720.2210426,5650.788399266,54.99999999996252,-0.4376257411007131,-0.25992979791128157,-0.1427605338884486,-0.05212889359134141,-1.0354381409988744,1.8392108015784288,-2.843962939595432,-1.0638872441738183,0.025848431048480888
1791433720.2509286,5650.818291037,55.02099999996247,-0.46766467541627266,-0.22192516156502376,-0.21068706789060349,-0.061149760753214585,-1.682338671110102,1.742507842131864,-5.231512987026625,0.1819149639660571,0.07238403525900905
1791433720.276818,5650.84418255,55.04199999996242,-0.5077332567546156,-0.18674181626131006,-0.330077286708226,-0.09040734248398341,-2.0492826742365096,1.6298766625423151,-6.094232148571605,-1.0648385840665675,0.09111947931242288
1791433720.3027081,5650.87007481,55.06299999996237,-0.5503112714585204,-0.15439752379700014,-0.4543295489114483,-0.10407193440430698,-2.032238239843644,1.5198875713550815,-4.1641426069313106,-0.7883019940457111,0.06908369604845209
1791433720.3315632,5650.898940112,55.08399999996232,-0.5887441104960223,-0.12523054772740663,-0.5107970580027076,-0.11588626884641101,-1.664839855883077,1.3327845277719104,-1.8479367719427502,-0.21160913379940538,0.028312720885880105
1791433720.357025,5650.924378364,55.104999999962274,-0.617493728253407,-0.0996529373968065,-0.5171052709733915,-0.11196389509450165,-1.0500882128633149,1.1379488790480639,1.0395907779489124,0.61113230178821,-0.0012071865647150263
1791433720.382063,5650.949416899,55.125999999962225,-0.6318325089680981,-0.07838620157327437,-0.5233794226966235,-0.09761850558015749,-0.27684217518647286,0.8720004877774948,-1.9011854633248628,0.5793802433776666,-0.05821765904623155
1791433720.4098768,5650.977227598,55.146999999962176,-0.629856720366861,-0.0634362319183524,-0.5595746425390451,-0.07939781693503438,0.4551212556965681,0.5183215409729014,-1.314954161376765,1.3377211071811426,-0.051184592216687065
1791433720.4401603,5651.007511891,55.16799999996213,-0.6112614157406936,-0.05704340736249899,-0.5874571122745319,-0.026348656700544794,1.2864447800636725,0.11973564521620306,-0.9916776312243561,1.3484789567722246,-0.028330780021631627
1791433720.4671032,5651.034456327,55.18899999996208,-0.5753031327875705,-0.05835298566726813,-0.6164944359847485,0.026498662726100446,2.1384160410674147,-0.1664563098676234,-1.9518412530246476,1.9885478878756029,0.019076329760448176
1791433720.497442,5651.064795347,55.20999999996203,-0.5217589942254408,-0.06241382259472838,-0.6239078738483363,0.08296678773303257,2.9422590518403062,-0.18303035375412827,-0.4549548941489207,3.000601769181307,0.07637121124977422
1791433720.525932,5651.093292353,55.23099999996198,-0.4528699131526279,-0.06574089338728777,-0.6202134805686594,0.15687670641711116,3.4156634811024587,-0.14215897694915733,-0.023421747650593884,4.809049581062027,0.023526550215967022
1791433720.5533035,5651.120655046,55.25199999996193,-0.3818811608298018,-0.06834456981801061,-0.596708108652137,0.2199229163672169,3.078389660149996,-0.04394085269692724,1.9069263972522037,3.33260832336623,-0.010199017654761102
1791433720.5807645,5651.148117487,55.27299999996188,-0.32783957950332865,-0.06822543101717626,-0.5486702186957713,0.2856013521344182,1.884198735652223,0.12580622260832705,2.417328208669875,2.4157846666122174,-0.00512629597683256
1791433720.6054938,5651.172847725,55.293999999961834,-0.26235745594480775,-0.05401921321893494,-0.5022063973059947,0.32495564958593504,-1.3017438051438242,0.32145355156737043,2.00232566750187,1.5851974659192811,-0.004723769563163193
1791433720.6303666,5651.197716413,55.314999999961785,-0.21080109345529258,-0.029315909859852576,-0.4555503138008772,0.3497483543468133,2.2421028269802363,1.4377166914799453,1.9479753909826325,0.6289623140432001,-0.0486539988267053
1791433720.6590908,5651.226437108,55.335999999961736,-0.16085556095127532,0.002898703724777855,-0.42307727582707105,0.34973223988717406,2.601926969180342,1.653203470728104,1.0781850724988606,-0.6116733029997483,-0.043597770691151075
1791433720.684371,5651.251720237,55.35699999996169,-0.1269022354073561,0.05916085855865447,-0.4123230963035497,0.3238341978831789,-1.4156429897101113,5.11485350189218,0.0655391096801452,-1.7583694362226994,-0.017294207306522945
1791433720.7104127,5651.277762021,55.37799999996164,-0.19109567276223613,0.09627126600251332,-0.4217461630945336,0.2762957851568975,-3.2661080416829655,0.7284501272219099,-0.7931783671624536,-2.6630566582939346,0.017246635955881287
1791433720.7360287,5651.303388289,55.39899999996159,-0.26698122967589927,0.11176320608946234,-0.44493340884947785,0.21526960225690933,-4.0630969457614174,0.4186116109563553,-1.2536643860420356,-3.0021662645513807,0.05540731820960077
1791433720.7648313,5651.332192527,55.41999999996154,-0.37969169209364084,0.11085118399006552,-0.4735786504457968,0.15229283379386227,-7.102448786052889,-0.20380479050834524,-1.3838024682206327,-2.872158437705511,0.08243233594321392
1791433720.7999659,5651.367340642,55.44099999996149,-0.4768016906820417,0.10573119645045397,-0.5014563635958679,0.09607636828793403,-3.3527869738572385,-0.41045459008512425,-1.2313939698237581,-2.4216756987544685,0.08983857128475109
1791433720.825856,5651.393229423,55.46199999996144,-0.5141892246051607,0.0926768894197155,-0.5228495519590605,0.05130988515692932,-0.3859819413331631,-0.7978165809678947,-0.8384553340384322,-1.816976900020462,0.1040936914481663
1791433720.8550391,5651.422420621,55.48299999996139,-0.48410314717454794,0.06800864540938673,-0.5331057506177324,0.01975836478965839,2.881297290193158,-1.6194003733445428,-0.1847832018515999,-1.1846747665975048,0.10249491479306279
1791433720.88085,5651.448217173,55.503999999961344,-0.485026870685989,0.05731708266165625,-0.5282198818189429,0.002003593714271999,-0.9797777038614933,-1.5388622593657908,0.5429410645536702,-0.4905489526375869,0.16741245296191426
1791433720.9098828,5651.477247717,55.524999999961295,-0.4929580616915504,0.019286964869889945,-0.5084598179689198,-0.002421750678896816,-0.3487058934490348,-3.446426861691633,1.2336245278395574,0.11806467848091266,0.16165883279352777
1791433720.934935,5651.502286732,55.545999999961246,-0.4896665397334809,-0.03911822085065399,-0.4773921116604631,0.004197593710641921,0.02846238556339148,-3.1963429294216246,1.692905376556083,0.48087191862962736,0.12415131350855656
1791433720.9600818,5651.527430315,55.5669999999612,-0.5116881474707045,-0.1105045129698256,-0.4391339432483076,0.018428123979850594,-1.2999813949855379,-3.449114245555216,1.927255055483872,0.7792636861793912,0.05556733951843404
1791433720.9848287,5651.552177604,55.58799999996115,-0.49374962439171804,-0.19697498857716753,-0.39847488633217315,0.036363380861490886,2.1803197593277157,-4.133171564891359,1.9474525756555499,0.8824721376067244,0.033995372185465694
1791433721.0100348,5651.577389669,55.6089999999611,-0.47671706511048034,-0.26949826781891734,-0.3604968427920394,0.05584859465237638,-0.07380015080922564,-1.5571679897705841,1.5821953239175668,0.9463214171147041,0.06432112057182911
1791433721.035014,5651.602364433,55.62999999996105,-0.4609829610836865,-0.3045341916672914,-0.3369958829050329,0.07728024233997502,1.6385041453609737,-1.478541841043661,0.5097822335892501,1.01705298780682,0.10853194754608404
1791433721.0614603,5651.628812869,55.650999999961,-0.42974377886948356,-0.31907431955244325,-0.27375556535275536,0.07731454700484547,-0.5672514693163591,0.4583180932072221,0.585752643127475,-0.1402619797740697,0.15254321499664458
1791433721.086709,5651.654062504,55.67199999996095,-0.4521973799221365,-0.29790763195719056,-0.253605672436424,0.07037468206649412,-1.286704591522818,1.372922134531668,2.4299022959920893,-1.1538589957798018,0.15365958412568184
1791433721.1118886,5651.679237789,55.692999999960904,-0.4852906173954379,-0.26254033468674853,-0.2039309889880491,0.04062255833229575,-1.7339300374444997,1.86327139033356,2.0449754181207918,-1.4865669118097777,0.13914914115247048
1791433721.1384127,5651.705778022,55.713999999960855,-0.5260110310410305,-0.22090275311809898,-0.15938771401013982,0.007093764092995005,-1.9610897595431616,1.9954738327914576,2.0245678454158007,-1.591813848546325,0.11669466510253379
1791433721.1646714,5651.732042114,55.734999999960806,-0.5673786070539122,-0.18058233223875522,-0.19560849961794582,-0.05648406924948359,-1.8739724553468713,1.7992076831381136,-3.6205809441054493,-1.0718504758816807,0.13974671016092088
1791433721.1920996,5651.759473948,55.75599999996076,-0.6048012105413478,-0.14666439012433738,-0.2721896400154951,-0.07371806091294636,-1.624767083864463,1.4575982020299703,-3.9423021651134977,-0.7944835214533313,0.13369145392215429
1791433721.2190387,5651.786409845,55.77699999996071,-0.6342686623851195,-0.12051480093815163,-0.36222072414290724,-0.08679082469615385,-1.1112934084155726,1.0476200475104518,-6.0205107947318135,0.15363663653333015,0.1561090000181814
1791433721.2460358,5651.813416526,55.79799999996066,-0.6509370961839603,-0.1006070234283366,-0.48573471975507815,-0.08477753975158703,-0.4587261963646376,0.8364572837442228,-4.467365398549623,0.06983497655052798,0.14905589351869658
1791433721.2717106,5651.839083967,55.81899999996061,-0.6521798133970069,-0.08337692425652189,-0.5495550611553046,-0.0676752342159135,0.3005152717831155,0.7643465256566601,-1.904543311171684,0.83006607302267,0.12930104959191974
1791433721.3001828,5651.867550846,55.83999999996056,-0.6348792674310545,-0.0677261174346178,-0.5593487146911159,-0.042411232862650465,1.2379680739875458,0.695454652939164,1.155606959952245,1.634069233972544,0.11392366788115675
1791433721.3319576,5651.899332114,55.86099999996051,-0.5955733748079577,-0.05520539542559137,-0.521751399702688,0.0005667418275783996,2.3730222246312946,0.4881728416075197,-0.18985175345712882,1.296221974368465,0.08049533237084608
1791433721.3582466,5651.925617081,55.88199999996046,-0.5347801626713039,-0.05049263806323707,-0.5348654341511205,0.04466600092044889,3.2896188056719122,-0.0757277125952507,-0.06144077742440078,2.184714811540343,0.05401485470418034
1791433721.3837798,5651.951148328,55.902999999960414,-0.4632852448524315,-0.05820811779745889,-0.5247872803441521,0.11731208717890926,3.4574851084123135,-0.6280121453175395,0.5699502511034682,4.3039212200042325,0.09665014775966081
1791433721.4089606,5651.976318042,55.923999999960365,-0.3749759112965207,-0.07539081549377409,-0.5303757166279617,0.1842965579650035,0.41477227945286543,-1.826569417183302,1.0030621216636129,1.6014870245807462,0.18676816659695564
1791433721.4340088,5652.001367617,55.94499999996032,-0.3153330200670771,-0.09568087762498244,-0.5324562767204091,0.25891551147894704,3.5989193901955967,-0.9575245992577179,0.17794143952217997,3.587254494043528,0.19475147190272052
1791433721.4589858,5652.02633764,55.96599999996027,-0.2567245842182038,-0.10990735568637283,-0.49367155778552524,0.33003236261545355,2.1813387262197197,-0.5287598599628085,2.5902004824720826,3.231721955153067,0.16406768974599792
1791433721.4838676,5652.051221332,55.98699999996022,-0.1870020386559965,-0.10691455884630328,-0.4467811033545246,0.3736096838810909,1.6625891278841531,0.3664527326546083,2.5946469952733966,0.7567744286969128,0.15830410245825652
1791433721.5087123,5652.076105996,56.00799999996017,-0.14069029949663672,-0.091094025789424,-0.3850106246216321,0.39807827381386285,3.0158952252837996,1.0747006115825333,1.6886197526406859,-0.08142812781003057,0.12517148314779034
1791433721.5420954,5652.109469841,56.02899999996012,-0.12319701073888371,-0.0351836099254309,-0.3613470651618562,0.37875296924958357,-2.840353452579445,3.131929603789154,0.6172125507637376,-1.6340863653118223,0.10612422566947217
1791433721.568611,5652.135975214,56.04999999996007,-0.19084688811531697,0.013307324639060791,-0.36076143252101095,0.33066683745722697,-3.182152861447788,1.737224287744175,-0.4498917198584828,-2.7981993977035873,0.09253482657617967
1791433721.5948474,5652.162210333,56.07099999996002,-0.27114411942692573,0.04136008239529671,-0.3796378655234368,0.26503100345633407,-3.909889662391039,2.1514047280964887,-1.2272505025971603,-3.2983199552019626,0.08032480594347216
1791433721.6228533,5652.190207627,56.091999999959974,-0.389713847566221,0.08327855354635352,-0.4117225404758101,0.19531775259877812,-5.7076814459035345,0.7710994072919526,-1.703095949464392,-3.1966531372077234,0.0832647469882247
1791433721.6500137,5652.217375501,56.112999999959925,-0.47192340046431236,0.09393084089925237,-0.450304239157684,0.1326171297205254,-2.560502966152656,0.49018086811943606,-1.8754338945857165,-2.71472021109019,0.12188030224232112
1791433721.6749983,5652.242350292,56.133999999959876,-0.50376994839601,0.09540468476053014,-0.4885612418449691,0.08281047248249611,-0.10170398755574289,-0.5173431865265541,-1.7157129712940842,-2.0195244942594983,0.15564179680118825
1791433721.7019436,5652.269293804,56.15499999995983,-0.48944874637974806,0.08500976120243388,-0.5198837921503742,0.04853854244498357,-0.6494482020403058,0.18633481618309905,-1.2446928674550053,-1.2806072327709375,0.17886116937170243
1791433721.728235,5652.295598851,56.17599999995978,-0.5173716501027651,0.07407292092793773,-0.5389654101636354,0.0296706196427458,-1.1760130606389416,-0.9831041676919525,-0.5716830432171583,-0.5896471400830486,0.20532532404066076
1791433721.7536879,5652.321058866,56.19699999995973,-0.5328802591533525,0.04286369069594758,-0.5425170738956079,0.02428217917479438,-0.6101516936557778,-2.4430574635921567,0.21411056130150294,0.022079082666655567,0.20662577713600747
1791433721.7790837,5652.346437011,56.21799999995968,-0.544455484470904,0.001466449042184763,-0.5260307857199322,0.030894184845932093,-0.8328719615553282,-2.6210022723871615,3.5089084763723486,1.8427781844280116,0.17765396630898234
1791433721.8066816,5652.374070751,56.23899999995963,-0.5504259916370806,-0.04808483643033596,-0.487693089386393,0.044000409751454785,0.2954913388175831,-2.486427308088289,2.4137890364864334,0.8446989229656119,0.06440699206274605
1791433721.8404016,5652.407803656,56.25999999995958,-0.5379459203956013,-0.11581469719726097,-0.42933092822743,0.06241350271689657,0.5758894180015872,-3.8860937511019116,2.898070562484002,0.8600017389045397,0.10127549290310095
1791433721.870756,5652.438113056,56.28099999995953,-0.5194688114086115,-0.1670576992882155,-0.36821448786913824,0.0799106593431909,1.294981885714242,-2.86691146539451,2.803781985904081,0.8091280920890647,0.16495731294052451
1791433721.8960333,5652.463378247,56.301999999959484,-0.48806934219035175,-0.22583388780629565,-0.3179804772029173,0.09533647497343778,1.5827275852497353,-2.48063503610691,1.9654156362197166,0.6873957247383841,0.1548538006627171
1791433721.9258137,5652.493165699,56.322999999959436,-0.4545055372843528,-0.2598240074487077,-0.2436843886520496,0.0960828089211085,2.0502888676428337,-1.493662269824939,4.492322377398425,-0.5260327399488172,0.15417757522190886
1791433721.952652,5652.520011311,56.34399999995939,-0.43132456525515933,-0.27694585496817664,-0.22064395066276898,0.08623256159656027,0.8511211061517431,-0.44959915559133934,2.2042854521444903,-0.9627272226036651,0.18300159249241923
1791433721.9776728,5652.545031851,56.36499999995934,-0.42236052010363934,-0.2769896923569163,-0.1639393319469509,0.05608354182403568,-0.005621838876064669,0.3970051359119288,2.0355154290828663,-1.5326357797378014,0.1677103150554563
1791433722.0043437,5652.571716077,56.38599999995929,-0.4302582706717238,-0.26208736934788335,-0.1264685100546125,0.010880281630344605,-0.8136638128475274,0.9974705597807254,-0.402312827492788,-4.601825468678256,0.13324559090789678
1791433722.0291233,5652.596481129,56.40699999995924,-0.45236584824838255,-0.23671193034569302,-0.18561956143550193,-0.04846191913650118,-1.38122807698818,1.3717301223878506,-3.4792611456157774,-1.4951918985648827,0.11195358839669844
1791433722.053887,5652.621238904,56.42799999995919,-0.4849332582969418,-0.20496301578063045,-0.2611630208008813,-0.0821120154430445,-1.6927395584902198,1.5695738774642056,-4.2391417169556025,-2.2437529297363046,0.09980873648976818
1791433722.078937,5652.646289014,56.44899999995914,-0.5199995524433096,-0.17069814177628184,-0.3615503591689192,-0.11605437584287089,-1.6174859745916266,1.6614702886249986,-5.960650513766943,-0.32105640665428364,0.11525299956236229
1791433722.105935,5652.673294788,56.46999999995909,-0.5498839331610764,-0.13554674695028696,-0.4631958840062563,-0.13310643182931214,-1.2244708450706394,1.6882926671105818,-3.2541335021022184,-0.05007901334965767,0.11083391947119177
1791433722.1318705,5652.699222646,56.490999999959044,-0.5691536846442817,-0.10012597353749132,-0.5063694566951957,-0.115117303234671,-0.6165865492097928,1.6673595603732587,-0.9854361014038364,1.8121872239660521,0.09644917356540489
1791433722.1581905,5652.725545176,56.511999999958995,-0.5731169073415111,-0.06608810239569107,-0.49781589315725644,-0.07128262164735888,0.25188176821896113,1.5507641723612222,0.19531729905752243,1.700560218462752,0.0695551328753974
1791433722.1849318,5652.752282939,56.532999999958946,-0.5571594709915958,-0.03759242861808425,-0.5232625709980709,-0.021468855958890642,1.2293236438162618,1.145563116144488,-1.4471916197093593,3.9671219204699497,0.03204300657644268
1791433722.2092476,5652.776597484,56.5539999999589,-0.522445507940818,-0.02001229306897726,-0.5364370964362674,0.05420600350876606,1.9869479627561013,0.5103609343708081,-0.4102187954347514,4.759359745259877,0.04705822877195185
1791433722.2371533,5652.804508395,56.57499999995885,-0.4755110121480419,-0.015473847001266711,-0.540197332529943,0.13828962333313832,2.3749493537881174,-0.09411042634316912,-0.14932011540597812,3.0367099566873517,0.06540234579285333
1791433722.2639415,5652.831306221,56.5959999999588,-0.4133029893965651,-0.018282679807245336,-0.5482297729355254,0.21659609237820282,2.1531566681909666,-0.47062624415252385,-0.06376649606642545,4.044308768875485,0.1175969786034404
1791433722.288695,5652.856058611,56.61699999995875,-0.35302586457636054,-0.025784300929788045,-0.5399396420942346,0.29963136731239864,2.828276188218037,-0.3616856228495474,0.2052916381303097,3.5227973499479397,0.09710375115547706
1791433722.3138642,5652.881229045,56.6379999999587,-0.2946124769304319,-0.02996426476346996,-0.5444804273967226,0.3537665812521764,5.871296465402676,1.2429055623815346,0.35794354292876396,1.6600826033058926,0.05043464776289574
1791433722.3404498,5652.9078287,56.65899999995865,-0.22671677329417575,-0.02450168999858583,-0.5133396455909078,0.3849813725960502,1.4886929187425473,0.26362318100683635,2.539317686812412,0.8306456882303666,0.02133834904040806
1791433722.3670018,5652.934423704,56.6799999999586,-0.16744473174059593,-0.008633335860032468,-0.5069496064363181,0.3773985369239689,3.1812423916555312,1.1705486679176371,-0.6373786931909329,-1.0287237313018245,-0.046461471904765676
1791433722.4006991,5652.968315889,56.700999999958555,-0.1534256922487835,0.043246625012647796,-0.5250447844916285,0.343987531309926,-2.7116743916672776,3.3717478613625196,-1.0879917654611886,-2.091526824132232,-0.0579698733029696
1791433722.4274757,5652.994852223,56.721999999958506,-0.22407562126881642,0.06919740806950966,-0.5538846447182965,0.2910272115403388,-3.0959331207671323,0.9039500668452427,-1.591870434346368,-2.8319670579788814,-0.07736349430552421
1791433722.454837,5653.022216629,56.74299999995846,-0.3027358616897303,0.0883314524426017,-0.5864373916685214,0.2290659690098035,-4.126820334104772,1.4739306900713904,-1.569473815343319,-3.068805519535928,-0.09694905134385597
1791433722.4850008,5653.052374526,56.76399999995841,-0.42740482118689943,0.10372852497096084,-0.6138039689158519,0.16936674187177894,-5.781361621147588,-0.15703004919909383,-1.1067547218220988,-2.725327700924579,-0.10507245920963569
1791433722.513994,5653.081367751,56.78499999995836,-0.502346208310256,0.10461266926108585,-0.6306226734987825,0.1188966127308331,-2.4294641852273755,-0.12817370661955213,-0.5047523483593346,-2.182441241000289,-0.07906311757521495
1791433722.5460227,5653.113417988,56.80599999995831,-0.522324053739438,0.08839896763110977,-0.6335844676968028,0.07988612967494568,0.6069874227620276,-0.9502290354689636,0.22560519964623327,-1.6170410452086348,-0.04251884770068915
1791433722.5724065,5653.139796226,56.82699999995826,-0.5112009564199268,0.060749585634993546,-0.6203241609977891,0.052198040207903536,-0.9761549075548235,-1.107680719893352,1.0384642464470744,-1.0548169448631313,-0.00280151901233799
1791433722.597355,5653.16470541,56.84799999995821,-0.5359631924980887,0.03372640365152992,-0.5893954322989028,0.036156404306323914,-0.8299428058508312,-1.5961666445959297,1.8413505913392756,-0.5110202660861473,0.015397980621322475
1791433722.6224723,5653.189827813,56.86899999995816,-0.548219824664175,-0.019838096553889694,-0.5420585888438371,0.03084289280725773,-0.3386472495493475,-2.492039503323405,2.565346534734919,-0.03691162150177402,-0.010390495775837862
1791433722.6479876,5653.215386113,56.889999999958114,-0.5577601434451974,-0.07337513146663736,-0.4828061233907599,0.033165171793048814,-0.8888074750482201,-3.2047868247114253,3.0191349992523535,0.2716799955803087,-0.026462213581419123
1791433722.6731548,5653.240504258,56.910999999958065,-0.5617878932575537,-0.1340621153133307,-0.41623649941999613,0.04082748585456262,0.5467057888111114,-3.3533965130128496,3.265633366027599,0.4637891425848032,-0.052681810036009455
1791433722.7000275,5653.267394138,56.931999999958016,-0.5420129443247925,-0.21272634378035163,-0.3467799496997964,0.05198676531046689,-0.016080427610140023,-3.9724205110567543,3.1724220377629657,0.5842347598205732,-0.025774718936617213
1791433722.7258558,5653.293224213,56.95299999995797,-0.5252993556412046,-0.2634692331179587,-0.2850261986029664,0.06628610338763216,1.387271036302821,-2.377961449829912,2.4735381827584684,0.6904615479860456,0.0009567762727150966
1791433722.753086,5653.320454455,56.97399999995792,-0.49000238197221085,-0.30424294776439936,-0.24644386105880176,0.08321162447215516,1.6956533690735671,-1.3263229796351392,0.9710577833067844,0.8130615431196405,-0.01751240026397646
1791433722.7781026,5653.345494504,56.99499999995787,-0.45683929820728475,-0.31402469972799507,-0.19203837673667545,0.09179776124068326,1.0204148249115839,-0.0988313407411226,5.361201334307122,-0.7550044572753392,0.0147151091460899
1791433722.8076718,5653.375067071,57.01599999995782,-0.43224483924863805,-0.30930437588041626,-0.1730459223356348,0.08572591680232006,0.9689789656568786,0.5802508755798261,1.1557374990506486,-0.2651413990384076,0.047811720711883506
1791433722.83454,5653.401904892,57.03699999995777,-0.4190867752422055,-0.2900491671786077,-0.11784687994854368,0.06415198403009154,0.29279411525246296,1.1959326653319908,2.744212886862314,-1.2274605669947134,0.041478581909876515
1791433722.86216,5653.429528394,57.05799999995772,-0.4228792645694304,-0.2603708571400719,-0.06827692211396635,0.038430116130482514,-0.5045059482413958,1.503673270886368,1.1650303082566307,-3.0655889997673107,0.004994863454944104
1791433722.888718,5653.456103711,57.078999999957674,-0.44238073971314745,-0.22685384761023114,-0.12102566855650425,-0.019843260253781702,-1.180336575859675,1.5973716226809913,-3.1537237511576253,-2.743979646944245,0.008428875763418562
1791433722.9162009,5653.483629998,57.099999999957625,-0.4735625635081359,-0.1947427681567231,-0.19456575975903828,-0.05087260976828517,-1.6955613287835465,1.4467911520869652,-4.545899708383751,-0.7740920275542083,0.025347050882913752
1791433722.9471083,5653.514760543,57.120999999957576,-0.5139956329719119,-0.1643422734529073,-0.30892971489453286,-0.10104546019828374,-2.49283388165587,1.7776092716655223,-4.9056744505211585,-0.7149196182374586,0.053415980075925906
1791433722.9742477,5653.541609166,57.14199999995753,-0.5506104974654761,-0.14210689892004993,-0.44081637813256735,-0.11644767218939013,-1.7482695655864875,1.1736075056054278,-5.604959730873696,-1.7389301232951713,0.015297280737593427
1791433723.0029345,5653.570292228,57.16299999995748,-0.5822720148020398,-0.11893374650630437,-0.5237539153759199,-0.13060334250942668,-1.272978152365255,1.115094116195211,-2.871668394032119,0.20067855170293827,-0.010637333113827644
1791433723.0304303,5653.597811484,57.18399999995743,-0.602454437414737,-0.09644423332655795,-0.5555926858074819,-0.10932411339257056,-0.5822836741234317,1.0816954931834069,-0.23313013471712468,1.0700688591205934,-0.03009769585828975
1791433723.0557387,5653.623104503,57.20499999995738,-0.6073279569535122,-0.0748778426108564,-0.5342929964058649,-0.0802104342723221,0.21444250149438285,0.9571580018728362,2.7541787375139983,2.1694146496122166,-0.02396903764072069
1791433723.08163,5653.649046209,57.22599999995733,-0.594042651038466,-0.05757783067263928,-0.5410200433827552,-0.045315861563316115,1.0432545716778752,0.6114274405535768,-1.3703271459559028,2.3548564969259513,-0.0663728114916021
1791433723.1077251,5653.675105932,57.24699999995728,-0.5641627488509097,-0.04999843067618114,-0.5587183180678204,0.0077107735618579965,1.7124176733339926,0.06103481817895298,-0.7130658896406457,3.6982447121464666,-0.04731012757106948
1791433723.1330957,5653.700484142,57.26799999995723,-0.5230172829578162,-0.05484339602653247,-0.5681313354147223,0.07339290871956541,2.1341842871943397,-0.48904040071635957,-0.3420933498249594,1.9279985922390896,-0.026354014698545338
1791433723.158388,5653.7257348,57.288999999957184,-0.46922122887873574,-0.06696917216336097,-0.5927571111681379,0.14183256472188951,2.1471740228748666,-0.65412301315947,-1.366624521676633,3.2797994930580945,0.03841107105895141
1791433723.1835444,5653.75089014,57.309999999957135,-0.4124450436749823,-0.08081086525641142,-0.5916214755689633,0.21915453015999392,2.6231411843885084,-0.5840964126350385,1.3287113832288193,3.8646746136434,0.05665086394978368
1791433723.2088888,5653.776249546,57.330999999957086,-0.361260491796114,-0.09091552814035697,-0.5534592539996506,0.29933893192463085,2.045619935948746,-0.24641947098263753,0.29205812817922866,3.3664582141086323,0.0024754872791149228
1791433723.2340508,5653.80144071,57.35199999995704,-0.29070514855050605,-0.08529870841722195,-0.5274725846358309,0.3449164405315802,2.083325347429198,0.4594673984866702,2.5584767427712616,2.051349480147738,-0.04435269226333087
1791433723.25905,5653.826402052,57.37299999995699,-0.24450537660894178,-0.06886376418683673,-0.4729551536498249,0.3692885467715536,3.07928983113654,1.2307966694887338,0.28981295877219826,-0.08682298637810859,-0.0804025288698759
1791433723.2842925,5653.851657744,57.39399999995694,-0.18913495774943268,-0.04228651420169807,-0.4761677954909255,0.3520287793336288,2.5093447859923046,1.202911149917799,-0.4193010885538297,-1.3947634276952265,-0.07173923900830517
1791433723.309083,5653.876433456,57.41499999995689,-0.20923256012970207,0.02045354655564225,-0.49213938754531417,0.3115726205550285,-3.0390385231103987,1.399379235417199,-0.9623517905637143,-2.346897955099885,-0.08791046948585396
1791433723.334686,5653.902052059,57.43599999995684,-0.27103287684550614,0.0471138497624534,-0.5169385140039693,0.2561126812418863,-2.9809855295365466,1.152522417199063,-1.224429311224343,-2.852394516584982,-0.0865100046971571
1791433723.3599305,5653.92729243,57.45699999995679,-0.34935320369181905,0.07587105728997655,-0.5424056342847696,0.1961159759668065,-5.673575415557354,2.025316881790817,-1.0733493640652723,-2.7760745403191835,-0.09901405664992834
1791433723.3920493,5653.959425033,57.477999999956744,-0.4549208660036757,0.08585699216216171,-0.561307802564885,0.14164948636534766,-3.693007931842029,-0.036393891043157434,-0.6874354781725338,-2.3284200589767137,-0.07775930419733842
1791433723.4183972,5653.985770297,57.498999999956695,-0.5035936832376816,0.08429428811044881,-0.5692241228346042,0.09890692739625871,-1.493434638142182,-0.4419173050849964,-0.0927546539198335,-1.7003580463232453,-0.03225013140337335
1791433723.4449916,5654.012343642,57.519999999956646,-0.4958604225628451,0.05778846039077179,-0.562536603395092,0.07003296414309565,1.9114809425798216,-2.1052749888452036,0.670136065929367,-1.0532646307181193,-0.01244747021626007
1791433723.4754384,5654.042793456,57.5409999999566,-0.4946312640403372,0.037554536245384885,-0.5384798308283325,0.05458449321469062,-1.138887808217735,-1.9242721591458756,1.5489477961602138,-0.45518900399410506,0.02427049953877768
1791433723.5009885,5654.068345406,57.56199999995655,-0.5071690924461304,-0.005519474436723806,-0.49767320197147025,0.05113464976114979,-0.06956759557334385,-2.3555432735891477,2.296218688519702,0.09079166481780986,0.03444452773708959
1791433723.526464,5654.093823188,57.5829999999565,-0.5076066830182836,-0.06811589080159022,-0.4437116176606293,0.05626682589249774,0.17847848856780327,-2.29697705327456,2.812374338255196,0.3055345021635099,0.024168378487525222
1791433723.552611,5654.119974464,57.60399999995645,-0.5122909970184677,-0.1378609424412166,-0.3830702629936464,0.06550218233748437,-0.4206659204411368,-3.601599155804201,2.9819136238261854,0.4583186004481537,0.0005517083898022045
1791433723.5786297,5654.145998196,57.6249999999564,-0.49599905325910704,-0.22471716973792435,-0.322331592115883,0.07542102001642759,1.5219727512007637,-4.090681709543777,2.8840464481605346,0.43414161850655975,-0.01651297977180706
1791433723.6061864,5654.173567238,57.64599999995635,-0.4946576374311534,-0.2914870399867781,-0.2700232290089196,0.08489095019932585,0.13046818215079325,-2.2798266774949023,2.215145308143023,0.5155335254045551,0.026928410036089746
1791433723.6358259,5654.203201529,57.6669999999563,-0.4810638371333788,-0.3325895450214957,-0.23914997509851496,0.09445591779776248,1.0915156663943304,-1.4496537841067898,0.799474169869069,0.5125245318845917,0.0278363212762847
1791433723.662616,5654.229988094,57.687999999956254,-0.4567606175074788,-0.3459982226954095,-0.17941206578663257,0.0885033670062422,0.3383015017636475,0.03775543756052042,2.0716146455448237,-0.9844585373590724,0.04945580586551525
1791433723.6884723,5654.255836125,57.708999999956205,-0.4680234659148555,-0.3314901711687915,-0.167880672211163,0.07352973446327042,-0.7284661476147729,1.0697953324402956,1.8889850400704045,-1.1510901054731622,0.0693132037946939
1791433723.7167976,5654.28416788,57.729999999956156,-0.4891235745619841,-0.30172698345194626,-0.11419079825717919,0.03919696830944549,-1.2155696875913584,1.6539423111121643,2.193344457907974,-1.5738505324594083,0.060724374749025964
1791433723.7430243,5654.310466241,57.75099999995611,-0.5194138983738302,-0.2637865619022687,-0.08283447977255426,-0.01221580231834413,-1.5618838529511634,1.8612650310288743,-1.5605787052614626,-5.0723539792297565,0.038848312096674324
1791433723.768089,5654.335450746,57.77199999995606,-0.554470752174186,-0.22531481750937382,-0.1550704224786615,-0.057562526519111715,-1.6959458736682491,1.762394311970635,-3.589618963313801,-1.2188923043295075,0.04030998822937677
1791433723.7931361,5654.360491284,57.79299999995601,-0.590865728730486,-0.19014533859657456,-0.2429833555275578,-0.08128336952474598,-1.6597466623764554,1.5507359318023883,-6.81021499924603,-0.8615087477886968,0.05929139188666316
1791433723.8221562,5654.38950389,57.81399999995596,-0.6230052428080648,-0.1599187571176723,-0.3628160149919161,-0.10368306017686596,-1.3216655306491327,1.345028951147397,-7.091480027787683,-0.35807768060879586,0.05763255123548276
1791433723.8529313,5654.420291864,57.83499999995591,-0.6455410591680886,-0.13253852274262953,-0.4939028310015253,-0.11412949081023518,-0.7974045597099849,1.2611280642966018,-4.353525233025625,-0.4544364509763561,0.04443339400603158
1791433723.8795137,5654.44688393,57.85599999995586,-0.6554064810929858,-0.1058030598052866,-0.5642999678650991,-0.11424814665949135,-0.14971330548972733,1.2580642991493616,-2.121602497539394,0.4032323532956768,0.03337244894581484
1791433723.9116821,5654.479063997,57.876999999955814,-0.6493456957560756,-0.07905215568710874,-0.574820479852743,-0.09230941509707469,0.649492560568419,1.247667087481624,1.0065018941641821,1.15681355228671,0.015131453269741644
1791433723.9379218,5654.505304941,57.897999999955765,-0.6247402355194228,-0.05430611372140439,-0.5283805073943881,-0.058514248912081526,1.6258190297962167,1.0888305658108133,2.761163479261083,2.469097198474919,0.013835422807869938
1791433723.9631813,5654.530559131,57.918999999955716,-0.5795720437113726,-0.0377217316459837,-0.5302190611881475,-0.020204322524827067,2.577418621435259,0.5223576567075877,-0.8304342194264047,2.214654644640408,-0.04427964581695073
1791433723.9885767,5654.555924929,57.93999999995567,-0.5202223459101165,-0.036174633191914315,-0.5332069003063075,0.04330964626329939,3.001615600442427,-0.29377040193901294,0.18758454978782677,4.14292579372769,-0.006367572016844187
1791433724.0186803,5654.586042986,57.96099999995562,-0.4560300545728009,-0.04904000803745776,-0.5392497049372709,0.11754044861071228,5.286385595418018,0.29633518826195315,-0.48255893837449937,1.1674258237133046,0.06554699097625077
1791433724.0440063,5654.611356458,57.98199999995557,-0.3935812153422961,-0.07011554977995728,-0.5595915184911826,0.1971423957623546,2.844359256412682,-0.9959999817657111,-1.3117627663694167,3.5726699078769104,0.11274574456078801
1791433724.0698867,5654.637235023,58.00299999995552,-0.3357300380675202,-0.0887773728602312,-0.5527537132505875,0.2773454138935287,2.530902849445973,-0.8373287248764206,1.4435371795880227,3.7333033116082173,0.10745648475304441
1791433724.0967765,5654.664129662,58.02399999995547,-0.29939727562484947,-0.09879812412592257,-0.49964856069776303,0.3542501416079188,1.1323059779225446,-0.43199418114553445,3.3261727625500197,3.4596649521430223,0.05226938648507075
1791433724.1231022,5654.690456589,58.04499999995542,-0.24465156241393837,-0.08721027411530936,-0.4395031182754168,0.4037170617393945,0.5912086623052066,0.31385045364600955,4.415180597055448,2.947967071717676,0.01888146224521722
1791433724.1482556,5654.715617752,58.06599999995537,-0.19822163271608934,-0.05997920152245965,-0.3851251518046834,0.4251616765185447,2.154425627426388,1.541014381647636,1.748178263431965,-0.042583863133567934,-0.013414464561441247
1791433724.174408,5654.741759241,58.086999999955324,-0.1524084765993978,-0.025393822772153192,-0.36117470525979023,0.40516312386731174,1.2079170494264775,3.3865604480736424,0.5124884300763207,-1.703741498920055,0.027913558854495098
1791433724.199187,5654.766535463,58.107999999955275,-0.1994228122954434,0.040868324940411406,-0.36202520558151524,0.354462936039387,-3.4589060660344693,1.173191005607337,-0.5882085891017177,-2.9728450938200037,0.0026794813199824898
1791433724.2241416,5654.791491967,58.12899999995523,-0.27009038417961645,0.06453154788137154,-0.3834539711821531,0.28302682501413345,-3.6422345901139472,1.07242590269222,-1.3865854247564862,-3.6395426484575237,0.03152889547235774
1791433724.2509115,5654.818269969,58.14999999995518,-0.3622734655490283,0.08811168464330354,-0.4183155508990468,0.204552954705512,-6.064429387462562,0.17146814028623736,-1.84085361153856,-3.6765868331068,0.030301754979898236
1791433724.2755547,5654.842905807,58.17099999995513,-0.46898643730713296,0.08972211799227021,-0.45887093542136276,0.1314553279865137,-3.036177954723996,0.1490846611557076,-1.9485052833174545,-3.2283207829550875,0.06185472466786536
1791433724.3005865,5654.867933696,58.19199999995508,-0.5156139232232616,0.0856185035602452,-0.4981025047642976,0.07087034863232174,-0.9410919664519832,-0.5330393237864164,-1.7443042563944966,-2.5309551706249054,0.09076189577324482
1791433724.3252766,5654.892623463,58.21299999995503,-0.5020176727686441,0.06912956337285708,-0.5298956792416697,0.026213281170954082,2.1103836437577037,-1.0560287478502934,-1.2570281964308037,-1.7516683619534075,0.10472009448732772
1791433724.350308,5654.917693312,58.23399999995498,-0.5120333602331401,0.05605044112896192,-0.5486437776066865,-0.0017801534937610791,-1.2770126724238238,-0.7153710544637408,-0.5198986516405024,-0.9784050143716877,0.15087860041025267
1791433724.3776338,5654.945011595,58.25499999995493,-0.5291317348295341,0.03195373014080632,-0.5510475869038727,-0.014271643740285755,-0.4589602421727268,-2.031278728854581,0.28129282393812527,-0.2797223409893467,0.15292790768545253
1791433724.4037416,5654.971110585,58.275999999954884,-0.5355720777560866,-0.00820666882824878,-0.5366015188453339,-0.013754813954607144,-0.315638770359628,-2.064658860445348,1.01797345853177,0.26279070026589535,0.13033260133737773
1791433724.4287696,5654.996146958,58.296999999954835,-0.5512688928092443,-0.06092992841879006,-0.5075019847944862,-0.00392030208585135,0.07223489128347796,-2.572181564303453,1.6818457706669456,0.6505806118955816,0.0741409385470517
1791433724.4542537,5655.0216027,58.317999999954786,-0.5364719628274294,-0.12462669714151864,-0.4662325452358248,0.012323429702308585,2.186794201103743,-3.7702193858842032,2.1301942006757644,0.8902900058911902,0.050812546940085745
1791433724.4794776,5655.046831392,58.33899999995474,-0.5233033497573879,-0.1822615477930635,-0.4199812497396305,0.03286556834919474,0.7769414430798544,-1.948395497080386,2.0830796852551474,1.0500074797745307,0.11065571087488874
1791433724.5049748,5655.072321038,58.35999999995469,-0.49539747599939915,-0.23108517472730267,-0.38284631119830353,0.056639199643803706,1.8491129683917829,-2.1682040563337086,1.279204039297941,1.0802308782784285,0.11629786671077405
1791433724.5355227,5655.102884888,58.38099999995464,-0.4555966779227079,-0.26364003314671475,-0.310208870745039,0.061968114051140964,0.5004753054623808,-0.6778762248366836,0.012121379776978136,0.46731396926118424,0.12625109873717055
1791433724.5607271,5655.128087831,58.40199999995459,-0.4569782273585628,-0.26806414137184437,-0.2788795988040072,0.06175833296409147,-0.3257405680064409,0.13435077380588503,2.913808601454904,-0.8347454427890659,0.12137182049564607
1791433724.5859354,5655.153285147,58.42299999995454,-0.4699730386507487,-0.25817643797826295,-0.23252997212067852,0.04460659647869976,-0.9837098451852738,0.7884251321900412,2.0858502034721775,-0.9573598454818303,0.08489834851348896
1791433724.611058,5655.178413751,58.44399999995449,-0.4939532340186301,-0.23807820529283966,-0.1910940177203139,0.022551786823887105,-1.410989365117372,1.1374360752243993,1.7548093746159406,-1.1102774383693659,0.06040877626695255
1791433724.6372848,5655.204645272,58.46499999995444,-0.5235131596814182,-0.21313738241956465,-0.1850534802855665,-0.02496689464245593,-1.512353712904706,1.2481600646320496,-2.3929515653923765,-3.2357856397996265,0.05141462717342711
1791433724.6625845,5655.229943334,58.485999999954394,-0.5533773714922676,-0.18816638923706763,-0.2508891355436968,-0.05869210004249923,-1.3965774161693225,1.1365314879730657,-3.1441453101634766,-1.443739825952686,0.05304759094692013
1791433724.6880994,5655.255459553,58.506999999954346,-0.57863685416598,-0.16601925733815215,-0.3196926806963508,-0.08985175581052834,-1.0596247093203157,0.9875163472636932,-3.655875391477853,-1.9998908192460583,0.0592058710326616
1791433724.7136784,5655.281041068,58.5279999999543,-0.594197906436371,-0.14761436539990158,-0.4245988413178564,-0.11823884032271789,-0.4688920657215702,0.8075735210286923,-4.659419208013047,-0.09730032101251801,0.07016515521161266
1791433724.7416668,5655.309037726,58.54899999995425,-0.5968407486880125,-0.13196614309665655,-0.49962217573289674,-0.12219090747300755,0.19182041297227842,0.7008416722371642,-2.5645514152900626,0.04106519724955715,0.02875849866643749
1791433724.7678285,5655.335200568,58.5699999999542,-0.585041738833027,-0.11865552911838656,-0.53321418048915,-0.10555339021012931,0.9302912359560361,0.5684033769994238,-0.2221011043235325,1.4044051162440225,0.021043744631763648
1791433724.7940626,5655.361451634,58.59099999995415,-0.5563328866420584,-0.10863795274078351,-0.5072560628277486,-0.06219124899944094,1.808287711454952,0.36433791190312426,0.6129147038009715,1.6848116737483547,0.018555264830792315
1791433724.820113,5655.387481359,58.6119999999541,-0.5094433574875714,-0.10516446198414632,-0.5230271417391057,-0.020695549056896627,2.5565806182737916,-0.033047974374412634,-0.8040125824487983,2.953806963978999,-0.02580698881141073
1791433724.846303,5655.413669554,58.63299999995405,-0.4518560689961643,-0.11113914691278941,-0.522683042281069,0.04698851904828863,2.754884434024161,-0.47856395464855117,0.4162447161735476,4.147500255853722,-0.016538383054577364
1791433724.8725274,5655.440005506,58.653999999954,-0.3964208707160282,-0.12452761730834931,-0.520841317915493,0.13760263713845314,2.4627829800620984,-0.7425593280384766,-0.8267974887204235,3.425028960384723,0.040162662065303355
1791433724.899034,5655.466426177,58.674999999953954,-0.33371919546314804,-0.13808111094651404,-0.5256246445804053,0.22084321457198247,0.00741141962109676,-0.8767810193907961,0.34860844141862757,4.161351685867238,0.09674546686509898
1791433724.9244952,5655.491865757,58.695999999953905,-0.28921424380214006,-0.14273032206408376,-0.5238196780669597,0.3001644763558065,3.8401122223476696,0.4465084103913693,3.1264582685144715,3.8664118459251933,0.1064388932777188
1791433724.949587,5655.516941535,58.716999999953856,-0.23691715203863165,-0.13156848418203446,-0.5054450998956975,0.34847047781664486,2.1505618746957147,1.1265326449739472,0.7880202554880726,1.5792405937089222,0.12989868458320492
1791433724.9743934,5655.541746166,58.73799999995381,-0.19522584117540745,-0.10118371041460711,-0.4714951307059475,0.36494348717624203,2.3515112279214896,1.8728986443910844,0.5090088816011462,0.478863873177724,0.09208375777702277
1791433724.9993021,5655.56664795,58.75899999995376,-0.1467514522346827,-0.05623739655148992,-0.4781551543208089,0.3476076718607133,1.2620518304798054,3.9925262316246712,-0.6573395153027433,-1.4882319743587085,0.0868427556495373
1791433725.0240607,5655.591415434,58.77999999995371,-0.19535501415671128,0.0202515529646761,-0.49928072985093236,0.3040462815682107,-3.448852776004419,1.8288628045242834,-1.2288841833309132,-2.518501829734682,0.058560855972448846
1791433725.0529978,5655.620389184,58.80099999995366,-0.2652251841995152,0.05556559550696594,-0.5290307589169596,0.2450479684400145,-3.6241734518673114,1.4958733916089726,-1.4410458082699662,-2.9964313354876375,0.05451723835514076
1791433725.0780513,5655.645400347,58.82199999995361,-0.36126048076511746,0.09705812986867189,-0.5583530281076833,0.18229629796724006,-6.221221378122569,1.377191586350301,-1.268745715192021,-2.984080244045132,0.03157588999839403
1791433725.1031427,5655.670494362,58.84299999995356,-0.4621469541450768,0.10485003418210069,-0.5800241298498438,0.1258984239453886,-3.1256874562755095,0.3743888450654786,-0.7874171266777887,-2.5055504315462094,0.05192854140693172
1791433725.1282194,5655.695577437,58.86399999995351,-0.503402171650955,0.10479490002378511,-0.5897086198092294,0.08171796918283342,-0.8720344757490527,-0.5066487265812369,-0.11360546839166727,-1.816790711215119,0.08945415849877593
1791433725.153601,5655.720953638,58.884999999953465,-0.487178593645858,0.07825930024131914,-0.5841315341420277,0.05202095262662545,0.8813928584901791,-1.4040896337509021,0.6565574976180176,-1.0906505881853903,0.10758921520083668
1791433725.178842,5655.746190881,58.905999999953416,-0.5050156250838332,0.057269001688376654,-0.5613544267043289,0.03662939342570437,-1.2161452728931217,-2.040927699521568,1.4505489078060398,-0.40646822685689277,0.14720338024658922
1791433725.203833,5655.771182103,58.92699999995337,-0.5172993743761543,0.011729832744353751,-0.5221755822202093,0.03363690948780531,-0.5298505422304385,-3.764005777821391,2.1948884133910593,0.14076296109703743,0.1509778306174958
1791433725.2296872,5655.797051798,58.94799999995332,-0.5202502363587834,-0.04676021362919357,-0.4699383874030872,0.03978278785313259,-0.08586972249309191,-2.512602490125481,2.713460887022405,0.43715672400522904,0.14581268309660889
1791433725.256257,5655.823616931,58.96899999995327,-0.5306806304273873,-0.12065932387942417,-0.40991107349198347,0.05184066505232783,-0.22500941765049487,-3.4997233356336834,2.946635217248993,0.6504975127408382,0.11499630348402355
1791433725.281783,5655.849137858,58.98999999995322,-0.5173674865398539,-0.2078399555694244,-0.34803682598632907,0.06616919358624258,-0.05250811008059503,-3.902652603908855,2.8398707241127985,0.67789348968537,0.10722293379718083
1791433725.3070765,5655.87442679,59.01099999995317,-0.5172100434643954,-0.2666468377122425,-0.29358490463614423,0.08081470342318628,0.3376834251476346,-2.5195454075470503,2.1974319285859067,0.6448873647700342,0.14853590080185175
1791433725.332401,5655.899754334,59.03199999995312,-0.5005029515317349,-0.31017606559025007,-0.25958210739948623,0.09445333270837947,1.0099016870050488,-1.6219554173805657,0.8301464592519645,0.5644831172129913,0.16057406693664908
1791433725.360095,5655.927454945,59.05299999995307,-0.4820071684423888,-0.3226460907244601,-0.19470461754959156,0.09035384055527064,-0.14482835009318404,0.014639516894754664,2.0802027633846603,-0.9011469649894637,0.17940057806291887
1791433725.38953,5655.956892433,59.073999999953024,-0.4904126922597882,-0.3119460627923649,-0.18310105986887357,0.07565522871307678,-0.6097326682588559,0.8953416363895715,2.0926884383312525,-1.3608356214791666,0.18880353352101645
1791433725.4158053,5655.983203538,59.094999999952975,-0.5097454167801484,-0.2852493558511543,-0.13103662943590824,0.03794188408835582,-1.1558612834986184,1.5670296537659227,2.077081723995403,-1.8717077278423242,0.18790332775863267
1791433725.443051,5656.010433068,59.115999999952926,-0.5405974180707966,-0.2477170480475723,-0.08980996844091095,-0.008867528982319777,-1.5980910862607531,1.855200935718814,0.27712581168318395,-4.341778658821505,0.16895025559415147
1791433725.471252,5656.038618215,59.13699999995288,-0.5778803605113445,-0.20736414680167684,-0.1521673957553074,-0.07549789705423364,-1.7937218818538354,1.8588979042333118,-3.980373447177833,-1.2014529659560131,0.1624277187628615
1791433725.4966104,5656.063966603,59.15799999995283,-0.616620200386894,-0.1699669961479885,-0.23470916418259025,-0.10104019108057836,-1.7898362074343366,1.6822672327363,-5.231051412943725,-1.4000718573181101,0.15776059648162719
1791433725.5251062,5656.092458641,59.17899999995278,-0.651645812921918,-0.13767856439327855,-0.3493886894857925,-0.11547099922581033,-1.4379793116918211,1.3996201294340964,-6.657412296079134,0.021561645599496238,0.17592843765389132
1791433725.5504029,5656.117753163,59.19999999995273,-0.676241424330453,-0.10936942613490214,-0.49027384293690707,-0.11870297841657505,-0.8837495279585241,1.2722992000492541,-5.3078388872399165,-0.3445330259203257,0.17965435828678353
1791433725.5795248,5656.146886294,59.22099999995268,-0.6875023546757332,-0.08205764058723139,-0.5724493443854662,-0.10900693681305607,-0.1932528539091084,1.2635236369007228,-2.570561472200177,0.8248967996088986,0.18757651024956254
1791433725.6070154,5656.174374544,59.24199999995263,-0.6816534819909854,-0.054373378554553355,-0.5980488340016649,-0.07733802586488278,0.7212982161700179,1.3307132914267399,0.2917524775599953,1.5925088051377088,0.17601589298625675
1791433725.631737,5656.199091674,59.262999999952584,-0.6552982754822045,-0.027464807009630103,-0.5640588353679096,-0.037964165009723466,1.7665346926862875,1.1917297957310735,3.257824746949123,2.5614167972775848,0.1483015735218991
1791433725.6564808,5656.223835495,59.283999999952535,-0.6068300609358407,-0.005368528888589037,-0.5612758500821498,0.014298756730877235,2.728322526776456,0.732872459639012,-0.8996531910126347,3.078460579525742,0.09016540360643387
1791433725.6815567,5656.248907143,59.304999999952486,-0.5435285846934503,0.004279503076830455,-0.5639491075544433,0.08284024337250863,3.1564999122406374,0.03939539374073166,0.3175026227647068,4.163584239058044,0.13598986717961986
1791433725.7089784,5656.27633765,59.32599999995244,-0.4542368620992698,-0.0006923224411378839,-0.5664269978570524,0.1665111831597303,0.8972767461854838,-1.5926952458263073,-0.7692850012639516,1.1852666828726452,0.21477966674483281
1791433725.7367084,5656.304074744,59.34699999995239,-0.4001434671328681,-0.019454011958924357,-0.5774032263080402,0.2312697320829466,3.5848897791804903,-1.0405366702863506,-2.439119625857864,3.242605019851737,0.2487804118018937
1791433725.7627044,5656.330068695,59.36799999995234,-0.33340812249035023,-0.04209090228441401,-0.578315904690542,0.3043170557937234,2.8115283119489787,-1.0215337933508029,1.3893172469941548,3.40983229160201,0.24241619837360168
1791433725.7876961,5656.35505284,59.38899999995229,-0.2772151271540218,-0.057734061363675364,-0.5287244926747535,0.3754942532392417,6.789754868832971,0.20968456517554193,2.935349601280357,3.160100913487886,0.19044918836210703
1791433725.8155577,5656.382907099,59.40999999995224,-0.22389334796035582,-0.06191482303696909,-0.46027124780375867,0.43110413943082043,1.9846163899762204,0.11229923951820892,3.030155922812095,1.9600695553694774,0.14106456087813457
1791433725.8408763,5656.408224783,59.43099999995219,-0.16592495719667194,-0.049015900591353814,-0.4120734399860529,0.4368117235254794,2.506986478179003,0.6462818508061992,1.8078365129384826,-0.016391930241626537,0.1401370697031898
1791433725.8663087,5656.433665916,59.45199999995214,-0.1689716190464833,0.0028375637846719246,-0.3857610262303558,0.4228163744145962,-3.135527905747703,1.8882529806729473,0.6208406848022461,-2.042012797353009,0.1482439411739772
1791433725.8991961,5656.466574646,59.472999999952094,-0.23464373284015902,0.03324788274792406,-0.38561012316989685,0.3640614216960474,-3.037081502588613,1.3225153496187954,-0.4231519382039255,-3.3646065259908413,0.15948933751780467
1791433725.928023,5656.49545731,59.493999999952045,-0.30953661303088653,0.05931984281611474,-0.4039771301109448,0.2861112715925434,-3.618421410595624,1.4764418602946476,-1.162564242216457,-3.9034048714831773,0.16723052175009553
1791433725.9536908,5656.521060616,59.514999999951996,-0.4207271805011332,0.0925687731280233,-0.4343377804693301,0.2036653728316177,-4.274661781780257,0.6055021655917879,-1.6035583542135026,-3.823756608482693,0.18591045925031438
1791433725.980059,5656.547429558,59.53599999995195,-0.4746984767451327,0.10470935572652978,-0.4702118655120412,0.12740575547154734,-1.4886193267028969,0.5533893323443613,-1.7260014722186663,-3.367613080335127,0.23570325331009714
1791433726.0065954,5656.573969273,59.5569999999519,-0.478774782622259,0.10688286136794656,-0.504910235897492,0.06366039389583932,0.6966275555431969,-0.44294102216171805,-1.5362543945271077,-2.6833631744761335,0.2676517469295827
1791433726.033217,5656.600585928,59.57799999995185,-0.5047564676435331,0.10062825160913119,-0.5324187864774695,0.015372981911761622,-1.797354556496204,-0.3787239993671528,-1.0818389876364771,-1.937182996179163,0.31245127335227185
1791433726.0592923,5656.626903194,59.5989999999518,-0.532980516211735,0.08314575054006744,-0.5491085870396575,-0.017367994508077963,-1.0802606644347392,-1.985901504377945,-0.49637400419514777,-1.2325518986919224,0.31324145366608963
1791433726.087963,5656.655343707,59.61999999995175,-0.552730580229773,0.043481917157754346,-0.5517134251346573,-0.036370073653005715,-0.8419746606105959,-1.2879145202198214,0.2050777003553441,-0.6250403640437641,0.2933636571136312
1791433726.11814,5656.685503917,59.6409999999517,-0.5741969180227801,0.01863256631668256,-0.5227795549886513,-0.043510883739125206,-0.22221840550685298,-3.1395262075210795,0.317870339899762,-0.37052803218483854,0.18397074982819248
1791433726.1429656,5656.710322387,59.661999999951654,-0.5757566971291177,-0.00828199012716991,-0.4790400220460832,-0.044339098839229436,-0.0035985372325808146,-1.4042389354389968,2.734209359180037,0.11755610903334235,0.1826257054625599
1791433726.1691277,5656.736475909,59.682999999951605,-0.5705871453932699,-0.05212731369996,-0.41378659606743123,-0.03784602787153048,0.8284009093338,-1.3002360112780154,3.470780418022562,0.4899171561929628,0.23553710127235114
1791433726.1944644,5656.761845951,59.703999999951556,-0.5490511800679385,-0.09235064473340246,-0.3401280592461119,-0.026473128868923137,1.1013366316402828,-2.2366629857352813,3.589443806083675,0.7375086236901675,0.2541080173162566
1791433726.2233555,5656.790708343,59.72499999995151,-0.5273293689392999,-0.1314089902915592,-0.2733650967152165,-0.013245773202525382,0.9518225243209179,-1.4991819020433004,2.865563881675995,0.7289193566861768,0.254380153751262
1791433726.2510052,5656.818366941,59.74599999995146,-0.4929126059182176,-0.15688409531078096,-0.17580260893782268,-0.013445403334973557,2.314375197879202,-0.8564201070448499,2.8552310295580776,-0.05794348714757858,0.24515691576272816
1791433726.2761989,5656.843558133,59.76699999995141,-0.4528606526654376,-0.18062782655551346,-0.12812733005352053,-0.01573250246263452,1.6418846135477136,-0.8781792988623305,3.9052045780027504,-0.7640035977041656,0.25510727382116727
1791433726.3012843,5656.868637869,59.78799999995136,-0.42667651048184774,-0.19410865523054774,-0.1027012601893853,-0.06825947681081068,0.865592267347647,-0.39761070795661385,-2.8474046329420855,-2.3899596491779995,0.2471358114460053
1791433726.3264587,5656.89382102,59.80899999995131,-0.4190315591195414,-0.19638572375904786,-0.1737319698389427,-0.08543862774305683,-0.13028276535452013,0.18709367617733308,-3.0194537763443194,-0.7017909213334887,0.2133898328290289
1791433726.3520741,5656.919425207,59.82999999995126,-0.4324262527207736,-0.18628219063738188,-0.25603061474714034,-0.10103155464589662,-1.0174747419620018,0.7084370646473641,-4.39674100849906,-0.32748875304637254,0.23121538802519692
1791433726.385019,5656.952390598,59.85099999995121,-0.46071954310280167,-0.165800585528284,-0.35517508014019444,-0.1078994046855171,-1.5829757013929837,1.1689995939031061,-5.292802326804939,-0.6147836588264934,0.23969289752513318
1791433726.410694,5656.978062034,59.871999999951164,-0.4974261957207905,-0.13752592058582058,-0.4194693618898945,-0.11889641623864765,-1.8126815377519185,1.449387481363518,-0.9318294385665729,-0.09692901448516401,0.2716811206049144
1791433726.4363885,5657.003761354,59.892999999951115,-0.5349774380851944,-0.10504207950588244,-0.45105828836752926,-0.10416824926458047,-1.6891046126713904,1.5979527318217888,-2.373218527837648,-0.5551819958719103,0.20587410590108543
1791433726.461517,5657.028869282,59.913999999951066,-0.566421735295684,-0.07106170330689278,-0.485375564641719,-0.07432166913797003,-1.285446013039741,1.6240278679957034,-1.0460341820437629,2.9133365881240825,0.19587288497322566
1791433726.487011,5657.054363091,59.93499999995102,-0.5868671119202701,-0.037446090054827436,-0.5137961692903451,-0.010095256021812295,-0.6234285670365978,1.555073718295707,-2.2711516551354656,2.3777115064290935,0.21355506237051539
1791433726.5169115,5657.084295575,59.95599999995097,-0.5896584878571003,-0.004961724842732962,-0.5522850735292122,0.03495611981137905,0.31835407502154006,1.4586646199063769,-1.1258482279200563,1.8807600057668692,0.21703496368575834
1791433726.5439298,5657.11127971,59.97699999995092,-0.5706872519494377,0.02522659443344014,-0.5708896798896543,0.08245316973540975,1.4350399999921986,1.4117183610147477,-0.6540502385883591,2.017979176440289,0.24434330056424852
1791433726.5691707,5657.136536976,59.99799999995087,-0.5280108588470751,0.05395876336916262,-0.5794781554579416,0.12038556552046586,2.537450094002218,1.3180049861519822,-0.24531056879910762,2.0999998554541657,0.25847107563328253
1791433726.594819,5657.162168107,60.01899999995082,-0.4645548467524239,0.07930182862576908,-0.581715733041474,0.1646309611276113,3.3817136762293925,1.0446150619505528,0.05301999552664645,1.7117649588360264,0.23207816750768823
1791433726.6220503,5657.189408799,60.03999999995077,-0.37192463617164445,0.0969582533376709,-0.5756026885259921,0.19993773520841968,1.7278427992515233,-0.43838019388022414,0.47631217790724584,1.8034175762845766,0.20962602884386902
1791433726.651399,5657.218777021,60.060999999950724,-0.2822849762623623,0.10848908136128642,-0.5613781326023723,0.23341146311849223,4.972115378438824,0.8614463315565072,0.8082573997347909,1.3623096068162759,0.19368400438200484
1791433726.6764812,5657.243843303,60.081999999950675,-0.17879680064714257,0.11111869630792208,-0.5338063216584507,0.2549575211226525,5.134514685827753,0.26252901551753816,1.5517925575565004,0.4396310995783077,0.16840483150945743
1791433726.7016296,5657.268989217,60.102999999950626,-0.10510133812973904,0.12443748228078447,-0.498741213719396,0.2709301724150961,-1.3060119971645638,1.432891821942257,1.6403310010748882,0.4406952613555225,0.10580028526764007
1791433726.7300653,5657.297427809,60.12399999995058,-0.16644209180939729,0.12472080310673424,-0.4757474733485207,0.26896303111991066,-2.593339471481648,-0.5532223920008265,0.6470302389089154,-0.4493869382902698,0.03047505312882328
1791433726.756988,5657.324373324,60.14499999995053,-0.22982048948754424,0.0965339176565632,-0.4708646111703259,0.2507733193173751,-4.6141134883832216,-2.474918343178958,-0.3088530183214466,-1.15155856274247,-0.03648186729496721
1791433726.7833157,5657.350679385,60.16599999995048,-0.3101480581316428,0.07872244828430533,-0.4829046913212122,0.22229889204332115,-3.466457308163962,-0.9858260650396652,-0.9800758763323968,-1.5480555612611815,-0.05731489585161408
1791433726.8083076,5657.375666134,60.18699999995043,-0.37887436367666344,0.06870330201448432,-0.5099171700145708,0.18764418675627273,-2.56982377016792,0.14869098718097318,-1.594382492941469,-1.754503106777761,-0.015593044154967171
1791433726.8353007,5657.402651389,60.20799999995038,-0.4155263703207287,0.08199034492231848,-0.5480300853183205,0.15029812501515605,-1.663022916424446,0.641491858409558,-1.9980851740305277,-1.7950460879717902,0.037000998074926114
1791433726.8602052,5657.427556263,60.22899999995033,-0.4493699555942818,0.08460611468551006,-0.5916950104681061,0.11389597409040736,-1.4093448885540982,0.05401955078037591,-2.1183979014405714,-1.6644236312780925,0.07600316478155605
1791433726.894856,5657.462222268,60.24999999995028,-0.48178448645812655,0.08218161076321315,-0.6345207954360729,0.08158451315676994,-1.8362684308045851,-0.3592946808292043,-1.9231506372652947,-1.4058374116692294,0.09085297807973546
1791433726.9290848,5657.496451291,60.270999999950234,-0.5150156876414623,0.06977870030317491,-0.6701555110779979,0.05545779746640923,-1.438654474837725,-0.564424540871162,-1.4332059501075358,-1.073261922548603,0.12789734866476282
1791433726.956937,5657.52430714,60.291999999950185,-0.543440852602209,0.059263453193084216,-0.692408967873342,0.03591253657673944,-1.2258069283199924,-0.4333663723897833,-0.6470792327829781,-0.7885463588986755,0.150887071741364
1791433726.9820237,5657.549379812,60.31299999995014,-0.5646965743150141,0.04863035620746297,-0.6950955420773871,0.021416730617512907,-0.7697488337375463,-0.6505115534691966,0.39523529937463353,-0.6024591417099548,0.15503176679832467
1791433727.0090172,5657.576391518,60.33399999995009,-0.5778838127762652,0.03489749304407853,-0.6740821095462424,0.009679830263492267,-0.5061305903741676,-0.6124806928910892,1.5816276512226763,-0.5185123607462849,0.14417538362053742
1791433727.0339425,5657.601290651,60.35499999995004,-0.5853244752892983,0.02242877817072076,-0.6261808173382144,-0.0009356214920056706,-0.21108978394378586,-0.5493317450011787,2.907538152429536,-0.4778073909357788,0.13470993641315968
1791433727.0594225,5657.626771631,60.37599999994999,-0.5891784217755791,0.005134008226096389,-0.5501760524149703,-0.010461958011113857,-0.15513194676023304,-0.8870994689770617,4.209915906964309,-0.4152237699874709,0.1286053079712045
1791433727.0845158,5657.651886203,60.39699999994994,-0.5935847688652786,-0.013789913166769838,-0.4500352017048898,-0.017708181066372074,-0.20870029435075194,-0.7136642024576673,5.121209407793302,-0.2884010366257584,0.10653394961343214
1791433727.1136708,5657.681051047,60.41799999994989,-0.5983515684557724,-0.03176297527326469,-0.32232508162678075,-0.024858819995158824,-0.22634484490764403,-0.9060186614484902,5.061250574967678,1.4340433472980254,0.07380402780073972
1791433727.1407294,5657.708155062,60.43899999994984,-0.5995261113277004,-0.04968130411705692,-0.19429840246414895,-0.03126376710076429,0.1903534861198953,-0.8066574123074328,6.979499799470755,-0.9602251597033846,0.010310790036066731
1791433727.1709406,5657.738309145,60.459999999949794,-0.581135249780875,-0.06352415819172778,-0.06144959981906969,-0.0359408311076682,1.2512078945342926,-0.7246766362949756,7.065456866917197,-0.2845415874655933,-0.015101173465550172
1791433727.2038295,5657.771214112,60.480999999949745,-0.5556723889789549,-0.08837844328399276,-0.04224263555116031,-0.08697428669060556,0.8504855607074743,-1.0161913030717564,-2.4450028757212228,-0.39327551385746984,0.0754677516047152
1791433727.2296922,5657.797060128,60.501999999949696,-0.5433448938329595,-0.11204777437284343,-0.0822570329312267,-0.09239802501762955,0.21951433939093726,-1.1340809933455163,-1.5644193301403369,-0.37345917158683256,0.09319535089840987
1791433727.2563667,5657.823729728,60.52299999994965,-0.5451219381846242,-0.13528054766035755,-0.17683517029468332,-0.09822751033799787,-0.3880894320078392,-1.041292247277797,-6.018412543967582,-0.19879528683357006,0.13296024178774227
1791433727.2822506,5657.849631902,60.5439999999496,-0.5576610233694367,-0.1528494413546832,-0.26321139913923824,-0.10288981779632633,-0.7707794055436169,-0.6388310135870935,-4.904565712249234,0.01796095773380866,0.13000106655342353
1791433727.3080716,5657.875423779,60.56499999994955,-0.578496023402094,-0.16060279750158885,-0.32838070716303963,-0.10805106504989127,-1.174619307349309,-0.11931604483253186,-0.8422994685171501,0.05863860417462094,0.1467644109888075
1791433727.3332534,5657.900622711,60.5859999999495,-0.6044301552779031,-0.15874437759409235,-0.33116452609159985,-0.0917314772163847,-1.2850757151064927,0.2903670405499209,-1.084298357343426,2.143499282286669,0.1206614948849929
1791433727.3588276,5657.926199278,60.60699999994945,-0.6308633156458932,-0.14935510400158372,-0.3658878352801353,-0.08680852471852192,-1.2174073964903465,0.5751048596787715,-1.2416891590218415,1.3708695341962833,0.07526957699381999
1791433727.384559,5657.951940472,60.6279999999494,-0.6545864779619078,-0.13478398023063784,-0.3942357684356794,-0.05932663282304519,-1.0098260867432272,0.7569528218321377,-1.868587700461693,1.2856029761969496,0.11547394501625896
1791433727.411788,5657.979153912,60.64899999994935,-0.6702104769241852,-0.11823461673209616,-0.4282654301717325,-0.02985083036167724,-0.4785140728369649,0.7896842343584717,-1.4576215411678133,1.1886864331978475,0.13549933719572735
1791433727.440582,5658.007950894,60.669999999949304,-0.6730090154954643,-0.10174901959463108,-0.4579885897544538,-0.015897533992362205,0.24348227825209717,0.7653177028528905,-1.3293393706448886,0.40505667734571477,0.13516589617854535
1791433727.465686,5658.033050046,60.690999999949256,-0.6582765549010092,-0.08626102231390832,-0.4800883720620852,-0.007200489546510188,1.1556909293600972,0.6985560734121609,-0.7937827726240031,0.5121214895673862,0.1265198555762325
1791433727.491049,5658.058403898,60.71199999994921,-0.6229326890187004,-0.07245842080026267,-0.49338013518130086,0.013099085108987059,2.161251501902966,0.5934505170684868,-0.5575056848077132,0.8739892037856964,0.1138232198456202
1791433727.5164156,5658.083772332,60.73299999994916,-0.5662480025410104,-0.06146923592105615,-0.5043125056634125,0.03322834796613349,3.1503927406008656,0.44850400062438006,-0.4654008306889734,1.0011532289660559,0.12063307599895454
1791433727.5427706,5658.110135882,60.75399999994911,-0.49008719118497296,-0.05368864038548276,-0.5125537414953102,0.05030690990737584,3.9774296000427096,0.30008352569735003,-0.3200331245182403,0.5682108542195263,0.11187995901362552
1791433727.5686166,5658.136011579,60.77499999994906,-0.38381930990227653,-0.046253164769276496,-0.5175893597880847,0.06271295207240878,6.212285777038025,0.9447452720446011,-0.1938932714545405,0.9415837445128586,0.10274440839616544
1791433727.5959926,5658.163344873,60.79599999994901,-0.2817362617493798,-0.0452180508425968,-0.5222938836704788,0.08796510209121076,5.182665018877982,0.42385593891118345,-0.10163399868097198,0.7520281841470022,0.10112180071133615
1791433727.623525,5658.190901268,60.81699999994896,-0.1686686350716076,-0.04593192378888396,-0.5208571681905713,0.10769297474980657,3.0744776890314145,-1.0162417609642513,0.26753515252834387,1.1061919168028513,0.11266302932918415
1791433727.649529,5658.216882999,60.83799999994891,-0.07226649973763609,-0.03395590392734294,-0.5084375806516527,0.12801241368116653,1.4574995971178641,3.2494755651464517,0.9543315674322815,0.5916985190123921,0.098422250260094
1791433727.6743436,5658.241697265,60.858999999948864,-0.09697771928356863,-0.005873054988937343,-0.49872143799295454,0.14553996025673782,-1.7202685165674645,0.23382472951688305,-0.18392153865602692,0.46656740316503914,0.0019649528180653592
1791433727.7019584,5658.26931741,60.879999999948815,-0.12871603996184408,0.001335455149920717,-0.5050029588993583,0.1530376864149399,-1.6525642176284974,0.3949485127455124,-0.34905513750455863,0.26731536859232297,-0.05173299581595252
1791433727.7370932,5658.30446597,60.900999999948766,-0.1834391498080489,0.010577543163336853,-0.5141616665468086,0.15742357453547917,-3.80053825450945,0.8115269585385025,-0.4707797904225208,0.13946193028288215,-0.0775182969653114
1791433727.7629232,5658.330287334,60.92199999994872,-0.22822453037620746,0.02359382453686687,-0.5255123279507933,0.15843174635064405,-0.09411617343752449,0.19075290806644463,-0.5956104239243618,-0.02880079448937432,-0.06716232552830019
1791433727.7885106,5658.355870154,60.94299999994867,-0.248816046544486,0.024880771493608095,-0.5388561474250763,0.1555229816795011,-1.421548038988186,0.16634535420419216,-0.6758934308747823,-0.2155485490602541,0.012684398057121434
1791433727.813566,5658.380926549,60.96399999994862,-0.27049951855648824,0.02977012979089411,-0.5537685109935161,0.1487957036683438,-0.6653497814410178,-0.1695771009543413,-0.7748595268280759,-0.40717980120215724,0.025097492778563536
1791433727.838463,5658.405812505,60.98499999994857,-0.2907004697352265,0.019656330048069784,-0.5687503858706886,0.13915165501718552,-1.2723733680358205,-0.5380486125022759,-0.6872275088603816,-0.567547893328764,0.013740718172970436
1791433727.8635683,5658.430921452,61.00599999994852,-0.3118808112902866,0.014466722748589051,-0.5810831577657897,0.12750966879744324,-0.9077541596491179,-0.045716851172967615,-0.46681905265773854,-0.5844911601443834,0.05463948619987886
1791433727.8886666,5658.456022119,61.02699999994847,-0.32967957170369017,0.020270682148051833,-0.5876098538969673,0.11522770240118123,-0.7455821420091296,0.4975753229617365,-0.10372090407906628,-0.5961508776809943,0.07420301625671284
1791433727.914906,5658.482281476,61.04799999994842,-0.34135422829914663,0.02266446962702411,-0.5835525881343828,0.10299087612019903,-0.3372694268066966,-0.44794094314319394,0.5054406005779649,-0.5734395316521987,0.07590698989935732
1791433727.9406776,5658.508056899,61.068999999948375,-0.34638760860904105,0.012118158088617458,-0.5645551527525852,0.09144218375901896,-0.2049572966274771,-0.3966192581454033,1.3008981820789975,-0.5205540369254038,0.07673237674811045
1791433727.9657767,5658.533140328,61.089999999948326,-0.35129739046086056,0.0019514916764687073,-0.5275223329028829,0.08127525077895488,-0.21173780106389506,-0.6069327439966923,2.206678169311392,-0.4443165494423089,0.06879470450751053
1791433727.991034,5658.558388062,61.11099999994828,-0.3540285945822066,-0.008912039720356977,-0.470776855302476,0.07284589690848467,-0.011717366207371165,-0.3959503945251876,3.1376546251238295,-0.3688906610499499,0.06503209650585343
1791433728.0218084,5658.589163078,61.13199999994823,-0.3535171139812992,-0.01837275031027394,-0.39522043944130614,0.06605202121251004,0.02121040879361615,-0.5061033917206434,3.908234751472401,-0.3221544507837037,0.05723631370747793
1791433728.047005,5658.61436001,61.15299999994818,-0.3555446860938547,-0.0305726636516163,-0.3079398408241984,0.06026930617874315,-0.29701788112031685,-0.7561257537885036,4.126165833968863,-0.28731618436162054,0.042941806830373005
1791433728.0718665,5658.639215878,61.17399999994813,-0.36547391439161653,-0.047964232821636865,-0.18985799852085894,0.04785282422317839,-0.5691889235148312,-1.0875937578385875,-0.2097649907162804,1.0164205584380919,0.01361932577693726
1791433728.1000538,5658.667423511,61.19499999994808,-0.37635110519717596,-0.07417839680786971,-0.10366591882244729,0.032134105492920624,-0.42941436353035695,-1.435769440246104,2.605292720929183,-3.1510726858349134,-0.015936555268947782
1791433728.1285625,5658.695940557,61.21599999994803,-0.38304971197838467,-0.10490926634932847,-0.10121155398120377,-0.02220521883679575,-0.15668446796058583,-2.204416140708136,-0.6895159116318964,-0.21261293730448694,0.04425277152082003
1791433728.1543345,5658.721712875,61.23699999994798,-0.4011020794579782,-0.13906645256397177,-0.11208800752291596,-0.026500851529180892,-1.0755465326733085,-1.4744313929025274,-0.5544035975275565,-0.22094815854112282,0.07045030080077352
1791433728.179462,5658.746822833,61.257999999947934,-0.42360572061897217,-0.16799272776793903,-0.14362623960219073,-0.031046031511208324,-1.0559718761909656,-1.2318928479732063,-3.1059482856240455,-0.09306665511127013,0.09893093488650574
1791433728.2082522,5658.775625413,61.278999999947885,-0.4451438414171726,-0.18814736214850347,-0.19585882178941938,-0.026820314664196977,-0.9739264914374735,-0.6990096850213168,-1.0840917377920591,0.6840399231393713,0.12289215510754378
1791433728.2377121,5658.805069994,61.299999999947836,-0.4637941492214677,-0.19554799002887768,-0.2000459192706058,-0.013634596536301419,-0.7451656592646819,-0.06031918770949056,-0.6589535131792301,1.927636009770699,0.10152069286673465
1791433728.2687583,5658.836140737,61.32099999994779,-0.4761930898837127,-0.19024356464966682,-0.22044034597016066,-0.008378545976250928,-0.42453165041123797,0.5038148463556763,-0.9061462307229156,-0.2975024638832746,0.018795147200706536
1791433728.2945025,5658.861880707,61.34199999994774,-0.48086553338135213,-0.17468077654098932,-0.23537342050066015,0.0026131343951903627,-0.01613254853398234,0.9352751931335096,-0.6883063040032545,0.7656266908526803,0.0533238263080712
1791433728.3204815,5658.887854851,61.36299999994769,-0.47603330602383265,-0.15195624551910986,-0.25320938674077476,0.015343441080170696,0.482503106769996,1.2134257178751386,-0.9989803941065386,0.3483354271454603,0.05964234637194141
1791433728.3463345,5658.913704178,61.38399999994764,-0.4600467625633247,-0.12580337445877068,-0.27648487337460426,0.012079431401942653,1.0428084582864303,1.2838394213103266,-1.0980320845443041,-0.13918928837083944,0.04729892042171324
1791433728.3721182,5658.939491668,61.40499999994759,-0.4319964931034862,-0.09972206267008742,-0.29585732851188945,0.012159644662548198,1.6263425660630386,1.201620888125561,-0.7508633674211082,0.1987807976182714,0.03727490332795176
1791433728.4058661,5658.973240548,61.42599999994754,-0.3919712017053452,-0.07632786564889654,-0.30799607101855425,0.02961478338967088,2.1945849995968203,1.0264344779131085,-0.4850917283001811,1.1114548188261906,0.02307789679770564
1791433728.4336154,5659.001002577,61.446999999947494,-0.3407795686463882,-0.05761036073492094,-0.32008242765508055,0.044200444164059945,2.6698666459776037,0.7603778766030549,-0.6395506492000684,0.5828621325943376,0.008912097091833786
1791433728.4610326,5659.028400934,61.467999999947445,-0.28165850834398015,-0.044908304866869996,-0.3326124976977899,0.05962581397043301,2.955417659205967,0.43760433606292864,-0.5504917592452234,0.8275504661079901,0.025523379534466765
1791433728.4870682,5659.05442923,61.488999999947396,-0.22044075189351367,-0.039439052677865453,-0.34522597958089973,0.07319599767687462,2.8148089035233745,0.07236399170089788,-0.7459313354743828,0.4971070564389748,0.02776458067511867
1791433728.5124383,5659.079814861,61.50999999994735,-0.13516147234759937,-0.037402163519609954,-0.3654447285862187,0.08203473470785214,6.226853215231928,0.5467493085034941,-1.1392951758761702,0.452312063959703,0.032008852731992776
1791433728.5374186,5659.104771526,61.5309999999473,-0.07957946767874201,-0.038383385129018587,-0.38751933038919,0.08914257615391892,3.7273680167154892,0.2773217134534748,-0.9615518262847743,0.3654216031968147,0.05003554725892725
1791433728.5622337,5659.129584865,61.55199999994725,-0.06089483412105926,-0.002935690218594296,-0.40169198856576493,0.09461513946838515,-1.218761941433297,0.36203051674663933,-0.2374688310053928,0.09806227425751532,0.012774185749632598
1791433728.587061,5659.154417326,61.5729999999472,-0.08473537213275256,0.0010396339098852519,-0.4105673780011324,0.10095052379463118,-1.010925719710785,0.3013873045221273,-0.7324664547077129,0.15575602179876347,-0.030123025234769875
1791433728.6143281,5659.181681304,61.59399999994715,-0.10811277286099734,0.004785425465208924,-0.4287263306772533,0.10209286795736869,-1.2922994679109887,-0.05716156914993583,-0.7779377523335627,0.046584856882641766,-0.0923245146860065
1791433728.6402524,5659.207604808,61.6149999999471,-0.14498842366629988,0.0006771813762715056,-0.4438439684598117,0.1028314180205035,-1.743377983109744,-0.14393329307021374,-0.6734209766435466,0.011993687435920568,-0.1001406426271433
1791433728.665656,5659.23301348,61.63599999994705,-0.17281935052577427,-0.0014298361509858058,-0.45705412154220953,0.10237835880254409,-0.8902229691138732,-0.015922195045237807,-0.5859902750088312,-0.06101118993064305,-0.08795798448814236
1791433728.6907203,5659.258088835,61.656999999947004,-0.18361822724911636,-0.004281185885653521,-0.46918049727272254,0.09984555677286493,-0.3531329131624597,-0.26285967497405077,-0.5464827442655017,-0.17132159822726692,-0.07949584668454397
1791433728.7162535,5659.283640229,61.677999999946955,-0.19217605699845566,-0.009036112442739837,-0.48045478592453883,0.09512984315353215,-0.5038847618209287,-0.10870779817426857,-0.4898859464083643,-0.25949177660773304,-0.07201318761395797
1791433728.7417183,5659.309099171,61.698999999946906,-0.20359578412954205,-0.006908405682499537,-0.48968771608233014,0.08887011989760636,-0.5425670647240278,0.3458064013422216,-0.37982663543621265,-0.3196494740266504,-0.056229967436743016
1791433728.7681499,5659.33552993,61.71999999994686,-0.21350653389112953,0.0008530297420216066,-0.4952390791130174,0.08162966222357645,-0.4230285575697357,0.30724268426679835,-0.14794779437805364,-0.3522561671047548,-0.04787802517312013
1791433728.8004758,5659.367844672,61.74099999994681,-0.22119019403888981,0.005015565563044254,-0.4944068889737046,0.07379693026893994,-0.35334035321006846,0.17059269838219548,0.22203685176168905,-0.3756966863715399,-0.04733499443232915
1791433728.8254707,5659.392828579,61.76199999994676,-0.22805349431622457,0.006777861755198738,-0.48388042790439806,0.06548453573310187,-0.3398722264274322,0.06314663780963332,0.7625062302715692,-0.4133351420227072,-0.04794946211813202
1791433728.853894,5659.421247818,61.78299999994671,-0.23481427393222717,0.006943837340397143,-0.46079262133535,0.05713902308715833,-0.32144831649089045,-0.02783501396571991,1.4308553771965262,-0.39589776985238617,-0.04873626855735183
1791433728.8791497,5659.446527535,61.80399999994666,-0.24088498892137367,0.0037127514924419104,-0.42310915691682727,0.04966348574017378,-0.26911226123443516,-0.26410644893822505,2.1778452080750053,-0.3140033989590058,-0.04860745471167304
1791433728.9042792,5659.471637235,61.82499999994661,-0.24587790461411954,-0.007053277142728544,-0.37028738808194617,0.04432508134092428,-0.22746475455706044,-0.7117828436159616,2.900713692300557,-0.1665603720671782,-0.046023815614640036
1791433728.930519,5659.497899175,61.845999999946564,-0.2509059628771256,-0.029272811627939172,-0.30457838009569976,0.04253716007310294,-0.33595811901064415,-1.0759834360368348,3.4277537207272473,0.04161358486303783,-0.03833914437454266
1791433728.9575555,5659.524932172,61.866999999946515,-0.26329662261971765,-0.047741264245593225,-0.2042048266514202,0.04018889943037204,-0.7522869142302145,-0.8903580514080502,6.488337457409163,0.24692626917390043,-0.036848871710366174
1791433728.9846702,5659.5520599,61.887999999946466,-0.2796404010046697,-0.06921622857725775,-0.15023452609591784,0.01875962765447883,-0.6709917515216246,-0.8695874229456898,0.4995647878555598,-2.983590287150357,-0.04580694356847138
1791433729.0100956,5659.577456835,61.90899999994642,-0.28614315858641404,-0.08402367958245821,-0.14586315142595946,0.000446223463556987,-0.2641350675216471,-0.6811819641944199,0.3390639971242037,-0.22385274298753616,-0.009404130109440433
1791433729.035076,5659.602433225,61.92999999994637,-0.2968881171744999,-0.09936462563673462,-0.13879768972742182,-0.004622574102645753,-0.7558387870975902,-0.45424757669406535,0.12755602962799578,-0.1341917411827329,0.04665029403464837
1791433729.0604708,5659.627818572,61.95099999994632,-0.3125378529452002,-0.10611375009998068,-0.1459152311038638,-0.006848841831820849,-0.7573452788930449,-0.17282582240110464,-0.8085366434405057,-0.10489018581233253,0.07843780466962509
1791433729.085537,5659.652883388,61.97199999994627,-0.3289938369229601,-0.10568486772648548,-0.1603896565854781,-0.004602794634636944,-0.7882371375170003,0.20231883001481082,-0.5011161547432861,0.18925645537121433,0.07298575980483826
1791433729.110695,5659.678047943,61.99299999994622,-0.34555010661220875,-0.09723000557806916,-0.1627091257939562,-0.0021212365844893682,-0.7351137756829141,0.5659404399140562,0.15662709299436314,0.2777219970409011,0.0653102035950474
1791433729.136009,5659.703360459,62.01399999994617,-0.3599823288064692,-0.08182356029766487,-0.16157440675309506,0.004713104131449611,-0.5920487037845343,0.8582830950305281,-0.14912934107725676,0.2816957044131366,0.0643244070504077
1791433729.161104,5659.728454357,62.03499999994612,-0.37030124984782686,-0.06142167859704701,-0.16942040969269426,0.006907080867128866,-0.3693095088500574,1.045639596400501,-0.5094728889328685,-0.08997007125463528,0.05369036276611706
1791433729.1858294,5659.753183779,62.055999999946074,-0.37530985443510523,-0.03827569293832504,-0.18085899983956089,0.0021531439153903483,-0.09883839925915014,1.1239978485571405,-0.5575914328969249,-0.22094618258087606,0.04159634880018131
1791433729.211058,5659.778426158,62.076999999946025,-0.37419645071295327,-0.01472766995992376,-0.19266455460530685,0.001121487656262646,0.20743415371168517,1.0932629488320114,-0.575662805799933,0.08173271643213713,0.03906474168644682
1791433729.2398958,5659.807249522,62.097999999945976,-0.366328183331508,0.007104468891207665,-0.20546883695880588,0.004082866291099479,0.5289783679088279,0.970877117264817,-0.6494639541159948,0.18375503402543275,0.03282206259557423
1791433729.2647946,5659.832158959,62.11899999994593,-0.35135814279444216,0.025427344215644132,-0.21951621145715336,0.008370580069006551,0.8705490114981131,0.7697283454001367,-0.6858400773656643,0.2276867409093168,0.022616280637374805
1791433729.2899702,5659.857336126,62.13999999994588,-0.32899904858928086,0.03876165784922467,-0.23377653193526626,0.013607883681317384,1.2154487217969385,0.5047225317147189,-0.680948952576761,0.27788746327374936,0.011345472634707643
1791433729.319184,5659.886549455,62.16099999994583,-0.2995409588008484,0.046091953973180305,-0.24782713096895595,0.01910516355443297,1.5344445960772732,0.20678044824234937,-0.6735637084385763,0.24307505221524495,0.0030375243165262113
1791433729.3443716,5659.911724915,62.18199999994578,-0.2638387273194187,0.04705113057905104,-0.2626822250801207,0.02420195291304236,1.8538896405796432,-0.10816443931635578,-0.7496558405784601,0.233120452299048,0.0005078537123039845
1791433729.371245,5659.938593215,62.20299999994573,-0.22401686094797058,0.041515451513303846,-0.27994640658692754,0.02866961583538567,2.01274313240474,-0.43367022959601026,-0.8942595207774874,0.20601776514364906,-0.0005142433229793216
1791433729.397825,5659.965181839,62.22399999994568,-0.18350361526305903,0.029037354102245488,-0.30180948184385664,0.0328676989693961,1.8489813593187987,-0.7376898712681833,-1.1504825434461379,0.20185269981973386,-0.0023203101167179893
1791433729.4231677,5659.990539393,62.244999999945634,-0.11192490709650811,0.017637534185350388,-0.32818543565168395,0.03728632142511666,2.0070005016703076,-0.96954071909471,-1.2614581935170355,0.1836200138585023,0.0023396394163045587
1791433729.4488485,5660.016223937,62.265999999945585,-0.08547267480603815,0.025795009923493963,-0.35171192496265025,0.041188833293258315,-0.5937223005037734,0.11032113034286015,-0.7995662431273877,0.1436661020136665,-0.011093590743979299
1791433729.4755986,5660.042990172,62.286999999945536,-0.09406750578475792,0.02106558035604138,-0.36218654111181176,0.045095900503695156,-0.15415778164776733,-0.2535439663014897,-0.6550779184803283,0.33244854051568284,-0.024631377266297293
1791433729.5033805,5660.070746047,62.30799999994549,-0.10004449636126206,0.01536837792753626,-0.38100417803982756,0.04615842983960811,-0.530150180209881,-0.21293905075515746,-0.8833562195916558,-0.005451851728884575,-0.08149066547536042
1791433729.5359588,5660.103339109,62.32899999994544,-0.11680461681729058,0.01170540221915726,-0.3979693888105921,0.04565936175171862,-0.9606765756209521,-0.10160175598813284,-0.7820405226482072,-0.03903023402402289,-0.09648491951358427
1791433729.5617526,5660.129140313,62.34999999994539,-0.13521996754904378,0.012054451658364248,-0.41326701757360906,0.04444327984855786,-0.6322552401685008,0.2732611654799128,-0.5457702773250205,-0.091415406957743,-0.06495768402389124
1791433729.5874588,5660.154845995,62.37099999994534,-0.13895860797536994,0.014371127244804013,-0.41918180576268327,0.0413073038647804,0.019788362592867332,-0.13292225459629972,-0.02448303135115858,-0.20955610606833652,-0.04224406375524664
1791433729.6130493,5660.180413955,62.39199999994529,-0.14399083065798707,0.010002472592315997,-0.41460843421758153,0.035372676292995626,-0.6023974502244066,-0.0920752910121374,0.45426998177690375,-0.33421887530532207,-0.037388951526076276
1791433729.644037,5660.211415394,62.41299999994524,-0.15960644714487895,0.013215675386442149,-0.4012650769768545,0.026904658207884933,-0.6709254668013336,0.2041699257619864,0.7628219473872746,-0.44800967480061843,-0.007968174314663753
1791433729.6719148,5660.239277092,62.43399999994519,-0.17464289091431326,0.017570747008562367,-0.3836217562744327,0.01640753503403893,-0.7668597762814064,0.2047549501484893,0.8639563772538025,-0.5389568079320141,0.015331701744033496
1791433729.6958447,5660.263202272,62.454999999945144,-0.1917558001951017,0.021043384125424412,-0.3655703056607749,0.005112207896178899,-0.8576067640462264,0.11473272676799465,0.7873752069016319,-0.533314466427489,0.023714373542514208
1791433729.7208235,5660.288253317,62.475999999945095,-0.2112334276952462,0.022470450994699073,-0.3506910867666812,-0.0048781299518952615,-1.0018434774075302,0.028451228139559658,0.5944568714458892,-0.4071669134055991,0.026645462115702432
1791433729.7493935,5660.316820568,62.49699999994505,-0.23454266527899637,0.02243662555013451,-0.3397903182823954,-0.010587738287557977,-1.2145225840049825,-0.0364613931438003,0.4180830351741989,-0.13293325681776905,0.022278085214090373
1791433729.7751408,5660.342504192,62.517999999945,-0.2621648898723872,0.02143915656011871,-0.33032718186145554,-0.008578485805864877,-1.418784573384085,-0.0894769687622056,0.46493870433323514,0.3237495601669153,0.005459284249735982
1791433729.8011897,5660.368545196,62.53899999994495,-0.29545308617917115,0.018198476744531573,-0.2779748079700436,0.022953872183349044,-1.6346524481662998,-0.29520720053380595,1.2181885753077473,1.234515198163217,-0.07528460462727823
1791433729.8259795,5660.393330204,62.5599999999449,-0.3286662820111603,0.010047527248398675,-0.24350375875689598,0.046362759559586575,-1.5864945167417897,-0.48277306971437695,3.3873912802741315,1.9559803918791168,-0.11061114313050925
1791433729.8575091,5660.42487019,62.58099999994485,-0.36196281430874305,0.0004741098429668252,-0.17623130682127433,0.08147798332209957,-1.554276201254341,-0.385319845709373,3.904585846462424,1.0679380384752004,-0.1130926948303686
1791433729.8880813,5660.455442361,62.6019999999448,-0.391454913189066,-0.0084273457797017,-0.1652312737865705,0.09095945884447866,-1.178486471446413,-0.4387601352035371,-0.7055026986306251,0.5852435057045163,-0.1076383246549336
1791433729.9136875,5660.481058203,62.62299999994475,-0.4077045132787348,-0.017552058049534986,-0.17232219089782436,0.0962764892712821,-0.5154452611505552,-0.4213292136472389,-0.29722768853350157,0.45233244600303946,-0.11172684562674809
1791433729.945225,5660.512592738,62.643999999944704,-0.4160396235267826,-0.02477725376951852,-0.20625131278459558,0.0898043338313441,-0.3316313669877919,-0.246072078740139,-2.755849864928791,-0.8341746714504289,-0.10911263077385919
1791433729.9711626,5660.538528004,62.664999999944655,-0.4223823328581737,-0.028500946572939216,-0.23498041421542315,0.06770886384026427,-0.22882605261094885,-0.18821834440897428,-0.8519319783752568,-0.5502372957570166,-0.10064780811829127
1791433729.9962013,5660.563558944,62.685999999944606,-0.4219373746351046,-0.03381773331824914,-0.2464950299917672,0.055134384351121564,0.2401016064735902,-0.18012006759015045,0.4059383514163337,-0.7184820290383097,-0.10779518316104045
1791433730.02421,5660.591568692,62.70699999994456,-0.41825485235622495,-0.03861845712444122,-0.24738083738839017,0.04764224424941338,-0.016466674015668835,-0.218488679713318,-0.5611188638644238,-0.22012900686880477,-0.1011191444551581
1791433730.058504,5660.625858352,62.72799999994451,-0.4236043042860657,-0.03983438179489138,-0.2554370226871551,0.04438604393167064,-0.5220651325714092,0.006122101455581331,-0.24150463619147672,0.14038309923432757,-0.09965392951011562
1791433730.0833132,5660.65066232,62.74899999994446,-0.43529165672905457,-0.042453623872557314,-0.26296066578987276,0.053148912210001543,-0.4469362941555412,-0.27808913575226785,-0.4939324803240968,0.33034347728827207,-0.07799755907427816
1791433730.1083748,5660.675726689,62.76999999994441,-0.4388793344164761,-0.04759692097855568,-0.2759315807192324,0.055070969830014964,-0.07998106069041372,-0.1588715259787304,-0.6727870889063419,-0.04556640196043357,-0.058309585749967696
1791433730.1330638,5660.700419139,62.79099999994436,-0.43967976194438424,-0.050542768904892156,-0.28851126641579894,0.05288620410502585,0.04087757471486282,-0.14076482317875566,-0.44080007754198913,-0.13512269129435267,-0.037693583997685395
1791433730.1586764,5660.726033541,62.81199999994431,-0.43597477877966434,-0.052607670171622455,-0.2934394877137775,0.051527813633978195,0.261800660255127,-0.05789282916110341,-0.10876827674065032,0.020231324571625364,-0.022643297401089748
1791433730.182796,5660.750143279,62.83299999994426,-0.43059063499239786,-0.05361268485164056,-0.2954211309833728,0.05269677919585231,0.2433734253461134,-0.06633834762619875,-0.11369632696857182,0.04100278765945748,-0.01189192384370039
1791433730.2088268,5660.776179715,62.853999999944214,-0.424748227734211,-0.05550476480011651,-0.2974362879479132,0.05250993281701606,0.35485407345961123,-0.0900398229851936,-0.04825740296247819,-0.03585333462480094,-0.0036076402859306586
1791433730.240021,5660.807376565,62.874999999944166,-0.4151517467570784,-0.05623433877763608,-0.29670407529362125,0.05217091520073447,0.5241896242165518,0.0020355826690861348,0.09791267404154862,0.012130705689654476,0.00466840200713858
1791433730.266285,5660.833645619,62.89599999994412,-0.4046177349710198,-0.05680979957334558,-0.2943639638765887,0.05259795853653084,0.4635156906427934,-0.023511382685276257,0.10596853222560923,0.008740441568713404,0.006945351070455333
1791433730.292361,5660.859714806,62.91699999994407,-0.39596714135467104,-0.05723834869549343,-0.29230108208316996,0.05218796822600596,0.3745629953679781,-0.0134230446518343,0.09991904878465663,-0.04034851829332115,0.007771687939374256
1791433730.3175354,5660.884885737,62.93799999994402,-0.3887907059766186,-0.05698703254171415,-0.28978490972575977,0.05133562873197375,0.3053463688371258,0.04055571985309841,0.13983222133488413,-0.032981216689158634,0.009726674489977181
1791433730.3431554,5660.910506621,62.95899999994397,-0.3840644049206441,-0.05551858270271646,-0.28669458465663733,0.05112366043502484,0.14044187757876744,0.0955312161784102,0.14517781333537483,0.002076137275262509,0.010200372635406844
1791433730.3679295,5660.935279323,62.97999999994392,-0.3834263974093595,-0.05297034570678909,-0.2838028537297083,0.05108574192658422,-0.059105182176167045,0.14647311164431984,0.13370854137254395,0.008941405577430974,0.010306543167468585
1791433730.4011822,5660.968559269,63.00099999994387,-0.38647244438787065,-0.04893831318337569,-0.282090449139228,0.05050961631198062,-0.19954308435258708,0.23884554235232627,0.06260381715913393,0.0061504902089954405,0.00956265908222575
1791433730.4320924,5660.999467633,63.02199999994382,-0.3928427121656927,-0.04532638178672991,-0.28051725174867176,0.05104868080981393,-0.38290604637745923,0.10368342806166164,0.0288107249005705,-0.011071026616147443,0.01473575021405598
1791433730.4606528,5661.028022419,63.042999999943774,-0.39937875802815037,-0.03966584421729189,-0.27923366503458846,0.05269249165487031,0.012845142129292005,0.35660532220690533,0.07670777907423702,0.11125520433707503,0.03325210212514991
1791433730.4871457,5661.054534014,63.063999999943725,-0.39452287639825306,-0.03545606671228782,-0.2762752225794456,0.05598910603968653,0.26647338312155466,0.12169520868552017,0.16721150415234085,0.17356549535236895,0.04590117926330803
1791433730.5140722,5661.081429594,63.084999999943676,-0.3891041556701175,-0.03259192614921833,-0.27148491720810886,0.060765157430386255,0.3048602495327439,0.17206167100677836,0.27786988403762913,0.24877792439757557,0.046746481160649056
1791433730.539673,5661.107034026,63.10599999994363,-0.3811791647924594,-0.029715263679974624,-0.2643192229679927,0.06580832759773421,0.38643575066254854,0.05148151482571159,0.38780841725355486,0.218996007547976,0.045866105394442094
1791433730.565989,5661.133345584,63.12699999994358,-0.3743727656069606,-0.029857649064288172,-0.25582736494226405,0.06971735492555053,0.27070398576024457,-0.009524830958351245,0.4072530084853657,0.14964240506944765,0.04407424839277131
1791433730.5909584,5661.158310037,63.14799999994353,-0.3694245150230651,-0.028841836743933685,-0.2472826370320437,0.07156233254637108,0.21917091244096484,0.07792548399750945,0.41435624271714,0.046643041319614845,0.04196109213654254
1791433730.6161726,5661.183537132,63.16899999994348,-0.36482270233497643,-0.027544660857526264,-0.2385065644207407,0.07209793471211222,0.21658778449258356,0.049285790849421564,0.41952842940792134,0.011680129748558218,0.039059819947250565
1791433730.6413856,5661.208758179,63.18999999994343,-0.3606187754772134,-0.026781202710611202,-0.2301180776257241,0.07214076765178687,0.1817542051570942,0.02655835087332029,0.38052271072436744,-0.004003833049935097,0.0345901608868998
1791433730.673363,5661.240738105,63.21099999994338,-0.3574379781207157,-0.026270680063759166,-0.22271011216899475,0.07200099137995644,0.1251867760842782,0.024977952620370555,0.3334617620582442,-0.005830523779045012,0.029481447359174618
1791433730.6990116,5661.266384357,63.23199999994333,-0.3553978756459676,-0.02572549392408446,-0.21622639621073816,0.07199787761102724,0.07741269717739004,0.024830035613724846,0.29080059226753974,0.007730570651208654,0.024786776582781667
1791433730.7277942,5661.295189942,63.252999999943285,-0.35422288688572184,-0.025296985671266693,-0.21068718498655667,0.07230839606902453,0.037651162889929334,0.016694070694169904,0.2387098525554106,0.01980423376522757,0.020301318127793865
1791433730.7550733,5661.322449268,63.273999999943236,-0.3539203861041622,-0.024973076495921308,-0.20637457153177485,0.07271939795610384,-0.004206265774100264,0.015409755410177988,0.17766819316878335,0.018213858405536316,0.01599194853176102
1791433730.781859,5661.349231142,63.29499999994319,-0.3543773680493379,-0.024636861412761175,-0.2033272493197963,0.07302657645641171,-0.03433813283080051,0.01617313557545018,0.1175659221005426,0.011704648979426103,0.011838444998162655
1791433730.8082933,5661.375670047,63.31599999994314,-0.3553372297695862,-0.024312102360631575,-0.20145843882030143,0.07321892983952263,-0.05440378149991979,0.01487380260138701,0.06503278229111899,0.007613485161555348,0.007917979016075617
1791433730.839573,5661.406957696,63.33699999994309,-0.3566432468592436,-0.02401072317531364,-0.20061962402022954,0.0733600209994536,-0.06829899174783446,0.013876661376184315,0.01810478689195552,0.005934041038025717,0.004241308188951893
1791433730.8644593,5661.431814537,63.35799999994304,-0.35817559867661586,-0.0237474219478157,-0.20068909278043837,0.07345529365843466,-0.07595223842275782,0.011095580727796284,-0.021011998966490874,0.0030396796540499644,0.0006883765784653943
1791433730.8893633,5661.456714015,63.37899999994299,-0.3598005017250374,-0.023552908152877108,-0.20148803149089273,0.07347744548999158,-0.07843234192956662,0.007627734164223328,-0.052227937475822016,-0.0010313740211706243,-0.002678171488376655
1791433730.9141223,5661.481468723,63.39999999994294,-0.3614393408397766,-0.023437437341097905,-0.20283031125195375,0.07340607261075016,-0.07732232395682063,0.0035324679284741206,-0.07288461537638907,-0.005573119142118075,-0.005828939182920458
1791433730.9501207,5661.517503103,63.42099999994289,-0.3630188937985101,-0.02341181942610843,-0.20451674027100322,0.07324210470078643,-0.07286233963990435,-0.0008130936761184825,-0.0852898290862137,-0.00976999298282041,-0.008753498697973846
1791433730.9766874,5661.544058757,63.441999999942844,-0.364481431303522,-0.02347376830386758,-0.2063890776343355,0.07298877865549545,-0.06629113026813685,-0.004791039919144852,-0.09097442370730725,-0.014029910336375686,-0.01142853254453843
1791433731.0014818,5661.568835093,63.462999999942795,-0.36579220187808276,-0.023614123612239274,-0.2083174090924378,0.07264604290083672,-0.05843658590490938,-0.008328778451572996,-0.09128244166321225,-0.0182430779033553,-0.013837300862353205
1791433731.0275319,5661.594909913,63.483999999942746,-0.36692137658920404,-0.023824331704781126,-0.21020383534707185,0.07221911895543362,-0.04918200172064028,-0.011504075835431582,-0.08758859037867914,-0.02208941066282602,-0.016014637350829287
1791433731.0521796,5661.619528148,63.5049999999427,-0.36784289174264123,-0.024098290535275197,-0.21197459556520953,0.07171846084919964,-0.038843952208080484,-0.014411140213185097,-0.08091113908814833,-0.025340518029114408,-0.017997947964297798
1791433731.0781634,5661.645521932,63.52599999994265,-0.36853670331400357,-0.024430027412673354,-0.21358141393171462,0.07115725350181598,-0.027669921560765972,-0.017035668220719672,-0.07220341836878168,-0.027933259883650894,-0.01982685325274614
1791433731.1035235,5661.670873183,63.5469999999426,-0.36898622193257047,-0.024813998603877348,-0.21498385111914753,0.07054979295975264,-0.01575266545846553,-0.019373886158627496,-0.06224486806113709,-0.029882427035363025,-0.021557382402286253
1791433731.128774,5661.696123315,63.56799999994255,-0.36918215914899344,-0.025244482519433693,-0.2161788516006413,0.06990341661208103,-0.0036748369721744793,-0.021528383330083854,-0.05218275820304057,-0.031690137275138676,-0.023226278979113852
1791433731.1538868,5661.72123613,63.5889999999425,-0.36912188251548805,-0.02571835335821945,-0.21715512864677958,0.0692218049389466,0.008734643853460636,-0.023443401698328162,-0.04186043505124678,-0.033198565418510455,-0.02487382892284759
1791433731.1811838,5661.748534199,63.60999999994245,-0.3688002320467437,-0.026229245153298157,-0.21792280362278388,0.06851086187739727,0.020981930080024722,-0.025111802828539823,-0.03223265753453406,-0.034496828588484234,-0.026496948730956323
1791433731.206246,5661.77359162,63.630999999942404,-0.3682284992484825,-0.026774129173540048,-0.21849401855602876,0.06777386777356595,0.032688610767639854,-0.02666823963201703,-0.02316430094975221,-0.03563024303527831,-0.02810391090996222
1791433731.2329035,5661.800258263,63.651999999942355,-0.36741973152319196,-0.027350044579922322,-0.21889013891858705,0.0670138911708146,0.043586113537015705,-0.028054910683603093,-0.015425674045302047,-0.03666871279670246,-0.02964725870597403
1791433731.258846,5661.826210767,63.672999999942306,-0.3663938736042744,-0.02795359494501546,-0.21913638048139705,0.0662328065651062,0.053409604760494805,-0.029300664534806304,-0.008834339628333033,-0.03759222494602862,-0.031095660359709388
1791433731.2841582,5661.851531301,63.69399999994226,-0.36517539903876756,-0.02858232565090771,-0.21925726156133774,0.06543349015032761,0.06206154618731508,-0.03044539136984517,-0.0032802027158195584,-0.038384906264469554,-0.032430667318500125
1791433731.3093722,5661.876724473,63.71499999994221,-0.36379144477911385,-0.029233855162301193,-0.21927516163583663,0.06461933213626642,0.06917682523750815,-0.03150678074782536,0.0010430167817428416,-0.03906215483332606,-0.03364269444015951
1791433731.3370175,5661.904367851,63.73599999994216,-0.3622782318425813,-0.029907225805518224,-0.21922120407683035,0.06379189355485748,0.07442125593992224,-0.032538593983916377,0.003634263007763531,-0.039695941349141964,-0.0346603214861585
1791433731.3617861,5661.929135154,63.75699999994211,-0.3606700852773537,-0.030600642790549484,-0.21912767563939256,0.06295258472881021,0.07829483271123282,-0.03341469399450635,0.005012245104073435,-0.04020103396232852,-0.035458809867159984
1791433731.3865504,5661.953917756,63.77799999994206,-0.3589957137393404,-0.031308416948323106,-0.21901973857724896,0.06210843659425006,0.08060443019117093,-0.03398934555814017,0.005077091655610675,-0.04026909982807562,-0.0360292448654743
1791433731.41259,5661.97994365,63.79899999994201,-0.357293612671746,-0.032029354542305634,-0.21892144073262665,0.061260795498904584,0.08084205163051895,-0.034747857726795145,0.004197825259889001,-0.040651594135523376,-0.036505401345610734
1791433731.4379632,5662.005340753,63.81999999994196,-0.3555917554814306,-0.03275423465897151,-0.21886486907248634,0.06042236733654272,0.08045910268887722,-0.034530994475283835,0.0012944284951218984,-0.039700869421606624,-0.0364863161876187
1791433731.4691901,5662.036560618,63.840999999941914,-0.3539072599623247,-0.03347448255364304,-0.21887944391486325,0.059600203228421425,0.07884551538413183,-0.0343391644205497,-0.002463754774291876,-0.0390557184835529,-0.03633504398899247
1791433731.4945333,5662.061899461,63.861999999941865,-0.3522727569869052,-0.03418524643594498,-0.21898291752298293,0.05880032904015334,0.07591116735035229,-0.033738549365930084,-0.007016516101251705,-0.03771522637371354,-0.03592159972335038
1791433731.5194056,5662.08676695,63.882999999941816,-0.35070748290641324,-0.03488457148742924,-0.21918303217486168,0.0580248413584073,0.07247705269738333,-0.03310392807822677,-0.011782690998323221,-0.036541056415293795,-0.03529481324939805
1791433731.5448124,5662.11216798,63.90399999994177,-0.34923005788837796,-0.03557003921742059,-0.21948920681592685,0.05727122530809491,0.06796731143149141,-0.03229510824738427,-0.017033200232833036,-0.03544025789296135,-0.03445893592824751
1791433731.5744796,5662.141842341,63.92499999994172,-0.34785679964472194,-0.03623712418192918,-0.21990348833193407,0.0565406169851904,0.062816703297004,-0.031284764776941074,-0.022107952063369414,-0.03421185625223882,-0.03344086807058538
1791433731.6005645,5662.167918089,63.94599999994167,-0.34660057434817254,-0.0368823163083451,-0.2204194771535492,0.055837065151329975,0.057358815918627966,-0.03003494947175292,-0.02675993371125756,-0.032680528943139435,-0.032250705034854915
1791433731.6263258,5662.193679833,63.96699999994162,-0.345455380106581,-0.0374970883936562,-0.2210266603178985,0.05517007270691351,0.05215120922441998,-0.028470639965665186,-0.03085185677280708,-0.030850520309676634,-0.03083837557166169
1791433731.6522036,5662.219559294,63.98799999994157,-0.3444251286364474,-0.03807803936998588,-0.2217124009768539,0.0545409420473561,0.046705798445524895,-0.02669211804239074,-0.03429352026594895,-0.028961827192975333,-0.029277698938544275
1791433731.6779275,5662.245281215,64.00799999994157,-0.3435477680333954,-0.03859426758043261,-0.22242424899105798,0.05397971384801258,0.04187545749473493,-0.024782124340592356,-0.036813013047906434,-0.02707010917667398,-0.027611116179211182
1791433731.7071688,5662.274543294,64.02799999994167,-0.3427618385285211,-0.03907032263464371,-0.22317784057261317,0.053457630394805514,0.03740631030884798,-0.022748969191161206,-0.03843201406531302,-0.025120693224276867,-0.025797040518055505
1791433731.735474,5662.302827219,64.04799999994177,-0.3420628532857126,-0.03950445055300725,-0.223953104709137,0.052975366436175925,0.03320257336940429,-0.02055899244369629,-0.039084577241468604,-0.023060585189954783,-0.0238763032541095
1791433731.7619562,5662.32932252,64.06799999994186,-0.34144420404854164,-0.03989368406329446,-0.22473158856089323,0.05253528604244479,0.02936863042891995,-0.018317818114190903,-0.038769837052862535,-0.020963088555740323,-0.021856454444588398
1791433731.7859786,5662.353364951,64.08799999994196,-0.34089039087559364,-0.04023554793052803,-0.22549628789636847,0.05213888641532345,0.02657768926366821,-0.015816156046863847,-0.03780491558924027,-0.018683699885605056,-0.019710623452125736
1791433731.8121502,5662.379524813,64.10799999994205,-0.34039034039283866,-0.040526056815518824,-0.22623367615690762,0.05178911471056466,0.02387721244167851,-0.013282186866231322,-0.035961696767572625,-0.01639173071398981,-0.0175035262602267
1791433731.8360791,5662.403444685,64.12799999994215,-0.33994033828254,-0.040766426317460074,-0.22692459925981692,0.05148463911564128,0.0217644742155561,-0.010734989293241017,-0.033369243643739964,-0.014089659223154518,-0.015289457481426183
1791433731.861005,5662.428374364,64.14799999994224,-0.33952458252628614,-0.040955795032286794,-0.22755828096795372,0.05122609787941439,0.020156260858890402,-0.008263141910586294,-0.03018882106370157,-0.011873100714450068,-0.01306064872271028
1791433731.885644,5662.45300396,64.16799999994234,-0.33913561762769034,-0.041095145582582156,-0.22812396788527264,0.051011539556996915,0.01915559563841256,-0.005702805656482141,-0.02664400570445638,-0.009648766360982747,-0.01082946255795959
1791433731.9101794,5662.477540368,64.18799999994243,-0.338763090124543,-0.041183125369474785,-0.2286144841779928,0.050841652833648006,0.018334760698929316,-0.0032048639384772747,-0.02261145128672373,-0.0074651676126032815,-0.008646419127360527
1791433731.943785,5662.511165649,64.20799999994253,-0.3384060963651396,-0.041223055627971676,-0.2290199838801874,0.050714429621649536,0.017712509159032188,-0.0008683159174340328,-0.018311316789408123,-0.005345848970313679,-0.006554231737043374
1791433731.9706504,5662.538035948,64.22799999994263,-0.33805851631795925,-0.041218151458232065,-0.22933936465175786,0.05062836726506411,0.017207820955035636,0.0012357968100611561,-0.013903990949233216,-0.00339652774336256,-0.00455919865968359
1791433731.9959407,5662.563312243,64.24799999994272,-0.3377195311283866,-0.04117287971049235,-0.22957036623671598,0.05057942381055855,0.016911527699782727,0.0032076249673765444,-0.00956282890989238,-0.0015891696098596323,-0.002674559556871792
1791433732.0216336,5662.589002438,64.26799999994282,-0.3373866223794294,-0.04108954164837583,-0.22971579019305932,0.05056539905390241,0.016461361970042304,0.005000975365653106,-0.00522095471934266,6.372813681204159e-05,-0.0009206849177582678
1791433732.048026,5662.61540769,64.28799999994291,-0.33706554183645643,-0.04097250759764801,-0.22977486164117086,0.050583184618583105,0.015895104383360358,0.006612940567517221,-0.0011442403321487045,0.0016497780363054213,0.0006893146481698689
1791433732.0733366,5662.640908481,64.30799999994301,-0.3367543360118805,-0.040825058200268306,-0.22975955690185984,0.05063141122538163,0.015323379354911092,0.008011979726804322,0.0024207035964109633,0.003045443726114034,0.0021587495637236257
1791433732.0985413,5662.665891958,64.3279999999431,-0.3364580214112542,-0.04065184772210072,-0.2296758081234733,0.05070517200813648,0.014434526997730327,0.009213135367889267,0.005638448928423538,0.0042549180821545695,0.0034769174117074146
1791433732.1226764,5662.690031355,64.3479999999432,-0.33618217800760497,-0.0404565637895194,-0.22953298304217257,0.050801942997634436,0.013243783556489443,0.010214742461093586,0.008476188904873234,0.005331371143156856,0.004645935401078486
1791433732.1465344,5662.713882204,64.3679999999433,-0.33593412328104677,-0.04024309577180506,-0.22933676574450898,0.05091909258295771,0.01172683096061784,0.011037420510003754,0.010819879223903796,0.0063245794946397435,0.0056714143094872315
1791433732.170687,5662.738035755,64.38799999994339,-0.33571824619627505,-0.04001540751256358,-0.22910171999018478,0.0510544652521192,0.00998343137753283,0.011638039423406023,0.012575288353867554,0.007112956421731066,0.006552834666707873
1791433732.1990397,5662.766387501,64.40799999994348,-0.33554083446213373,-0.03977756672810766,-0.22883466924930593,0.05120348449668888,0.007903471481923522,0.012072171807317181,0.01400752310028053,0.007735644318996076,0.007304049351104617
1791433732.2259283,5662.793310325,64.42799999994358,-0.3354074610972526,-0.039532157731821095,-0.22854375584515754,0.05136430241765727,0.0056093528711147955,0.012404040129370955,0.014989865724155955,0.008290574573596235,0.007933729265112497
1791433732.2514427,5662.818799781,64.44799999994368,-0.3353222771354028,-0.03928128461293937,-0.22823860891256692,0.05153518567164949,0.0030377215803506982,0.012611524529278067,0.015428462809570933,0.008737176383824437,0.008454472567603732
1791433732.2767441,5662.844118131,64.46799999994377,-0.33529129096277593,-0.03902783708148186,-0.22793006667265028,0.05171357127582151,0.0002653205819399345,0.01266212821161207,0.015474144141330613,0.00904063146233551,0.008873370387858895
1791433732.3037932,5662.871216581,64.48799999994387,-0.33531692543123454,-0.03877364078321683,-0.22762384040259503,0.05189754993789823,-0.0028177569153939076,0.012828939850345037,0.014964154650128323,0.009402647779197764,0.009249168734312922
1791433732.3281713,5662.895590195,64.50799999994396,-0.33540752420911957,-0.03851532447204769,-0.22733725792555662,0.05209021159487283,-0.005882886466793424,0.012787000490636706,0.014156227668176424,0.009733224652858622,0.009525955890083749
1791433732.3536663,5662.921038436,64.52799999994406,-0.3355533697270946,-0.038263170659377496,-0.22705596643977743,0.05228527255886543,-0.008603824043059151,0.012445434111217811,0.013929538748025995,0.009722623160439248,0.00969395489133256
1791433732.378688,5662.946056345,64.54799999994415,-0.33575671182536465,-0.03801682913256696,-0.2267862045986427,0.0524783894497811,-0.011577154531206628,0.012168121791426333,0.013055700704928681,0.009563662625472879,0.009834189704858998
1791433732.4028635,5662.970224043,64.56799999994425,-0.3360180123679258,-0.037775476026294066,-0.2265378788031451,0.052668646866350366,-0.014336344824605048,0.011941319726122812,0.011977986430299214,0.009454976954746199,0.009927312227544817
1791433732.4283183,5662.995698487,64.58799999994434,-0.33633093826177124,-0.03753747233407715,-0.22631013833916117,0.0528589159103525,-0.016858738852436224,0.011842818386949205,0.010878957204736911,0.009578017744863809,0.00998452735184186
1791433732.4527595,5663.020137303,64.60799999994444,-0.33669347232820557,-0.037301078022121965,-0.22610651821397126,0.053053072092576696,-0.019272729531153297,0.01170614752659835,0.009699181669682602,0.009757592513701114,0.010011644245522764
1791433732.4771118,5663.044484382,64.62799999994454,-0.33710189143866487,-0.037068802991840885,-0.2259249082140506,0.053249020777041446,-0.021506650679332658,0.011478541017046522,0.00857540810573328,0.009770872684654167,0.010002365565558318
1791433732.50436,5663.071733944,64.64799999994463,-0.3375530033842698,-0.03684155814482943,-0.22576671762859052,0.053443308860468615,-0.0234964965493948,0.0111920248030433,0.007445459092340337,0.009602089494651021,0.009977694363160388
1791433732.5284693,5663.095831303,64.66799999994473,-0.338039823314254,-0.036620164014126,-0.2256291153898891,0.053633435961554524,-0.02514503026823471,0.010918808680097892,0.006464123125121884,0.009395039565311564,0.009932201214625142
1791433732.552724,5663.120074482,64.68799999994482,-0.3385568547253546,-0.036403499688079294,-0.22551102505337528,0.0538203400794024,-0.026529467363210803,0.010718278835624996,0.005464821914948695,0.009288889650056543,0.009875540988585108
1791433732.5772479,5663.144604694,64.70799999994492,-0.3390981024241891,-0.03619020304260298,-0.2254133704022434,0.05400624025850687,-0.02760946486854219,0.01056358243931017,0.004452365984468059,0.00927053413530799,0.009802857336093459
1791433732.6015944,5663.168946153,64.72799999994501,-0.3396577674396924,-0.035979884483270004,-0.2253348874589589,0.054191822866176846,-0.02839958995750541,0.010412905865757152,0.0035394141315965833,0.009246241733219543,0.009707259106981194
1791433732.6259766,5663.193327576,64.74799999994511,-0.34022941473182927,-0.03577261771338376,-0.22527376404826097,0.05437644377249003,-0.02882622334017386,0.010266479747714314,0.0026849721516939338,0.00918900359120678,0.009599671216541905
1791433732.6507864,5663.21818317,64.7679999999452,-0.34080736641497844,-0.03556847282183101,-0.22522862066506058,0.05455945930871541,-0.029003514511133286,0.010118017789476786,0.001924757438765363,0.009100025329867293,0.00947058919407753
1791433732.674435,5663.241792071,64.7879999999453,-0.3413865367432066,-0.03536765757175078,-0.22519734102796832,0.05474002112273654,-0.029066044940257715,0.009893103885792516,0.0013277862677057654,0.00890611067520067,0.009308179372535743
1791433732.6987658,5663.266121777,64.8079999999454,-0.3419651332192326,-0.03517197141233069,-0.22517634772852696,0.054915556719467774,-0.028904695408420906,0.009637962025599212,0.0008423180808192081,0.008643116444771233,0.009108143771358702
1791433732.7227306,5663.29008909,64.82799999994549,-0.3425369185875505,-0.03498143390431175,-0.22516458499958497,0.055086000682431524,-0.02840699873610477,0.009365439801097757,0.0004348139265627124,0.008394187992358039,0.008879768015919675
1791433732.7469823,5663.314394805,64.84799999994559,-0.3430961156269504,-0.0347964304140271,-0.22515989597449199,0.05525158326155991,-0.027696452959206006,0.00910240177661338,7.613709630331986e-05,0.008167251687552377,0.008618475314924557
1791433732.7744558,5663.341844316,64.86799999994568,-0.34364011112282516,-0.03461657739949539,-0.22516332158335703,0.0554126874020809,-0.02689751561146449,0.008840145902692295,-0.00038804389145696985,0.007940806821724017,0.008328168169149185
1791433732.7990851,5663.366459247,64.88799999994578,-0.3441667520981563,-0.03444250222393384,-0.22517681818791643,0.055569007076100185,-0.025941845210324957,0.008526735621539982,-0.0008953386034721455,0.007691713631831635,0.008005384845635162
1791433732.8248222,5663.392192129,64.90799999994587,-0.3446726122747521,-0.03427490027711661,-0.22520007360243427,0.055720008399021866,-0.02487543066905669,0.008199887522263674,-0.0013889587997785655,0.007408885286252041,0.007646166112958397
1791433732.8494601,5663.416812117,64.92799999994597,-0.34515757203981595,-0.03411424307549739,-0.22523338188976919,0.05586455850523368,-0.023862335724346935,0.007821665268173442,-0.0018950471744757444,0.007042041477652731,0.007247594323129499
1791433732.873933,5663.441280963,64.94799999994606,-0.34562228989208327,-0.03396197353711111,-0.2252764933010976,0.05600072200000932,-0.022765441384934235,0.007390186607708686,-0.00237972588072718,0.006604920671084166,0.006813515553744483
1791433732.9002526,5663.467605111,64.96799999994616,-0.34606383352519854,-0.03381875070552553,-0.2253293744104725,0.056128176535975884,-0.021634809420095498,0.006906610552506573,-0.002876615387253039,0.006165793615252517,0.006355774431744846
1791433732.92712,5663.49447839,64.98799999994625,-0.3464844376565327,-0.03368556409578928,-0.22539292518507642,0.0562468258912264,-0.020626640523216746,0.006409409372202368,-0.0034755672553116,0.005730784066550233,0.005870506266175269
1791433732.9506822,5663.518034456,65.00799999994635,-0.34688524471415894,-0.03356247297555244,-0.22546956158365078,0.05635637832361697,-0.019650889631504527,0.005886948733865231,-0.004135497215899934,0.005244820898205572,0.005362590484692826
1791433732.9751163,5663.542482559,65.02799999994645,-0.34726588988870283,-0.03345001738215085,-0.22555873145428335,0.05645555679250078,-0.018560380601135157,0.005380780338240881,-0.004775204941086289,0.004739315165157389,0.0048389706039549734
1791433733.000422,5663.567810276,65.04799999994654,-0.3476262581567883,-0.03334770239724686,-0.22566163532299552,0.056545595501096044,-0.01768904651986036,0.004833922999463513,-0.005459781101855918,0.00428783703489819,0.004312605026932773
1791433733.0246077,5663.591981704,65.06799999994664,-0.347971608561862,-0.03325727658930047,-0.2257773480964635,0.05662514686108153,-0.01695859024100463,0.004225949358879511,-0.006092515069051231,0.0036802894144139842,0.0037610556045924743
1791433733.0495045,5663.616874014,65.08799999994673,-0.3482993359798831,-0.033179134672225885,-0.22590429118985145,0.05669078982961718,-0.015926848927336583,0.003609885583588919,-0.006518146367279741,0.0029535393502018673,0.003199398329422269
1791433733.075197,5663.642593431,65.10799999994683,-0.34860571049758476,-0.03311300786580454,-0.226037001081612,0.05674331473471623,-0.014870694221349241,0.003035286775991443,-0.006747425360232454,0.0023883626336269684,0.0026491668576927997
1791433733.10047,5663.6678836,65.12799999994692,-0.3488933684063475,-0.03305807521844241,-0.22617571477733678,0.056786066650830476,-0.014077918046812405,0.0024802814132035026,-0.007155912690367399,0.0019277479646162918,0.0021171076736063994
1791433733.1255586,5663.692932038,65.14799999994702,-0.34916714588428266,-0.0330143317515662,-0.2263244297079054,0.056818647272806895,-0.013409006705005114,0.0019250817622199115,-0.007686751606992599,0.0013634775409118083,0.0015996726220073919
1791433733.150478,5663.717845059,65.16799999994711,-0.3494262835174341,-0.03298134885468956,-0.2264821668772445,0.05683922886504438,-0.012580843585799327,0.001414773670896168,-0.008019584276294553,0.0007654679951838383,0.0011040910180926153
1791433733.1766746,5663.744046648,65.18799999994721,-0.34966798281541284,-0.03295787119251605,-0.2266439715261427,0.05684899862660992,-0.011715003413347698,0.0009702587281740651,-0.008137675306589473,0.00028532275776259645,0.0006408990976279171
1791433733.2015755,5663.769013803,65.2079999999473,-0.3498940221348002,-0.03294292796727353,-0.22680767073280225,0.056850070443990146,-0.010995635618807429,0.0005578275568718318,-0.008231615676578489,-0.00012755416931177688,0.00021428742040636894
1791433733.2299442,5663.797314844,65.2279999999474,-0.35010644605000707,-0.032936057057577364,-0.22697336220501171,0.056842603580919866,-0.01032192373382415,0.00016494729856831805,-0.008324446857862681,-0.0005749163426258789,-0.00017461340333034577
1791433733.255,5663.822368071,65.2479999999475,-0.3503049910637804,-0.03293657502197318,-0.22714013024204963,0.056826143141332865,-0.009607219875423356,-0.00017148714460265418,-0.008323468245276116,-0.0010098528197078898,-0.0005221776863460767
1791433733.2807775,5663.848139901,65.26799999994759,-0.35048886083697783,-0.032942966604772084,-0.22730515452735553,0.05680155853805494,-0.008846255821510083,-0.00042952190550457896,-0.008152209807508892,-0.0013890201737980449,-0.0008236784065761559
1791433733.3052678,5663.872632277,65.28799999994769,-0.35065737571733824,-0.03295391340221734,-0.22746510932759642,0.05677019244039138,-0.00807135387405793,-0.0006279017708740891,-0.007826123522085494,-0.0016853091233420387,-0.0010787002504007185
1791433733.3298771,5663.897275747,65.30799999994778,-0.3508105671102184,-0.03296828418870904,-0.22761746810346517,0.0567335833532484,-0.007310501407571575,-0.0007811866509873648,-0.00741312153249375,-0.0019310139629366023,-0.0012858792615136633
1791433733.354252,5663.921616224,65.32799999994788,-0.3509487288695825,-0.03298528899191084,-0.22776131149344903,0.0566923993603938,-0.00655993540396058,-0.0008851666140359389,-0.006971330725185044,-0.0021388030322169946,-0.001449550380133366
1791433733.3788097,5663.946173583,65.34799999994797,-0.35107185447689065,-0.03300365846528698,-0.22789580901873113,0.05664742792717938,-0.005794947335517895,-0.0009213307569982457,-0.006471516641660238,-0.0023136039860160267,-0.0015666126322437916
1791433733.4084978,5663.975857338,65.36799999994807,-0.3511795388037863,-0.033022029223268225,-0.22801947194171018,0.056599427031900136,-0.005021359871000353,-0.0008912285166664133,-0.005886415235693519,-0.00244068746892733,-0.0016404401742093073
1791433733.432592,5663.999945821,65.38799999994816,-0.3512719685799639,-0.03303921630778179,-0.2281306624468714,0.056549547232591216,-0.004260675957494305,-0.0008088926792090796,-0.005229740168668611,-0.002505308374374741,-0.0016734346437575563
1791433733.459002,5664.026360982,65.40799999994826,-0.3513493041977692,-0.03305432596967836,-0.22822823716317223,0.05649888802149503,-0.0035095110955538694,-0.0006884812016693803,-0.004526036473590605,-0.002527246926848943,-0.0016684759322908747
1791433733.4871857,5664.054580021,65.42799999994836,-0.35141176149546793,-0.033066630578521564,-0.22831134362053923,0.05644802467509752,-0.0027572828173261115,-0.0005273831349043924,-0.003777248806622645,-0.0025250810993060293,-0.0016276146903231614
1791433733.5118349,5664.079201748,65.44799999994845,-0.35145917674888466,-0.03307527670967725,-0.22837923943803282,0.056397449213339404,-0.0020197238439604148,-0.00033436189419275904,-0.0030236226843440156,-0.002501267710254737,-0.0015583538470462495
1791433733.539296,5664.106678819,65.46799999994855,-0.3514924516198075,-0.03307973457490233,-0.22843201799676113,0.056348020944518844,-0.00133058851287205,-0.00010821927986908064,-0.002249079614697726,-0.002420839892730751,-0.0014626982903363844
1791433733.5632923,5664.130657943,65.48799999994864,-0.3515122718871042,-0.03307939267573149,-0.22846922990318955,0.056300145872490354,-0.0006613688264743994,0.0001414895453298468,-0.0014647758705769922,-0.002345392734543493,-0.0013455517799292145
1791433733.590454,5664.157827221,65.50799999994874,-0.3515188380728329,-0.03307381106850208,-0.2284906850839681,0.05625403446990757,3.88718458060867e-06,0.0004142593399919722,-0.0006619597970450951,-0.0022406097465390283,-0.0012110637582713982
1791433733.6192653,5664.186636079,65.52799999994883,-0.3515124048561599,-0.0330625705492387,-0.22849601495617367,0.05621028457671254,0.0006267406995258826,0.0006987617378519392,0.00013027154031910914,-0.0021221858652097103,-0.0010636455592366945
1791433733.6435018,5664.210866204,65.54799999994893,-0.35149476698547566,-0.033045711535399015,-0.22848645322054584,0.05616890072430479,0.0011287245317889642,0.0009730203876266325,0.0008346482760475897,-0.0019981120994563943,-0.0009114458919856542
1791433733.668877,5664.236239713,65.56799999994902,-0.3514674534796081,-0.03302340965096291,-0.2284626829983866,0.0561302813858,0.0016209039576455652,0.0012463290848851458,0.0015604496605470092,-0.0018601360207927498,-0.0007532477724499231
1791433733.6927462,5664.260101728,65.58799999994912,-0.35143080965289986,-0.0329955602309284,-0.2284251062690039,0.056094067486248955,0.002049129276051198,0.0015207002426357262,0.0022179879286609943,-0.001751700898511202,-0.0005979900107984446
1791433733.7169461,5664.28433045,65.60799999994921,-0.35138595885521057,-0.032962351818691005,-0.22837402105101853,0.056060153261529404,0.00245451797956169,0.0017842604370763336,0.0029109469273990054,-0.0016360795164778571,-0.00044513516836280535
1791433733.7448277,5664.312228516,65.62799999994931,-0.3513338069711527,-0.03292392677499718,-0.22830971602241815,0.05602840617483876,0.0027981509585297717,0.002038266293794945,0.0035628059853663806,-0.0015314476318908003,-0.000298392109029209
1791433733.7691798,5664.336564296,65.6479999999494,-0.35127506424346044,-0.03288072961228895,-0.22823259746536612,0.05599869955326852,0.0031155903826737877,0.0022593009790141633,0.004184268462158888,-0.0014376954346559852,-0.00016181988030580766
1791433733.7998862,5664.367244145,65.6679999999495,-0.3512105746250792,-0.03283338260110761,-0.22814364292249908,0.055970658958022196,0.0033688005771992766,0.0024552822497512197,0.004755454696517159,-0.0013661130043517674,-3.900467109668036e-05
1791433733.8240085,5664.391363735,65.6879999999496,-0.3511417394270018,-0.03278233284191524,-0.22804354853683811,0.055943836735999126,0.0035699773490708133,0.0026290238729015695,0.005309080750649981,-0.0013145584471447149,6.993750471300233e-05
1791433733.8481538,5664.415505838,65.70799999994969,-0.3510692596419346,-0.03272804393843075,-0.22793261635707646,0.05591792190054433,0.003726698020890447,0.0027787380555603235,0.005831458641147327,-0.0012771534943508463,0.00016379553595054154
1791433733.8725355,5664.439886388,65.72799999994979,-0.3509944095419497,-0.03267103108247442,-0.22781179496698148,0.055892484668335934,0.0038126135690218443,0.0029018160790527004,0.006304318340910183,-0.0012696369481618606,0.00024180793310647598
1791433733.8982081,5664.465559391,65.74799999994988,-0.3509184166699184,-0.03261186980364784,-0.22768187347215849,0.055866994882304226,0.003861564630975488,0.0029917175901104224,0.006760401913583931,-0.0012767480696374428,0.00030387005985898656
1791433733.92237,5664.489720632,65.76799999994998,-0.3508417480221385,-0.03255124063965649,-0.22754314412334595,0.05584123015560158,0.00387440732517327,0.0030500554340848196,0.007175378055683754,-0.0013021179910447799,0.00034960699399893543
1791433733.9463544,5664.513707254,65.78799999995007,-0.3507646111694894,-0.03248972717361048,-0.2273958521904075,0.05581467997093638,0.003875222440997878,0.0030872434457267584,0.007582557072533959,-0.0013553688626472813,0.00037929952110197964
1791433733.9700859,5664.537448197,65.80799999995017,-0.3506879423070361,-0.03242761625836385,-0.22724083227742223,0.055786855776443295,0.0038684821874483757,0.003108421639930895,0.007992748394519347,-0.0014251247667897737,0.0003934707083488337
1791433734.0018835,5664.569245492,65.82799999995026,-0.3506117607485016,-0.032365188350823304,-0.2270780309140171,0.05575752888404046,0.0038095404381843934,0.003115532059903608,0.008337985023663461,-0.0015098784410773006,0.0003939517791848716
1791433734.0262058,5664.593780961,65.84799999995036,-0.3505371506355871,-0.032302998597582976,-0.2269089510488857,0.05572625294994161,0.0037556716218341128,0.0030822465822021032,0.00867793877461313,-0.0016128717678554872,0.0003809812689346234
1791433734.0503352,5664.617702384,65.86799999995046,-0.3504629888331561,-0.03224172543348641,-0.22673234529375866,0.05569302903613557,0.003726392956525611,0.0030319879784562343,0.009043761830093117,-0.0017063690559351132,0.00035630308615193957
1791433734.0742688,5664.641620267,65.88799999995055,-0.35039014724489415,-0.03218152954502258,-0.2265494041778802,0.05565785555292154,0.0036338631384169266,0.0029714149199272645,0.009324270186373813,-0.0018135498801572472,0.00032165818670384423
1791433734.0980904,5664.665438682,65.90799999995065,-0.3503197958086671,-0.03212263122681179,-0.2263620211881524,0.05562017195009481,0.00346958153543376,0.00290206759498479,0.009472698505596174,-0.0019545343577593833,0.00027915492731508924
1791433734.1278832,5664.695244263,65.92799999995074,-0.35025074242758947,-0.032065496027285256,-0.22616981797731084,0.05557962109353002,0.0034809250140452035,0.0028085803129726224,0.009796031544953674,-0.0020877388994559047,0.0002252158826145432
1791433734.1518748,5664.71922508,65.94799999995084,-0.3501827590665868,-0.03200991383959606,-0.22597247245119706,0.05553674294292764,0.0034123017357764263,0.00272864788636495,0.010049160461452659,-0.002196599338360871,0.00016566165121866693
1791433734.1757593,5664.743109244,65.96799999995093,-0.35011623295857064,-0.03195620127451381,-0.22577038524518234,0.05549138604081239,0.0032927619356728764,0.0026296165359684727,0.010191924127634637,-0.002341902997469735,0.00010202680464256876
1791433734.202183,5664.769532707,65.98799999995103,-0.35005157180103336,-0.031904627473252976,-0.2255661116084252,0.055442806638337776,0.003257547862224892,0.0025186760794518055,0.010330983635678817,-0.0025023027895388944,3.203607466901217e-05
1791433734.225879,5664.793234979,66.00799999995112,-0.3499872880776107,-0.03185501739734379,-0.22535894899493839,0.05539146396556817,0.003236914519354472,0.002428453202951713,0.01046857444125241,-0.00261941806841747,-4.1385414770474786e-05
1791433734.251535,5664.81890342,66.02799999995122,-0.3499237623720498,-0.031807260796131935,-0.2251495914251325,0.05533799059330424,0.0031817006636706705,0.0023295873238023024,0.01054428052641482,-0.002723032781835349,-0.00011757506730232758
1791433734.27713,5664.844502975,66.04799999995132,-0.34986134149369785,-0.031761667953821765,-0.22493932516121148,0.055282322256363536,0.003144083191997733,0.0022128978397789483,0.010582379156603285,-0.0028365896585699616,-0.00019659499259588707
1791433734.3057134,5664.873102747,66.06799999995141,-0.34979928088355955,-0.03171840389635424,-0.22472845549189635,0.055224326965676536,0.0031229328129424336,0.0021023582714604755,0.01057666354613194,-0.0029547711714719583,-0.00027724127388603946
1791433734.331052,5664.898420862,66.0879999999515,-0.34973795642793304,-0.03167719679062127,-0.22451875725993242,0.055163870815048484,0.0030697157233716085,0.0020049302983642797,0.010468189835888077,-0.003081750096446491,-0.0003594428827854476
1791433734.357118,5664.924483509,66.1079999999516,-0.3496776145886822,-0.03163794173842071,-0.2243117848592107,0.05510095849122418,0.003039943273942062,0.0019033281567498303,0.010333267791800379,-0.0031932625275003933,-0.0004443885067607688
1791433734.3862677,5664.953653156,66.1279999999517,-0.3496174204328685,-0.03160075984066377,-0.22410728559696658,0.05503618073720487,0.0030361421442854017,0.0017999480227987542,0.010200416183781855,-0.003270150061953887,-0.0005315025737199035
1791433734.413014,5664.980395729,66.1479999999518,-0.34955763662425454,-0.03156563068792477,-0.22390614780274373,0.05496999401503697,0.0030012877669704525,0.0016981011700760136,0.009991312721945823,-0.0033424423576111687,-0.0006196890772562601
1791433734.4373617,5665.004734348,66.16799999995189,-0.3494985483301484,-0.03153257616054937,-0.22370978955018275,0.05490201106590956,0.002983006847006354,0.001590455329858617,0.00974524554741711,-0.0034438724488424187,-0.0007099377587856548
1791433734.4618711,5665.029252263,66.18799999995198,-0.3494393919773795,-0.03150171544442063,-0.2235183226074442,0.05483197058606188,0.002989020257755504,0.0014834533460973505,0.009479671141221998,-0.003544506880583207,-0.0008023301391910949
1791433734.492205,5665.060077045,66.20799999995208,-0.34938042923526197,-0.03147288655945983,-0.22333301642368197,0.05476001998345697,0.002942612172114942,0.0013897955471915328,0.009104257359131352,-0.0036398807709133243,-0.0008966200312390283
1791433734.517857,5665.08523463,66.22799999995217,-0.3493227127097387,-0.031445902235183364,-0.22315604556772514,0.054686174517021985,0.0028984092319691893,0.0012918288003424575,0.008702043031453664,-0.0037250172885106817,-0.0009937241380496744
1791433734.5419967,5665.109366513,66.24799999995227,-0.3492651528098245,-0.03142100854410679,-0.22298627694907394,0.05461109546029125,0.002950040159525062,0.0011779363328459254,0.008388436679406645,-0.0037562639898068195,-0.0010925613128255748
1791433734.5660386,5665.133393676,66.26799999995237,-0.34920531535811133,-0.031398650509541916,-0.22282159815777028,0.054535623897727654,0.0030263820258152785,0.001056995923679752,0.008092236640628475,-0.0037929219143669085,-0.0011925540817837193
1791433734.5909631,5665.158310016,66.28799999995246,-0.349146570521342,-0.03137841673781191,-0.22266569488900176,0.05445841904254585,0.0029102233535421543,0.0009536303215176705,0.007573867576061713,-0.003922309735550132,-0.0012949163956396644
1791433734.6148167,5665.182162579,66.30799999995256,-0.3490893100973959,-0.03136041854395239,-0.22251996472778157,0.0543782122719011,0.0029167858415742134,0.0008343568928325857,0.007111155919978803,-0.004064984669908309,-0.0014011860976424794
1791433734.640566,5665.207914901,66.32799999995265,-0.3490295114649112,-0.03134484942615133,-0.2223812956856156,0.05429617331806499,0.0030840352944542754,0.0007220643222944156,0.006807394064110132,-0.004106180292163288,-0.001507624261523546
1791433734.6642697,5665.231622517,66.34799999995275,-0.3489682759931217,-0.031331246748469765,-0.22224990247963092,0.05421386173955983,0.0030680828526871685,0.0006258465860823261,0.006379900298820259,-0.004117212072522271,-0.0016138678367570505
1791433734.6881726,5665.255526174,66.36799999995284,-0.3489084309602456,-0.03131990998095516,-0.22212804211190712,0.05413046508553445,0.00298815910444876,0.0004961923604654295,0.005874368386036918,-0.00421454521187293,-0.0017218478577391272
1791433734.7138662,5665.281223109,66.38799999995294,-0.34884855461948877,-0.031311406790660475,-0.22201537099536273,0.05404474661576504,0.003042574432323174,0.00035856558615044034,0.005448306588308886,-0.0043349775831466415,-0.0018299859033746406
1791433734.7392793,5665.306637563,66.40799999995303,-0.3487879498174485,-0.0313053288795522,-0.2219111203567177,0.05395702214125831,0.0030787905930217004,0.000244896977352662,0.005054527932458108,-0.004400449306697659,-0.0019362171369975382
1791433734.7649848,5665.332349341,66.42799999995313,-0.34872682375402286,-0.03130160712784788,-0.22181426706581642,0.053868356482502114,0.003073779416383172,0.00012489854627531705,0.004663115182299388,-0.0044485854064015284,-0.002038163021640267
1791433734.790645,5665.358028741,66.44799999995323,-0.34866652031761414,-0.03130031326721149,-0.22172612142434295,0.05377844121250716,0.0030102426906005123,3.7912753149805207e-06,0.004199775317782048,-0.004526801687933007,-0.002138759444959203
1791433734.8145342,5665.381886624,66.46799999995332,-0.3486072935868886,-0.03130146951798943,-0.22164695791936073,0.05368668960461658,0.0029947683438015546,-0.00011877439281315562,0.0037904006852563497,-0.004614414602156102,-0.002236086873648098
1791433734.8448944,5665.412247917,66.48799999995342,-0.34854692009017085,-0.03130497148266436,-0.2215745716822994,0.05359373013027391,0.0030614508027978896,-0.00022356626455982226,0.0034680335368170337,-0.00466072120769985,-0.002323396727326589
1791433734.8688412,5665.436232625,66.50799999995351,-0.3484870931818036,-0.031310307295167185,-0.22150956016990603,0.05349978769295483,0.002966163902767151,-0.0003129900923434381,0.0030710423185416977,-0.004711602330617636,-0.0024078139034422264
1791433734.8950205,5665.462367724,66.52799999995361,-0.34842853773705035,-0.03131771501359086,-0.22145191137758657,0.05340475703334564,0.002950310736327976,-0.0004214251271248408,0.0027335014068187676,-0.004768751136518504,-0.0024828451395038304
1791433734.9198666,5665.487215731,66.5479999999537,-0.3483701306693448,-0.03132707187264769,-0.22140066035353176,0.05330869205368895,0.002947012036138532,-0.0005056107405861567,0.0024238800698122547,-0.004803644524722245,-0.002547507559303837
1791433734.9474604,5665.514812078,66.5679999999538,-0.3483119127263716,-0.03133793641332713,-0.22135544747247043,0.05321220131882778,0.0029228396198747978,-0.0005760231219438253,0.0021254472892201738,-0.004822839691087638,-0.0026015659993294526
1791433734.9753556,5665.542715682,66.5879999999539,-0.34825452227864595,-0.031350166619198455,-0.221316046663421,0.053115232424212476,0.002863618039335611,-0.0006419027574384496,0.001840072878067746,-0.004851977644446598,-0.0026476909379857154
1791433735.0004807,5665.567850909,66.60799999995399,-0.3481983489262571,-0.03136366841024544,-0.22128196143438522,0.053017680079771326,0.0028153147375782547,-0.0007001869778486636,0.0015961412214298997,-0.004873680841649363,-0.0026843765368054773
1791433735.0252283,5665.592598855,66.62799999995408,-0.34814284873084445,-0.03137820415819976,-0.22125223281131945,0.0529199702844209,0.002783221580291737,-0.0007448303487543658,0.0013912955686706508,-0.004868205945050707,-0.0027080954101722527
1791433735.0496342,5665.616995257,66.64799999995418,-0.34808823616956086,-0.031393457784222305,-0.2212265281548786,0.05282261670943827,0.002731160288665673,-0.0007707869793971262,0.0011911623345091903,-0.0048388604873788425,-0.002718161174308536
1791433735.073511,5665.640861108,66.66799999995428,-0.3480348165492748,-0.03140905888975676,-0.22120476921418647,0.05272592935139943,0.0026549280367975407,-0.0007835139618158529,0.0009971496774496813,-0.004811509532123186,-0.0027156349903847735
1791433735.097639,5665.664995274,66.68799999995437,-0.34798310412464656,-0.0314247818818747,-0.2211867219148384,0.05262977570011033,0.00257472936553926,-0.0007792295587727903,0.0008207188097380632,-0.0047757711070352165,-0.002703165848585918
1791433735.124096,5665.69147215,66.70799999995447,-0.347932732376482,-0.03144025319201458,-0.22117179706778198,0.052534493541740404,0.0025131540126171526,-0.0007609973642076647,0.0006821394082829419,-0.004728997943995476,-0.002676627461474437
1791433735.1482317,5665.715577677,66.72799999995456,-0.347883805991973,-0.03145521975872882,-0.2211594381606807,0.052440270871973685,0.002415563036417251,-0.0007294599251067967,0.0005504983482698477,-0.004670811493528071,-0.002638070142737396
1791433735.1745934,5665.741948562,66.74799999995466,-0.34783713254672893,-0.031469428564288894,-0.22114980082233357,0.05234751607867505,0.0023255924108561915,-0.0006806348792885062,0.0004242536804207428,-0.004570893854060817,-0.0025863624960103197
1791433735.2007136,5665.768062864,66.76799999995475,-0.3477917384614982,-0.03148242057709371,-0.22114233275650536,0.0522570798766111,0.0022435743295449806,-0.0006158807326887165,0.0003216321505214427,-0.004461152160017983,-0.002520501762481645
1791433735.225683,5665.793040852,66.78799999995485,-0.34774866811245875,-0.0314939969501658,-0.22113696477120526,0.052168734657624664,0.002118021813546408,-0.000534875788237654,0.0002172868460438505,-0.004351620721595488,-0.0024464681978839174
1791433735.2493396,5665.816693794,66.80799999995494,-0.34770790773275395,-0.03150385125460757,-0.22113338300105306,0.05208256492185502,0.002004995685070133,-0.00044927044328701217,0.00014856077279640028,-0.004251303050333058,-0.002362224059052814
1791433735.2767112,5665.844074062,66.82799999995504,-0.3476694857189644,-0.031511926355002835,-0.22113082641219692,0.051998491964859055,0.0018835230633988493,-0.0003522070821637759,9.896897119325084e-05,-0.0041312314277288185,-0.0022697583854500098
1791433735.3027802,5665.870146699,66.84799999995514,-0.34763357948865514,-0.031517927746792004,-0.22112932298434493,0.05191710519676372,0.0017577247776502634,-0.00024413925403313135,4.6443112699423215e-05,-0.003988326773320868,-0.0021659032278800697
1791433735.32716,5665.894517848,66.86799999995523,-0.347600232827033,-0.03152165871613626,-0.22112885533613824,0.05183864393323979,0.0016182063448684466,-0.0001265138232235537,-6.366456188584571e-06,-0.00384289259351321,-0.0020523979082144677
1791433735.354003,5665.921355389,66.88799999995533,-0.3475698504812127,-0.03152291419289483,-0.22112948525931803,0.051763188200997984,0.0014706289218676127,3.5156274502650655e-06,-5.675012180140924e-05,-0.0036862463374499016,-0.001932908853457658
1791433735.384411,5665.951773685,66.90799999995542,-0.34754235181128573,-0.0315214527470411,-0.22113093073125126,0.051690962948865354,0.0013220060620972105,0.0001431933782255537,-9.096344470769752e-05,-0.003523526085718802,-0.0018078147789564471
1791433735.4089901,5665.976381389,66.92799999995552,-0.34751799425025653,-0.031517138408397205,-0.22113292951179958,0.05162199559418352,0.0011627566576991964,0.00028888528268183216,-0.00011284157110075959,-0.0033587342618552917,-0.001676968336706286
1791433735.4342756,5666.001639291,66.94799999995561,-0.34749684842776796,-0.03150988498722712,-0.22113523259664786,0.0515563106381716,0.0009871516170401962,0.0004327984761988058,-0.00012181657376295995,-0.003202424097619183,-0.0015426578742526213
1791433735.459014,5666.026378423,66.96799999995571,-0.3474795060368175,-0.031499798208964175,-0.22113760064018934,0.05149371733914618,0.0007944919911879106,0.0005756345649455945,-0.0001216828820533089,-0.0030426811999741785,-0.0014079129700372256
1791433735.4867215,5666.054204146,66.9879999999558,-0.3474658913975955,-0.03148685426640916,-0.22113984302474354,0.051434406796168924,0.000609843748483401,0.0007166493585863544,-0.00010947842230880045,-0.002878494857134938,-0.0012704524671131607
1791433735.513787,5666.081163741,67.0079999999559,-0.3474560569833665,-0.03147109302500183,-0.22114180524343646,0.05137839522182428,0.0004124592787430934,0.0008580561107740553,-9.63100138614115e-05,-0.0027130310174188275,-0.001132108746853241
1791433735.546525,5666.113928769,67.027999999956,-0.3474503625673375,-0.03145250146496176,-0.2211435099904062,0.05132564153191855,0.00019027251249638643,0.0009967875108126247,-7.73219787189685e-05,-0.0025591552339689723,-0.0009954684923336172
1791433735.5731497,5666.140518952,67.04799999995609,-0.3474492426185972,-0.03143115112393301,-0.22114472595832924,0.05127592809074971,-2.404847304931583e-05,0.0011394455274010941,-6.087214866893939e-05,-0.0023957576709177,-0.000859403006966657
1791433735.5996408,5666.167035519,67.06799999995619,-0.3474519593714023,-0.03140694278572728,-0.22114574835104872,0.051229566467979944,-0.00021379838610384553,0.001275852784339408,-4.237757648322563e-05,-0.002238857860591551,-0.0007215521181750569
1791433735.623425,5666.190791658,67.08799999995628,-0.34745874095962637,-0.03138002498635224,-0.22114621797161016,0.05118620456636865,-0.00043365964859013546,0.0014136676627563157,-1.247063526784059e-05,-0.0020904698907561483,-0.0005879941757549376
1791433735.6476765,5666.215039053,67.10799999995638,-0.34746996455412743,-0.031350350385677,-0.22114602693131924,0.051145856164210635,-0.0006348889872435872,0.0015507066337862177,3.127800446416684e-05,-0.0019350108318227101,-0.00045667723923324276
1791433735.672309,5666.239663611,67.12799999995647,-0.3474847768732826,-0.03131797440486429,-0.22114468970993556,0.05110853493879469,-0.0008261259597885569,0.001680455436246281,9.344278621782198e-05,-0.0017977263918843203,-0.00032743232231492535
1791433735.6959066,5666.2632601,67.14799999995657,-0.34750388280257116,-0.031283098541447986,-0.22114215826567443,0.05107378837743529,-0.0010478255254413186,0.0018030939631713439,0.00015219850238937862,-0.00166963805882472,-0.00020371140924859435
1791433735.7209127,5666.288260432,67.16799999995666,-0.3475272293485198,-0.03124586131138295,-0.2211383429287487,0.05104160636578669,-0.0012536521505599365,0.001915405753269334,0.00022393455157063665,-0.0015442591773136328,-8.377268897149838e-05
1791433735.7478364,5666.315209457,67.18799999995676,-0.347554678211988,-0.031206453546655875,-0.22113298172245066,0.05101188922458986,-0.0014665322921638198,0.002021058882622534,0.00030419123272988304,-0.0014238961849410844,3.159339904157402e-05
1791433735.7738194,5666.341579345,67.20799999995685,-0.34758647690833977,-0.03116497614566194,-0.22112605582826328,0.050984572387585726,-0.0016741680949319561,0.0021233925285616684,0.00038078608357802415,-0.0013014004268482495,0.0001429312522740946
1791433735.7999046,5666.367254692,67.22799999995695,-0.34762213184699675,-0.031121501207910157,-0.22111761129690694,0.05095958184941602,-0.0018732995333241398,0.0022181647315697777,0.00045575426583263786,-0.0011989988166782532,0.00025037095274055103
1791433735.8258297,5666.393181851,67.24799999995705,-0.3476619953003742,-0.03107619765389131,-0.22110775266003124,0.05093650500999693,-0.0020832472360900367,0.0023086708933834307,0.0005262197903144836,-0.0011021897621971161,0.0003516600497749086
1791433735.8569288,5666.424289484,67.26799999995714,-0.34770581994541994,-0.03102910508833773,-0.22109640275717174,0.050915422187865156,-0.0022743137468382445,0.0023957310546753566,0.0006055246819363418,-0.0010030902269479937,0.00044828168484205104
1791433735.8811495,5666.448499973,67.28799999995724,-0.3477534528378444,-0.030980308683063028,-0.22108345215136507,0.05089626976380166,-0.002469988208137055,0.002478234480587246,0.0006829005493312552,-0.000909666752851149,0.0005401102274445293
1791433735.9068165,5666.474163912,67.30799999995733,-0.34780502361537763,-0.03092996033581289,-0.22106903831843905,0.05087889700993298,-0.0026640499390941557,0.0025510651803236075,0.0007561327263613094,-0.000825700132602751,0.0006268843681967996
1791433735.932977,5666.500325935,67.32799999995743,-0.34786029310394695,-0.0308782094896218,-0.2210531320731062,0.05086311862126073,-0.0028416185784052705,0.0026188470690987884,0.0008316991779798808,-0.0007488202321005533,0.0007087722159298337
1791433735.961851,5666.529202758,67.34799999995752,-0.3479189387345405,-0.030825165464783075,-0.22103570585145962,0.0508488162966809,-0.003006186513969189,0.0026802320858052694,0.0009104260669536812,-0.0006793295551310343,0.0007858059344391482
1791433735.9902763,5666.557636983,67.36799999995762,-0.3479808562208976,-0.030770912283364545,-0.22101673952210166,0.05083584851744538,-0.00317466113303832,0.0027404767043936154,0.0009812072194055944,-0.0006145579651645102,0.000857481858059466
1791433736.0159748,5666.583348816,67.38799999995771,-0.34804634472082835,-0.030715476021046503,-0.22099659334957764,0.05082415785085497,-0.00337968900714154,0.0027975288110213036,0.0010257892619891511,-0.0005540366484500228,0.0009231831814400202
1791433736.0412765,5666.608642547,67.40799999995781,-0.3481162275424476,-0.03065896876229248,-0.22097585459882746,0.05081389774592044,-0.0035603701407237046,0.0028463541745892542,0.001057675648601613,-0.00046236610216412343,0.0009841916980830086
1791433736.065366,5666.632717301,67.4279999999579,-0.3481885103825757,-0.030601592024696363,-0.2209540068698194,0.05080521046571981,-0.0036738943938444584,0.0028841703105953616,0.0011279969063637404,-0.0004185792853980065,0.0010427825705818148
1791433736.0915391,5666.658896983,67.447999999958,-0.34826345655911845,-0.030543518925914385,-0.22093090099310256,0.05079689573464788,-0.0038038684847707437,0.0029196346143455466,0.001186061385456988,-0.00040416088118725156,0.0010959221124154173
1791433736.1172848,5666.684638156,67.4679999999581,-0.3483404457270294,-0.030484701860021973,-0.22090658180621411,0.0507891072101809,-0.003881111229986428,0.0029572325255808937,0.0012557490050170996,-0.0003676399667031217,0.0011438111355958954
1791433736.141346,5666.708717202,67.48799999995819,-0.34841892752437975,-0.0304250663934316,-0.22088088645053652,0.050782260824309165,-0.003978013695254101,0.0030005452953732227,0.0013068457727830045,-0.00031442581999540996,0.0011868984089822671
1791433736.1661446,5666.733498142,67.50799999995829,-0.34849975579403414,-0.03036463530270269,-0.22085457119604848,0.05077637796782558,-0.004094898284205003,0.00303362734434502,0.0013325813454904203,-0.00027440053309453174,0.0012248140412573984
1791433736.1928153,5666.760172431,67.52799999995838,-0.34858253651937504,-0.03030366383894134,-0.22082767449864807,0.0507711503546005,-0.00418137674453758,0.0030576101911366053,0.0013625456700064552,-0.00024296081257060297,0.0012573925531738609
1791433736.2171059,5666.784456837,67.54799999995848,-0.34866696701416156,-0.030242303414014914,-0.22080006429709906,0.05076659572488486,-0.004258561213887189,0.0030706474238758903,0.0014060489861668073,-0.00021351458788651162,0.0012849731691721917
1791433736.2413843,5666.808740631,67.56799999995857,-0.34875284538465234,-0.030180803153756184,-0.2207717094980515,0.05076240957062505,-0.004336794275913125,0.0030751779846792484,0.0014252696600001319,-0.0002022086531564938,0.001307572418672626
1791433736.2675982,5666.834955804,67.58799999995867,-0.34884043882209215,-0.030119162007692612,-0.22074348213267564,0.050758481518651345,-0.004418327260652036,0.003084071526546729,0.0014092546181809847,-0.00018344331632583148,0.0013254989253998451
1791433736.292456,5666.859820251,67.60799999995876,-0.34892945383686724,-0.030057335840580134,-0.2207153759844662,0.05075497885357653,-0.0044837112273242215,0.0030931897682973837,0.0014108149173192553,-0.00016864259409699107,0.001338542520663009
1791433736.3167744,5666.88412538,67.62799999995886,-0.34901957114837673,-0.02999539655659873,-0.22068726150318935,0.05075149272327866,-0.004528998757872717,0.0030946337675870424,0.0014085081867799547,-0.00017561806763179513,0.001346823997278258
1791433736.3409185,5666.908265888,67.64799999995896,-0.34911045535458124,-0.029933465987354135,-0.22065925479202342,0.050747927811127774,-0.004566581277055609,0.0030917692400945,0.0014037642415738224,-0.00017524292569854572,0.0013504289824705213
1791433736.3646157,5666.931962746,67.66799999995905,-0.34920202545756723,-0.029871631590298108,-0.22063137076952224,0.050744421481984284,-0.004591378753958064,0.0030868699957284505,0.001393073082768363,-0.00016894245141117062,0.0013496093443143928
1791433736.3917363,5666.959088148,67.68799999995915,-0.34929400159606727,-0.029809977809365493,-0.22060368147124185,0.05074102562386358,-0.004615765201892861,0.0030719379166358985,0.0013846949704172547,-0.00017231432544848356,0.0013447366454264818
1791433736.417911,5666.985263099,67.70799999995924,-0.3493863604972473,-0.029748697996152432,-0.2205761868273979,0.05073727591033674,-0.004618074074090921,0.0030523383057038636,0.0013787593659141902,-0.00019677896056013717,0.0013352581754987826
1791433736.4418907,5667.009247966,67.72799999995934,-0.34947844952067253,-0.02968778143009934,-0.22054873125354818,0.050733085343746216,-0.004602290503218626,0.003034702384036184,0.0013768752360093714,-0.00021538866203262857,0.0013221645193624008
1791433736.469505,5667.036878456,67.74799999995943,-0.3495703385677957,-0.029627228201133827,-0.22052139855570288,0.050728578111290876,-0.00459536452948678,0.003015608238778726,0.0013661929833558718,-0.00023050727086787012,0.0013053424603052788
1791433736.4960763,5667.063439858,67.76799999995953,-0.34966205926466737,-0.029567088890407555,-0.22049438264983612,0.05072369547637164,-0.004585979287514172,0.0029942691818070346,0.001342420670813361,-0.0002530001018393422,0.0012851422667465068
1791433736.5205438,5667.087919614,67.78799999995962,-0.34975355480809645,-0.029507429784528784,-0.22046794167744446,0.050718365379588036,-0.004569794033644185,0.0029656227997615137,0.0013211377710824145,-0.00027424383807129153,0.0012619429524547943
1791433736.545658,5667.113038695,67.80799999995972,-0.3498445131242486,-0.02944843139405933,-0.2204416517628994,0.05071252781415765,-0.004533765346508681,0.0029308364253737063,0.0013176208160364583,-0.00030537679185733925,0.0012354791128652723
1791433736.5741186,5667.141490065,67.82799999995981,-0.34993469419981454,-0.029390186132687245,-0.22041553101378042,0.05070593680414593,-0.004500664726761413,0.0028899565828703648,0.001300187743840073,-0.0003475886893148597,0.0012062838794579718
1791433736.597692,5667.165051473,67.84799999995991,-0.3500242936044391,-0.029332791692025816,-0.22038986812753134,0.05069856943573668,-0.004456076364133806,0.0028473788009154293,0.0012885962894883614,-0.0003795668782280589,0.0011747138214458367
1791433736.6223602,5667.189730142,67.86799999996,-0.35011260748387313,-0.029276162137988292,-0.22036410228386244,0.050690568121261034,-0.0043911049293544795,0.0028136035274654043,0.0012946954342078773,-0.0004161376757065065,0.001141410434548833
1791433736.6472142,5667.214583416,67.8879999999601,-0.35019981245831583,-0.029220179900358294,-0.22033838065103573,0.050681684697069546,-0.0043394004115227935,0.0027819795245487213,0.0012858838356891872,-0.0004650504869598044,0.0011063722046602002
1791433736.6721554,5667.23952391,67.9079999999602,-0.35028593603303676,-0.029164908963805303,-0.22031287113987189,0.05067190220974013,-0.004281020841267474,0.0027393679786290558,0.001282002070305893,-0.0005035470256827345,0.0010698914521966615
1791433736.6982586,5667.265635302,67.92799999996029,-0.35037068042189784,-0.029110574532274967,-0.22028719910693856,0.05066137942682845,-0.004197943765114322,0.002693867505521647,0.0012963268622081664,-0.0005422801774470525,0.001032235490319631
1791433736.7230823,5667.290462434,67.94799999996039,-0.3504536472511368,-0.02905707898541594,-0.2202612308218828,0.050649980134975264,-0.004112281618579547,0.0026538393234976877,0.0013097361476326471,-0.0005899966165303299,0.000994339115993483
1791433736.7478156,5667.315178129,67.96799999996048,-0.35053506892473196,-0.02900439399405939,-0.22023505473208738,0.050637656463188026,-0.004039138262567446,0.0026127185168668167,0.0013188289615570325,-0.0006333681183004516,0.0009560258573348836
1791433736.7726061,5667.339981447,67.98799999996058,-0.35061501350406965,-0.02895253295803052,-0.2202086992190887,0.05062449473231643,-0.003963973535691436,0.0025709616556763965,0.001327953258575973,-0.000675432863968502,0.0009174067775876931
1791433736.799423,5667.366805029,68.00799999996067,-0.35069333349658444,-0.02890154093223293,-0.2201820681784887,0.05061041453285146,-0.0038731174643870606,0.0025265755584322203,0.0013498010922923104,-0.0007246238491033005,0.0008787473116759909
1791433736.8239036,5667.391268104,68.02799999996077,-0.35076968499232297,-0.02885141054568694,-0.22015481264369896,0.05059531954296115,-0.003769970039388814,0.0024858158964283414,0.0013868051718885933,-0.0007747661072654477,0.0008406232926262019
1791433736.8485708,5667.415925668,68.04799999996087,-0.35084402299525264,-0.028802064731936278,-0.2201268355042566,0.0505793122636227,-0.003673356309599566,0.0024478214717677162,0.001418155038507327,-0.000816098035867498,0.0008032772320309752
1791433736.872833,5667.440189674,68.06799999996096,-0.3509166149202145,-0.028753453938714653,-0.22009844340082035,0.05056254076177441,-0.0036018135567224873,0.002412322047452028,0.0014235819324644496,-0.0008541952902574863,0.0007664561385824322
1791433736.8966508,5667.464005616,68.08799999996106,-0.35098801383082034,-0.028705527913466734,-0.2200702248220362,0.050545039119650866,-0.0035360046213963213,0.002378301712021879,0.0014169093834139896,-0.0008840227791664981,0.0007304642891961912
1791433736.9206362,5667.487992456,68.10799999996115,-0.35105773163760956,-0.028658298912706926,-0.22004161605159042,0.05052694982832112,-0.0034400009461245337,0.002343905814938442,0.0014551430809906238,-0.0009228864007485821,0.0006968017154129561
1791433736.9488833,5667.516232846,68.12799999996125,-0.3511254448780139,-0.028611742364294774,-0.22001225407687675,0.05050784385289145,-0.0033353418021314905,0.0023108565086497504,0.001490167156164655,-0.0009746951019059186,0.0006640407799265811
1791433736.9751635,5667.542511523,68.14799999996134,-0.3511910605058571,-0.028565835762291242,-0.2199820623328799,0.05048792343208029,-0.0032316183697517903,0.0022791978171792767,0.0015395798672364755,-0.001009578738557052,0.0006334154836645984
1791433737.0043821,5667.571743438,68.16799999996144,-0.3512546543316295,-0.028520510151792536,-0.21995092973938454,0.05046728665542472,-0.003132562450674138,0.0022524396619897744,0.0015822895229702278,-0.0010450745447618001,0.0006041427262292925
1791433737.0292013,5667.596564502,68.18799999996153,-0.351316263164225,-0.028475670436572228,-0.21991897607224561,0.05044591843515817,-0.00303181683972814,0.0022305333150502357,0.0016238605437552721,-0.001083491825371181,0.0005762098718091861
1791433737.0547237,5667.622107113,68.20799999996163,-0.35137587063996734,-0.02843125644602656,-0.2198861687889996,0.05042387215536661,-0.002931660828923765,0.0022086962565082188,0.0016683930103146602,-0.0011097893453402654,0.0005496670056579632
1791433737.0883126,5667.655713771,68.22799999996172,-0.35143357232181666,-0.028387232207318664,-0.21985249704536078,0.050401376515463905,-0.0028421974454875417,0.0021927472631896494,0.0017071965973510985,-0.0011311024999507541,0.000524861048448854
1791433737.1123636,5667.679713881,68.24799999996182,-0.3514895280481351,-0.02834358334332829,-0.21981799722478398,0.05037851778419834,-0.0027541174356533714,0.0021686631771482413,0.0017529399434328917,-0.0011495122782801041,0.0005020761031123377
1791433737.1366,5667.7039503,68.26799999996192,-0.3515436611884093,-0.028300455686081336,-0.21978261843559563,0.05035510688010419,-0.0026597609443367604,0.0021441178199296247,0.0017941730965574266,-0.0011850832827513995,0.00048014649305166724
1791433737.1607964,5667.728142469,68.28799999996201,-0.3515959274368599,-0.028257726868441923,-0.2197464457058909,0.05033099006017007,-0.002566112359963969,0.002128068410242998,0.0018371127489585602,-0.0012154084636811302,0.0004593125385055185
1791433737.1844985,5667.751847549,68.3079999999621,-0.3516463956734079,-0.02821524792385275,-0.21970932810612756,0.050306403357563166,-0.002481408583610688,0.0021179643233732994,0.001884811197231435,-0.0012346328391437014,0.0004400557398977258
1791433737.2119699,5667.779325685,68.3279999999622,-0.35169528710980646,-0.028172971842461498,-0.2196713262811477,0.050281456696536844,-0.0024044670188386927,0.0021074250248135327,0.0019262425656520513,-0.0012529654304858561,0.0004220349198877856
1791433737.2390687,5667.806417842,68.3479999999623,-0.35174265760790663,-0.028130912505786282,-0.21963257310611803,0.0502560827591923,-0.002332676123921718,0.0020958278031495544,0.0019577998423848894,-0.0012765608070062623,0.00040483623509300946
1791433737.2637844,5667.831141207,68.3679999999624,-0.35178857522505824,-0.028089115226937706,-0.21959307148018842,0.05023032612085848,-0.0022526904203492328,0.0020821934206641354,0.0020062928373023115,-0.001291457813238203,0.00038909505145745315
1791433737.2881722,5667.855530557,68.38799999996249,-0.3518328290236815,-0.028047558926127966,-0.21955252505038042,0.05020422574676747,-0.002169820905628225,0.0020716252743572298,0.0020581230316742798,-0.001311964930906212,0.0003745237181763903
1791433737.3121543,5667.879512178,68.40799999996258,-0.3518755039218072,-0.028006216173892734,-0.21951100527240275,0.050177707091953926,-0.0020897855021781405,0.0020603140665771814,0.002107972754392207,-0.0013308684136947345,0.0003607838049069236
1791433737.3389401,5667.906319641,68.42799999996268,-0.3519165398462666,-0.027965080009830685,-0.21946843310600786,0.05015083150123273,-0.002010894472344562,0.0020517654884094987,0.0021580751521415214,-0.0013501098848951267,0.0003477933475455705
1791433737.3659775,5667.933331595,68.44799999996278,-0.3519561321262813,-0.02792407747968413,-0.2194249614450634,0.05012358065449244,-0.0019420936685977793,0.002045990828516765,0.002201600462029723,-0.0013666174009055202,0.00033503836475869933
1791433737.3948956,5667.96225509,68.46799999996287,-0.3519943682076255,-0.027883193887318348,-0.2193805704456529,0.05009603710525236,-0.001874373766493323,0.002039621973243234,0.002249644613051022,-0.0013805832853165884,0.00032285812321666596
1791433737.4188743,5667.986235433,68.48799999996297,-0.3520313179126103,-0.027842437231445832,-0.21933520722858088,0.05006819803837602,-0.0018154153170825628,0.0020333086603653563,0.002297505059910168,-0.0013966242542417808,0.0003112204259753317
1791433737.4430926,5668.010444709,68.50799999996306,-0.35206717160991724,-0.02780186042906313,-0.21928894055298914,0.05004005329108819,-0.001758235678645951,0.0020213846297096327,0.002340743588754034,-0.001410183829264691,0.0002999463304297796
1791433737.4679377,5668.035294409,68.52799999996316,-0.3521018251181795,-0.027761543797331496,-0.21924184056016843,0.05001164017925703,-0.001699719201395772,0.00200851451958323,0.0023812431320023976,-0.001424843007835069,0.00028899325846496094
1791433737.4996765,5668.06704608,68.54799999996325,-0.3521354063203598,-0.02772143346096656,-0.21919393613329394,0.04998289136321771,-0.0016487379738253376,0.0020009154358731442,0.002421475021212345,-0.001443245596298374,0.0002782641001553911
1791433737.5249243,5668.092354967,68.56799999996335,-0.35216800014575683,-0.027681444648624518,-0.21914522414762322,0.04995377442563365,-0.001600168058185901,0.0019949282710698068,0.0024616359703883333,-0.0014606327803206834,0.00026770469622236406
1791433737.5494292,5668.116795527,68.58799999996344,-0.3521996354767964,-0.027641610584484184,-0.21909572325019,0.0499243583991007,-0.0015523334743724364,0.001985524134710101,0.0025004713122064827,-0.0014736316536055174,0.00025728918176770474
1791433737.5778527,5668.145224582,68.60799999996354,-0.3522304255646956,-0.02760196902544444,-0.2190455330776862,0.049894664243613246,-0.0015277346636599514,0.0019771167913804353,0.0025204959770037737,-0.0014931672039224949,0.00024642633553108187
1791433737.6019642,5668.169318537,68.62799999996363,-0.352260946187097,-0.027562503649306742,-0.21899510054340965,0.0498645793282565,-0.0014921291287665053,0.0019654342353306515,0.002553001107469428,-0.0015015671684963721,0.00023557739505197998
1791433737.6260145,5668.193369911,68.64799999996373,-0.3522901873283903,-0.02752330396754516,-0.2189434615869198,0.049834444984225526,-0.0014298073923072283,0.0019527716852645927,0.0026131576520029053,-0.0015091082582097876,0.00022660137247181453
1791433737.6518989,5668.219260879,68.66799999996383,-0.35231865856999983,-0.027484308834997525,-0.21889109221053202,0.04980400110852163,-0.0014053039832135862,0.001944245792412243,0.002633702203330902,-0.0015292506911941145,0.0002173615326693412
1791433737.6781797,5668.245542321,68.68799999996392,-0.3523465918986617,-0.027445505395807757,-0.21883836632205164,0.04977308922493405,-0.0013736501232757916,0.0019338056390008254,0.002652820865412289,-0.0015554580609365414,0.0002075768231663981
1791433737.7021492,5668.269508271,68.70799999996402,-0.3523738082334734,-0.027406866807264615,-0.21878513693971482,0.04974176158174548,-0.0013314648029832084,0.0019277631934256027,0.002687260416879844,-0.0015657314384828398,0.0001978479294744191
1791433737.7313688,5668.298727603,68.72799999996411,-0.35240014928006647,-0.027368364787703478,-0.21873109154615483,0.04971039324869801,-0.001292711083736017,0.0019188187688627966,0.0027248226773564956,-0.0015663599800647273,0.00018900889876401417
1791433737.7554786,5668.322846787,68.74799999996421,-0.35242599223132254,-0.02733007294684119,-0.21867656247772893,0.049678881526510635,-0.0012860916983085803,0.0019075965134361956,0.0027344366686562955,-0.001581818939442824,0.00017967312472110902
1791433737.7793226,5668.346682849,68.7679999999643,-0.3524518203371037,-0.027292028522571753,-0.21862196198201936,0.04964697351390561,-0.00126930218231644,0.001894336938758249,0.0027450668515957575,-0.0015994344322489543,0.0001699631184642925
1791433737.804283,5668.37165444,68.7879999999644,-0.35247689991538933,-0.027254261389665614,-0.21856691446549772,0.04961483712200068,-0.0012281690588171327,0.0018798963788736352,0.002770695334911415,-0.0016066893731206823,0.00016101350913650376
1791433737.8288517,5668.396221137,68.8079999999645,-0.3525014154401647,-0.02721675948615147,-0.2185114871046316,0.04958255886923817,-0.0012122679063992672,0.0018682035119266679,0.0027809046292222588,-0.0016161637968274169,0.00015235530400575087
1791433737.8547423,5668.422136847,68.82799999996459,-0.35252573570006984,-0.027179470143782723,-0.2184560035025594,0.049549996966178844,-0.001201571421423674,0.0018583223579094479,0.002780998087445729,-0.0016336752694374745,0.00014338756384179528
1791433737.8795836,5668.446960608,68.84799999996469,-0.3525496970556763,-0.027142366248740547,-0.21840044154357868,0.04951708934373749,-0.0011769022202369407,0.0018495203950952422,0.0027904925041822523,-0.0016482798412863027,0.00013449458408631605
1791433737.9080956,5668.475463312,68.86799999996478,-0.35257314587368876,-0.027105431519882484,-0.2183446354288424,0.04948398724873591,-0.0011565158676544438,0.0018411016919168746,0.0027988018214537835,-0.001654977002183203,0.00012598170540586452
1791433737.9331672,5668.500534514,68.88799999996488,-0.3525964070479651,-0.02706868736894045,-0.2182888636171999,0.04945075233773214,-0.0011600515997898916,0.0018301575532100828,0.002785817218458577,-0.0016640222785848184,0.00011711072715963641
1791433737.9609072,5668.528271115,68.90799999996497,-0.3526198782241846,-0.027032196594613728,-0.2182334778050488,0.0494172820135246,-0.0011700863913866955,0.0018164778752783092,0.0027666929745982687,-0.001676227870016943,0.00010764285247182609
1791433737.990222,5668.557594689,68.92799999996507,-0.35264338358022007,-0.026995982451309356,-0.21817831767385804,0.04938363006878159,-0.0011543662040112875,0.0018025932276614842,0.00276701439469629,-0.001678861833320022,9.904182720558116e-05
1791433738.0169609,5668.584328147,68.94799999996516,-0.35266640152186923,-0.026960047931841896,-0.21812306283268068,0.04934997933594307,-0.0011411873241315386,0.0017884654772180291,0.002763182902662983,-0.0016824748838279331,9.167197845251992e-05
1791433738.04252,5668.609887818,68.96799999996526,-0.3526895791166868,-0.026924336168376573,-0.21806821123644224,0.04931604967941948,-0.0011628620193383944,0.001781073449654544,0.0027306908851900554,-0.0017061705077896269,8.378017771911697e-05
1791433738.0677447,5668.635146677,68.98799999996535,-0.35271302737421045,-0.026888807591005225,-0.2180140169109106,0.049281685123273765,-0.0011528401071638913,0.0017683144467742452,0.0027087802091225154,-0.0017169322227132116,7.542479497025824e-05
1791433738.0916972,5668.659064291,69.00799999996545,-0.35273590507890634,-0.026853551781136693,-0.21795999534818647,0.049247353871925505,-0.0011286731728800856,0.0017557975707520137,0.0026997258720914785,-0.0017101093845888584,6.817035579268174e-05
1791433738.1156487,5668.683002797,69.02799999996554,-0.35275875074223484,-0.026818484869611574,-0.21790640958273474,0.0492131128562697,-0.0011451336771917827,0.001748678385300162,0.002666406702849022,-0.0017103896580346147,6.094262060616842e-05
1791433738.1395118,5668.706866474,69.04799999996564,-0.352782012016842,-0.026783582455003865,-0.21785356952217466,0.049178732282463576,-0.0011595660696752164,0.0017388052349589379,0.002631744346290959,-0.0017211360295898994,5.3458977317597654e-05
1791433738.1637285,5668.731099124,69.06799999996574,-0.3528053261349534,-0.026748891442837215,-0.21780126254117443,0.049144149215193604,-0.0011540769008331708,0.0017282860626417632,0.0026102421098613215,-0.001728185873137827,4.6582305087088685e-05
1791433738.1878388,5668.755189696,69.08799999996583,-0.3528285507810463,-0.026714410217337465,-0.21774941136441486,0.04910949242826919,-0.001158891087935484,0.0017175481552422311,0.0025806531863307963,-0.0017320186551728323,4.024572636887109e-05
1791433738.2120914,5668.779440812,69.10799999996593,-0.3528520744642367,-0.026680155284114843,-0.21769831308015883,0.049074714880395214,-0.0011764625431579263,0.001706033486381511,0.0025397378947858446,-0.0017387388472736185,3.372338870634398e-05
1791433738.236055,5668.803414484,69.12799999996602,-0.35287590773361444,-0.026646125392425394,-0.21764799990005224,0.04903978787284424,-0.0011909558570485554,0.0016951658253789056,0.002501667808334387,-0.0017466341767664623,2.7242031347964265e-05
1791433738.2610621,5668.828416149,69.14799999996612,-0.3528998134433231,-0.026612300990119134,-0.21759831087706222,0.04900480196869307,-0.0011871306286404466,0.001686479253155002,0.002474340848818475,-0.0017450144453106371,2.1747502200793284e-05
1791433738.285091,5668.852452002,69.16799999996621,-0.352923869018835,-0.026578616503023775,-0.21754929478199161,0.048969825361806274,-0.0012068235122883694,0.001678888328166059,0.0024338373919275953,-0.00174638660107007,1.6388375430690655e-05
1791433738.309016,5668.876370125,69.18799999996631,-0.3529481894474445,-0.026545150194436137,-0.21750107088711457,0.04893485522174127,-0.0012072964691234953,0.0016670870490070873,0.00239729851662345,-0.0017439869772955124,1.1952140989581782e-05
1791433738.3331873,5668.900540345,69.2079999999664,-0.35297250288969856,-0.026511860631446806,-0.21745359233488284,0.048899888544880754,-0.0012144733076328005,0.0016605748537750755,0.0023569116137536956,-0.0017473495790594267,8.14205179548698e-06
1791433738.3575835,5668.924942767,69.2279999999665,-0.35299711420772634,-0.026478677033742647,-0.21740696433901463,0.04886481975213313,-0.0012290190428501937,0.0016560087951410386,0.0023150594106628756,-0.0017511126855093866,4.375560031893981e-06
1791433738.3817043,5668.94906543,69.2479999999666,-0.35302190042461,-0.026445610525967986,-0.2173610852890498,0.04882974648943167,-0.001236274939957995,0.0016487435079473609,0.002279844246057915,-0.0017485715764566576,1.1824862918572575e-06
1791433738.4065664,5668.973915128,69.26799999996669,-0.35304690110414577,-0.026412695488682955,-0.2173159151723301,0.048794769831539346,-0.001249861500756236,0.0016415650238535175,0.0022429382826409747,-0.0017423442765305112,-1.285758131120247e-06
1791433738.4326656,5669.000035887,69.28799999996679,-0.35307220918286863,-0.02637991667436138,-0.21727151234391695,0.048759889267309744,-0.0012673325559531656,0.0016350306549753172,0.002203283978471002,-0.0017396729899997918,-3.043990359284443e-06
1791433738.4569201,5669.024277977,69.30799999996688,-0.3530978850411631,-0.026347266308804674,-0.21722791171755046,0.048725029098578454,-0.0012852598823573035,0.0016289853915865315,0.0021624626225664927,-0.0017391822649544782,-4.1252974956340745e-06
1791433738.4829757,5669.050386093,69.32799999996698,-0.3531240476517655,-0.026314715364074596,-0.2171851550528923,0.04869012399297284,-0.0013245450501691938,0.0016242430941621052,0.002118484408462037,-0.0017466204070860048,-5.945009454956711e-06
1791433738.507655,5669.07502181,69.34799999996707,-0.3531505606941034,-0.026282283910352623,-0.21714305012063126,0.04865524915102293,-0.0013125130955798615,0.0016196917142938536,0.002095699021415007,-0.0017329896512050472,-5.256846051634977e-06
1791433738.5342863,5669.101654868,69.36799999996717,-0.35317701824471986,-0.026249875157176635,-0.21710150962227182,0.04862063829237053,-0.0013277622035381893,0.0016191051609765479,0.002058806932534058,-0.001723175506621223,-2.7201794650081563e-06
1791433738.5588868,5669.126250635,69.38799999996726,-0.3532040604144151,-0.026217524196405533,-0.21706093252587957,0.04858615908328681,-0.0013604086363363938,0.0016149839727553558,0.0020040906803631504,-0.0017186722678347408,-3.8040301635662594e-07
1791433738.5829568,5669.150324383,69.40799999996736,-0.35323155371639875,-0.026185234965763277,-0.21702136042853226,0.04855176726047924,-0.0013716059641010637,0.001614150160794212,0.0019619554197208835,-0.0017124405911055007,2.123549896059557e-06
1791433738.6070387,5669.174392758,69.42799999996745,-0.3532592370295056,-0.026152891960034123,-0.21698243226106623,0.04851755258773889,-0.0013891150298473104,0.0016187242236591637,0.0019337315571353346,-0.0017017039090547227,5.3860369223113e-06
1791433738.6309571,5669.198315307,69.44799999996755,-0.353287342659281,-0.026120480723967183,-0.21694406723820578,0.04848363358271895,-0.0014109459995973602,0.0016209539607018846,0.0019037641560894587,-0.001685294363061837,1.0175616142648038e-05
1791433738.6547413,5669.22209396,69.46799999996765,-0.3533160398584192,-0.026088061149424063,-0.21690638550278593,0.048449936692064,-0.0014465244883033609,0.0016194427469231392,0.0018670834309421284,-0.0016786909207778978,1.5260624721985666e-05
1791433738.6790392,5669.246391412,69.48799999996774,-0.35334525969270336,-0.026055681927802554,-0.21686940595989743,0.04841638947304713,-0.001462159635597204,0.0016189001139112207,0.0018338334638523174,-0.0016698675118071897,2.1782076117001136e-05
1791433738.7038217,5669.271175259,69.50799999996784,-0.35337480528826715,-0.026023252103866103,-0.2168330809049908,0.04838302091378177,-0.001482149387621856,0.0016237184385554848,0.0018005979275245798,-0.0016597826118878117,2.9273088109608703e-05
1791433738.7279348,5669.295285001,69.52799999996793,-0.353404836075104,-0.02599070807079251,-0.2167974329256052,0.04834989331294119,-0.0015085212226045688,0.0016297699298493597,0.0017665829801722943,-0.0016460573941157654,3.745472168441045e-05
1791433738.7559454,5669.323302135,69.54799999996803,-0.3534353808310383,-0.02595804011473946,-0.21676243059743122,0.04831706540201553,-0.0015337264327841174,0.0016363027440846262,0.0017360014657030166,-0.0016302384354301119,4.6349135865069384e-05
1791433738.7809563,5669.348314871,69.56799999996812,-0.35346641977037074,-0.025925223169065405,-0.21672798868038973,0.04828456216029623,-0.0015586023019423876,0.0016447513421514023,0.0017096576549792315,-0.001613847256965403,5.6157270929602407e-05
1791433738.8051932,5669.372549322,69.58799999996822,-0.3534979598435272,-0.025892242994334534,-0.21669406105326333,0.04825240301801408,-0.0015839955583371165,0.0016520190658159723,0.0016835368566738378,-0.0015956878744256729,6.683277804964334e-05
1791433738.829015,5669.39636576,69.60799999996831,-0.3535299980310944,-0.02585912939784166,-0.21666066171614826,0.04822061457505148,-0.0016066352348343858,0.0016589399869355503,0.0016576720714804357,-0.0015766601991767113,7.84476286705959e-05
1791433738.8533297,5669.420680686,69.62799999996841,-0.3535624757470659,-0.02582585448664654,-0.216627757762748,0.04818918278515569,-0.001634469713589375,0.0016678082593024424,0.0016325754649749934,-0.0015620020063059202,9.07827367091738e-05
1791433738.8770008,5669.444349274,69.6479999999685,-0.353595674631441,-0.025792378150793792,-0.21659535787500092,0.04815800025050725,-0.001673305204909478,0.00167926100691699,0.0016086103535478493,-0.001549002476783494,0.00010276871414823426
1791433738.9005454,5669.467892138,69.6679999999686,-0.353629447146665,-0.02575867677387662,-0.21656337606862222,0.04812718917412229,-0.0016943626259669552,0.0016896741428222661,0.0015894915891016001,-0.0015268921781427804,0.00011619596458051176
1791433738.9259076,5669.493257581,69.6879999999687,-0.3536637045995568,-0.025724775332177704,-0.2165317775961436,0.04809681240913264,-0.0017210390913127802,0.0017000757317082993,0.0015694239940344278,-0.0015045696572799326,0.00013056373527014115
1791433738.9494443,5669.516793746,69.70799999996879,-0.3536985570329392,-0.025690656640454636,-0.21650059946966746,0.048066844308549884,-0.0017571931463371128,0.001710587055878487,0.0015484775234384561,-0.0014879902467510237,0.00014498180283185658
1791433738.9730203,5669.540368204,69.72799999996889,-0.35373408753174773,-0.025656309891233093,-0.21646982931559688,0.04803723543004823,-0.0017849349422636115,0.0017241245923123908,0.001528232340022829,-0.001467355789762391,0.00015987818517512934
1791433738.9970415,5669.564423762,69.74799999996898,-0.3537701357477375,-0.025621673977879986,-0.21643941488731677,0.048008040113576934,-0.0018106266147699724,0.0017381388375150202,0.0015135592390178505,-0.0014465521105568235,0.00017544859273513604
1791433739.0271797,5669.594554569,69.76799999996908,-0.35380673229281984,-0.02558676746712111,-0.21640926454725426,0.04797927309125938,-0.0018415123106113756,0.0017517568478795313,0.0014986079434340543,-0.0014247780084925277,0.00019139322666099806
1791433739.0526667,5669.620046738,69.78799999996917,-0.3538439868268101,-0.025551590354471253,-0.21637945142742102,0.04795093585511715,-0.0018737435873613293,0.0017649849686494862,0.001482453601464145,-0.0014037967124436914,0.00020760489423455044
1791433739.0788858,5669.646257272,69.80799999996927,-0.35388184411752865,-0.025516142054653197,-0.2163499117263076,0.04792301496802872,-0.0019034472759569105,0.0017790999216142362,0.001470286452142534,-0.0013828040746799598,0.00022409571504193484
1791433739.103718,5669.671088753,69.82799999996936,-0.3539202980562517,-0.02548040612129654,-0.21632059946820584,0.047895527352896254,-0.0019333696447579108,0.001793583631718814,0.0014593948877006542,-0.001360847014758737,0.00024084997566659676
1791433739.1282544,5669.695622199,69.84799999996946,-0.3539593510965722,-0.025444385019018984,-0.21629150189838392,0.047868477998943004,-0.0019641849997098803,0.0018075600058881992,0.0014484259703288383,-0.001339241071832215,0.00025772453204025677
1791433739.153072,5669.720443591,69.86799999996956,-0.35399902869537825,-0.025408080961352813,-0.21626261519497134,0.04784184746301337,-0.0019953218328959614,0.0018219966827255258,0.0014388279175765737,-0.0013188861635893621,0.0002746581623196295
1791433739.1776972,5669.745063785,69.88799999996965,-0.35403931387365556,-0.025371478469735517,-0.2162338904197745,0.04781562104030687,-0.0020255398668003466,0.0018372401580110415,0.0014318147838727857,-0.0012986070542402054,0.00029164874595965894
1791433739.2018473,5669.769216755,69.90799999996975,-0.3540801914608883,-0.025334586949128057,-0.21620529759473472,0.04778982147136944,-0.0020547896994528494,0.0018507591124223427,0.0014252703035640833,-0.0012764010925398117,0.0003086045501342409
1791433739.228341,5669.795694909,69.92799999996984,-0.35412165007456703,-0.025297427214404956,-0.2161768318046456,0.04776446466796503,-0.002084369047830061,0.0018645772724080855,0.0014194642315105864,-0.0012550662559802517,0.00032549136476803416
1791433739.2544096,5669.821757627,69.94799999996994,-0.3541637122499345,-0.025259968804210563,-0.21614845300000324,0.047739509126066414,-0.0021141668437353227,0.0018801402522520144,0.0014169860870604392,-0.0012356743803375095,0.00034236259874612394
1791433739.2809327,5669.848299069,69.96799999997003,-0.3542063305199244,-0.02522220792525978,-0.21612010367972018,0.04771495156738129,-0.0021403892620418495,0.0018949163605786671,0.0014143168989168382,-0.0012149607758897185,0.00035921499557361607
1791433739.3048375,5669.872193447,69.98799999997013,-0.3542494570023833,-0.02518416679819581,-0.21609183790380604,0.047690803182302385,-0.0021679368532748064,0.0019076471954279496,0.001411155233508062,-0.0011963236991603926,0.00037574371299720706
1791433739.3293467,5669.896718001,70.00799999997022,-0.35429317810424976,-0.025145877507298898,-0.21606360228906496,0.047667027134045394,-0.0021972719791483585,0.0019208546180865189,0.0014097813709489418,-0.0011761766985925173,0.0003916128944304373
1791433739.3546352,5669.921993439,70.02799999997032,-0.3543374725633774,-0.025107304079026692,-0.21603537540432435,0.04764364741157235,-0.0022304399760731224,0.001935345424308992,0.0014115652988443987,-0.0011596274710918475,0.000406907330669155
1791433739.37891,5669.94629251,70.04799999997041,-0.35438250933251547,-0.025068440471228918,-0.2160070998588112,0.047620597145752445,-0.0022624230009809262,0.0019497728934571403,0.0014099272001330881,-0.0011381256817175878,0.0004218765475984697
1791433739.4056468,5669.973016939,70.06799999997051,-0.3544280247334183,-0.025029331128312626,-0.21597890502067701,0.047597979296478,-0.0022873320134171875,0.0019601930249395394,0.0014109555072806463,-0.0011228707876092883,0.0004375436968648947
1791433739.432825,5670.000184846,70.0879999999706,-0.3544741330778868,-0.02499000551958809,-0.21595062680097982,0.04757561787845948,-0.0023158798750310167,0.0019717824388621736,0.0014116337900980816,-0.0011066311026787078,0.0004525843365377051
1791433739.4568617,5670.024238747,70.1079999999707,-0.3545206563026657,-0.024950486874252633,-0.21592242137279583,0.04755365888214438,-0.002329521948247422,0.001978188263875195,0.0014087445067527725,-0.0010853090157723379,0.00046738286152371003
1791433739.4821346,5670.049510635,70.1279999999708,-0.3545674274748263,-0.02491083632568143,-0.2158942297712386,0.04753210139779189,-0.002349026658931734,0.001987251317574198,0.0014071646225822837,-0.00106778961408664,0.0004815128338968223
1791433739.5081239,5670.075477124,70.14799999997089,-0.3546147376969621,-0.024870917886946852,-0.21586608386899617,0.04751084799355277,-0.0023745413209478035,0.0020039272104225426,0.0014063362854147548,-0.001052973535125815,0.0004948203165045009
1791433739.5339203,5670.101279527,70.16799999997099,-0.35466246661235185,-0.02483067449590198,-0.21583788206177326,0.04748989268450264,-0.002397166193710972,0.0020175967156384734,0.0014122547549194828,-0.0010388720020646262,0.0005076131302810831
1791433739.5586128,5670.125984588,70.18799999997108,-0.35471076039395283,-0.024790194088105195,-0.21580952455860578,0.04746920611626874,-0.00243081299914094,0.002029649363482164,0.0014227898830846111,-0.001027378517808265,0.0005191552616357192
1791433739.5866117,5670.153979973,70.20799999997118,-0.3547597197542938,-0.02474950709449018,-0.2157809484609837,0.047448788809750814,-0.002456585214512568,0.0020371804450270295,0.001426296273842635,-0.001007979008544265,0.0005301651699862864
1791433739.6139603,5670.181329035,70.22799999997127,-0.3548090170367715,-0.024708754189532754,-0.2157524433344447,0.047428745467964835,-0.002472271351820678,0.0020360673200832276,0.0014238353192708427,-0.000995083314728555,0.0005419244464989906
1791433739.6383123,5670.205671594,70.24799999997137,-0.3548586846642798,-0.024668020887571647,-0.21572396637700864,0.047408876933656696,-0.0024901426766517584,0.002038286142500392,0.0014217177407593736,-0.000986679801051152,0.0005530508364818328
1791433739.6679156,5670.235268268,70.26799999997147,-0.3549086364957162,-0.024627147792766233,-0.21569552344572404,0.04738919462592425,-0.002502384849951541,0.002048615031484276,0.001423781412307626,-0.0009779147448759316,0.0005632768003017972
1791433739.6988773,5670.266229122,70.28799999997156,-0.3549588765783256,-0.024586025272964565,-0.21566697903675516,0.04736972213079532,-0.0025211531317221813,0.0020621594902851146,0.0014264649231069875,-0.0009646938514576746,0.0005726155279996364
1791433739.7248898,5670.292238099,70.30799999997166,-0.35500953719048145,-0.024544661152261053,-0.21563843685847062,0.047350519616468446,-0.002542265479383458,0.002071812214936729,0.0014259863525470564,-0.0009527668999890802,0.0005813683571281877
1791433739.755011,5670.322380885,70.32799999997175,-0.35506056699954697,-0.024503167123448667,-0.21560987013786298,0.047331523089951484,-0.0025582526975889554,0.00207589803718962,0.0014293571664679811,-0.0009429450913784603,0.0005894302543134921
1791433739.7790127,5670.346369942,70.34799999997185,-0.3551118732662118,-0.024461613451919034,-0.21558118886283095,0.0473127313075483,-0.0025697330212647576,0.002078769070545428,0.0014378022494653392,-0.0009325183626543602,0.0005969946184296259
1791433739.8031864,5670.370546991,70.36799999997194,-0.35516341209666263,-0.024419995710351392,-0.21555233713941604,0.04729413911529678,-0.002584995683207061,0.0020816910721037744,0.0014429599921480037,-0.0009236080349445091,0.0006040210778821561
1791433739.827056,5670.394403887,70.38799999997204,-0.3552153061613634,-0.024378340793627055,-0.2155234744331039,0.04727568625299945,-0.0026014621779144272,0.002082769813296684,0.0014417679105031764,-0.0009183678069628231,0.0006102668742583266
1791433739.8507462,5670.418102619,70.40799999997213,-0.3552674347267395,-0.024336658312784643,-0.2154946097196286,0.047257317903236756,-0.002608904774648867,0.0020847739528489866,0.0014443078294311305,-0.0009141493705792657,0.0006158673783404811
1791433739.8745222,5670.441871248,70.42799999997223,-0.3553196622906631,-0.024294920405743,-0.2154656464007837,0.047239063321036515,-0.0026138660475988644,0.0020878954689422455,0.0014500104394308032,-0.0009072102290661549,0.0006208944320644031
1791433739.9028435,5670.470196749,70.44799999997232,-0.355372029832952,-0.02425311269497428,-0.21543658498117105,0.0472209532715902,-0.002622924899065728,0.0020917222282110627,0.0014538848434128373,-0.0009005109888195686,0.0006252770942091047
1791433739.9267697,5670.494151537,70.46799999997242,-0.35542458295880364,-0.024211242623006973,-0.21540746331914848,0.04720295533998389,-0.0026306047029146145,0.0020935654660603157,0.001456423864694887,-0.0008954952692544334,0.0006291307411659821
1791433739.9538884,5670.521246678,70.48799999997252,-0.35547722496341183,-0.024169372144527756,-0.21537828756384636,0.047185044652372936,-0.0026330034540739153,0.0020921565192716317,0.0014601526408405151,-0.0008919424472624253,0.0006325072284091925
1791433739.9776258,5670.544979721,70.50799999997261,-0.35552990467064816,-0.02412753462527866,-0.215349024355587,0.04716720078692019,-0.002635586070609209,0.002091237197787639,0.0014648773598426423,-0.0008882160664094749,0.0006350060404672024
1791433740.0017843,5670.569140113,70.5279999999727,-0.35558265744216877,-0.024085688894535145,-0.2153196831688929,0.04714947536142309,-0.0026383204575351083,0.0020921594349895627,0.0014673770229007151,-0.0008816802753057914,0.0006371767038747759
1791433740.026401,5670.593756845,70.5479999999728,-0.35563543524706903,-0.024043842411565458,-0.2152902899604732,0.04713179549541399,-0.002641690003428072,0.002091021002483608,0.0014705091748090724,-0.0008835647109118189,0.000638743359564623
1791433740.0564373,5670.623810487,70.5679999999729,-0.35568831976380294,-0.024002023840623405,-0.2152608325166545,0.04711407241598548,-0.002644404271248883,0.0020901545463159494,0.0014737403998210438,-0.0008835809299090672,0.0006396444698349812
1791433740.08341,5670.650777666,70.587999999973,-0.3557411689965123,-0.023960225578463563,-0.21523129555476814,0.04709639012119483,-0.0026404533210783064,0.0020880684324672705,0.0014795893512313707,-0.0008808262864557378,0.000640328655254253
1791433740.112531,5670.679892852,70.60799999997309,-0.35579395599404884,-0.023918491023626705,-0.2152016398370514,0.04707875907025696,-0.0026405241464993066,0.0020848333194358657,0.0014829062440517337,-0.0008784448443969427,0.0006403484426097737
1791433740.1366503,5670.704004298,70.62799999997318,-0.35584680439655697,-0.023876807727029718,-0.21517198819810268,0.04706117408563492,-0.0026442300522804235,0.002082039288502381,0.0014818022160412588,-0.0008781631433394172,0.0006399314015778707
1791433740.1628335,5670.730190758,70.64799999997328,-0.3558996586309763,-0.023835216511276586,-0.21514231803276873,0.047043545536523124,-0.0026394488608157346,0.002076536944185684,0.0014846763283992228,-0.0008800509504968863,0.0006388638481422942
1791433740.192715,5670.760108994,70.66799999997338,-0.355952350239012,-0.02379371552827546,-0.21511255249693628,0.047025911697972426,-0.0026312316662097284,0.002072920230621157,0.0014908730815840314,-0.0008795168422937871,0.0006376082089785154
1791433740.2175953,5670.784970389,70.68799999997347,-0.3560049374992702,-0.023752273128252156,-0.21508267403634207,0.047008285797525994,-0.002628753530818749,0.0020701900703463763,0.0014946061808275948,-0.0008796234116567978,0.0006360209621003545
1791433740.242476,5670.809844891,70.70799999997357,-0.3560574790084969,-0.023710902509717482,-0.2150527568062437,0.046990629406703954,-0.0026247178063661214,0.0020657781431723064,0.0014964334932689501,-0.0008825181724506435,0.0006340113663103474
1791433740.2697048,5670.837077714,70.72799999997366,-0.35610988865161725,-0.02366961179015463,-0.2150227721092649,0.04697289071660193,-0.002617892816275087,0.0020632242085415267,0.0015010430488454245,-0.0008871250764886768,0.0006315320164913436
1791433740.2962089,5670.863588848,70.74799999997376,-0.35616218048156145,-0.023628371488041873,-0.21499269400001816,0.046955111675980404,-0.002610041636443852,0.0020587050070256956,0.0015059872283251978,-0.0008872265542026308,0.0006290987239715463
1791433740.3208718,5670.888257924,70.76799999997385,-0.3562142521613162,-0.023587268273121145,-0.21496250242978593,0.04693729482370149,-0.002598733754037573,0.0020515853437536083,0.001511622063141276,-0.0008900743013664282,0.0006260837172328194
1791433740.3489068,5670.916281079,70.78799999997395,-0.35626612776247657,-0.0235462952452662,-0.21493223765537056,0.046919482347776924,-0.0025892817604135057,0.0020445248475619553,0.00151432973143402,-0.0008898935709351302,0.0006233739551765519
1791433740.3730993,5670.94046131,70.80799999997404,-0.35631778210601056,-0.023505487955970527,-0.21490189931675266,0.04690157031507484,-0.0025764667431490704,0.00203595737212092,0.0015187356571104693,-0.0008971765815159666,0.0006200352488847755
1791433740.3970428,5670.964397662,70.82799999997414,-0.3563691700745732,-0.023464801730757715,-0.21487145918607012,0.046883542432402114,-0.002563454566144031,0.002032868461750128,0.001524400747969466,-0.0009010296434143629,0.0006162773354161373
1791433740.4207897,5670.988140309,70.84799999997423,-0.35642033951515395,-0.023424145501831885,-0.21484090133326808,0.04686547133967185,-0.0025546760877003783,0.0020309379696922506,0.0015296577765702122,-0.0009020870862791627,0.0006123962576903808
1791433740.4479299,5671.015278721,70.86799999997433,-0.35647134270037617,-0.023383587688799227,-0.21481026441291168,0.04684737934921978,-0.0025454766966773925,0.0020235418726055787,0.0015329215749238694,-0.000903698260964713,0.0006083274414444803
1791433740.4720337,5671.039385433,70.88799999997443,-0.3565221185683346,-0.023343192645384443,-0.21477955465653253,0.046829227439947406,-0.002532089227689019,0.0020155619031526307,0.0015374739419490146,-0.0009078403151662972,0.000604129434557486
1791433740.497483,5671.064872414,70.90799999997452,-0.35657260919849487,-0.023302937719177512,-0.21474873517307905,0.04681098184137098,-0.0025172635146313606,0.002009531158752182,0.0015436211829231775,-0.000912690661396831,0.0005998849283872555
1791433740.5214436,5671.088827999,70.92799999997462,-0.35662283486600177,-0.02326277338210627,-0.21471778784145282,0.04679262497921099,-0.0025071547741079532,0.002005587249080871,0.0015494016545910185,-0.0009190177962295905,0.0005955878018347288
1791433740.5458868,5671.113246942,70.94799999997471,-0.35667288698368294,-0.023222723972964418,-0.2146867505843467,0.04677415477149307,-0.0024968277183266096,0.0019980419715562208,0.001553131163478175,-0.0009234766043988436,0.0005911174003746622
1791433740.5705192,5671.137891574,70.96799999997481,-0.3567226506766396,-0.023182846738866315,-0.2146556400777423,0.04675562077989289,-0.0024784532679300673,0.001989517982986774,0.0015574705290948196,-0.0009257374364364146,0.000586684476210579
1791433740.5965037,5671.163871355,70.9879999999749,-0.3567720495737624,-0.023143087694667285,-0.21462441454763906,0.046737015233815335,-0.0024644987619105454,0.0019854727888329493,0.001564198996174797,-0.000931425310789711,0.0005823424711679792
1791433740.6214397,5671.188835585,71.007999999975,-0.356821238121713,-0.023103440608945692,-0.21459307390017965,0.046718316953839656,-0.0024521694099565233,0.0019783123925834842,0.001568444604350183,-0.0009336853085008389,0.0005776668690670813
1791433740.6471255,5671.214481842,71.0279999999751,-0.3568700992163414,-0.023063943087156775,-0.21456165186138224,0.046699584155640204,-0.0024347775732892177,0.0019709370306306216,0.0015733026405046109,-0.0009363728522228295,0.0005730194294257797
1791433740.6715684,5671.238918235,71.04799999997519,-0.35691864860899897,-0.023024577067203175,-0.2145301167715974,0.04668077131994932,-0.002421276753708805,0.0019650789212438593,0.0015785948163706425,-0.0009411431712486104,0.0005683717191224153
1791433740.6959386,5671.263325686,71.06799999997529,-0.35696695395161976,-0.022985323741466536,-0.21449849147678987,0.04666185600823087,-0.002408365020909981,0.001959564921313592,0.001583398018379592,-0.0009464138323474371,0.0005636756201974468
1791433740.7200315,5671.287412578,71.08799999997538,-0.35701498167025747,-0.022946182031825246,-0.21446675499399184,0.046642838768024775,-0.002394416642279341,0.0019537273639392548,0.0015892400080727875,-0.0009511534838117802,0.0005590561632178036
1791433740.744059,5671.311423111,71.10799999997548,-0.3570627385537822,-0.022907167895529146,-0.21443490979811736,0.04662373735913281,-0.002380778511129299,0.0019469247809264052,0.0015940602619112197,-0.0009550226244673139,0.0005545412545826425
1791433740.769136,5671.336505034,71.12799999997557,-0.35711021226796885,-0.022868287239839084,-0.2144029776518769,0.046604555050054904,-0.0023655356559351168,0.0019405617444674672,0.0015984724309287303,-0.0009592288573639268,0.0005500963191583818
1791433740.7931137,5671.360473627,71.14799999997567,-0.35715736301126555,-0.022829529326465894,-0.21437094584474284,0.04658528796502841,-0.0023496583036945492,0.001934600839630029,0.0016038529846041775,-0.0009635571468543964,0.0005456893740992258
1791433740.8177607,5671.385123134,71.16799999997576,-0.35720421851410095,-0.022790886449558033,-0.2143388040035547,0.0465659384625819,-0.0023359155585876493,0.0019289642289379723,0.0016090035119205963,-0.0009674416520045069,0.0005412638867278799
1791433740.842068,5671.409423686,71.18799999997586,-0.3572508107777894,-0.02275235101953266,-0.2143065639559342,0.0465465136119395,-0.002321803928460514,0.0019239694621685966,0.001614467110970641,-0.0009710286656372131,0.0005369070635074905
1791433740.8669958,5671.434376289,71.20799999997595,-0.3572970957340261,-0.022713925167086386,-0.21427420363973082,0.046527024088731925,-0.00230632524652013,0.0019176527339797,0.0016203370834556334,-0.0009740148281839851,0.0005326690887113545
1791433740.8914187,5671.458791745,71.22799999997605,-0.35734308851832214,-0.022675632800411332,-0.21424174028206852,0.04650747207124198,-0.0022923840666077317,0.0019111927051583598,0.0016248269143986649,-0.0009775492145190628,0.0005284611894071004
1791433740.9165633,5671.483943936,71.24799999997614,-0.35738881623376667,-0.022637459039506414,-0.21420919616476045,0.04648783745297027,-0.002279984581795119,0.001905400352061975,0.001628381185602177,-0.0009820255301502406,0.0005242609304361167
1791433740.9408345,5671.508529145,71.26799999997624,-0.3574342956735903,-0.022599404655283872,-0.2141765853999931,0.04646812153780135,-0.0022653551788304523,0.0018994515724363884,0.00163197174607058,-0.0009851006204283383,0.0005201782988404077
1791433740.9681435,5671.535494365,71.28799999997634,-0.3574794658285243,-0.022561464252928647,-0.2141438900718387,0.046448342064313704,-0.0022538202874391733,0.0018942328793009797,0.0016373293752196562,-0.000990302257010013,0.0005161003088343187
1791433740.9919388,5671.559294468,71.30799999997643,-0.35752448565819656,-0.022523598529786727,-0.21411107054593187,0.046428451467772115,-0.0022433286368743746,0.0018917439880013307,0.0016425101895386647,-0.0009932531777373662,0.0005118784548525305
1791433741.0172675,5671.584629228,71.32799999997653,-0.35756918430178164,-0.022485821775958634,-0.2140781638965092,0.046408535018790595,-0.0022271842058735956,0.0018841260544567209,0.0016473085836953168,-0.000995296283791974,0.0005081339045908452
1791433741.041516,5671.608877905,71.34799999997662,-0.3576136390999961,-0.022448217335341053,-0.21404518067973338,0.046388556239470385,-0.0022173124683836725,0.0018762191050280708,0.0016489796198635037,-0.0009985039408079348,0.0005043769124199047
1791433741.0723825,5671.639836869,71.36799999997672,-0.3576578833224452,-0.022410750307647172,-0.21401219109372546,0.04636851487405574,-0.002204580508635882,0.0018704634849285163,0.0016502827108353607,-0.0010020783250201685,0.0005006256933130682
1791433741.0979776,5671.665347785,71.38799999997681,-0.3577019813623086,-0.02237330366269118,-0.21397909973267337,0.04634831901928967,-0.0022165769881989585,0.0018739695821291097,0.001659448149068637,-0.001017606086986915,0.0004961904814900399
1791433741.1229866,5671.690371125,71.40799999997691,-0.3577464498912408,-0.022335849383920647,-0.213945800610213,0.04632793996693007,-0.0022032940618012483,0.0018694954823812121,0.0016646205207253434,-0.0010074309767576434,0.0004917754801604594
1791433741.1480486,5671.715428284,71.427999999977,-0.35778996839975175,-0.022298613493944224,-0.21391246308112677,0.046307854717302664,-0.0021630328645459974,0.0018517316453373195,0.001670306610693374,-0.0010038227823319372,0.0004901342273262744
1791433741.1721947,5671.73954967,71.4479999999771,-0.35783326672382426,-0.022261719499446202,-0.21387908349557344,0.046287657394697854,-0.0021628549802527636,0.0018402408139947342,0.0016630736151630186,-0.0010107867924333813,0.0004878204050905481
1791433741.1989694,5671.766331708,71.4679999999772,-0.3578763921898466,-0.022224929755438678,-0.21384594039902494,0.04626732908263075,-0.002145008741107095,0.0018390596875083496,0.0016559484783152734,-0.0010186127649425697,0.0004846324968024768
1791433741.2245696,5671.791926209,71.48799999997729,-0.35791909892927604,-0.022188089283456686,-0.21381274567414335,0.04624688965458303,-0.002126308906944195,0.0018444023854811702,0.0016610632615131425,-0.0010194318594079948,0.0004813694129476274
1791433741.249461,5671.816819323,71.50799999997739,-0.3579615670169335,-0.02215115195455158,-0.21377946631514114,0.046226490754647,-0.002119750110950371,0.0018467137225123577,0.001665836417322937,-0.001017428932925946,0.00047855085846607536
1791433741.2826087,5671.849965508,71.52799999997748,-0.35800396339829516,-0.022114265387083998,-0.21374610118977452,0.04620610250579391,-0.0021181138592619394,0.0018403153340872318,0.0016684432950442687,-0.0010182121572043438,0.0004754222031340454
1791433741.3109035,5671.87826132,71.54799999997758,-0.35804628157900853,-0.022077569219395493,-0.2137127097474289,0.046185694199062696,-0.0021086388392371103,0.0018290843268026036,0.0016696106334673077,-0.0010185355589978245,0.0004721949866075071
1791433741.3359866,5671.903350176,71.56799999997767,-0.3580883493164702,-0.022041070862893822,-0.21367929239525854,0.04616526352589562,-0.002099269184873505,0.001821078853394255,0.0016703837204614194,-0.0010218397359547885,0.00046923333823163665
1791433741.3607166,5671.928081881,71.58799999997777,-0.3581303646300763,-0.022004671944629205,-0.2136458845159327,0.04614471967963259,-0.0020998600692400697,0.0018185665794335432,0.0016690062023195012,-0.0010286486172329595,0.0004660701457399885
1791433741.3930554,5671.960426024,71.60799999997786,-0.35817235824921145,-0.021968333775060696,-0.21361250006041363,0.04612406430967062,-0.0020953854586003625,0.0018141501346052914,0.0016678356954465336,-0.0010319555462540233,0.00046288785252739844
1791433741.4182372,5671.985615272,71.62799999997796,-0.35821421158546973,-0.021932100774678727,-0.21357913747759794,0.046103380374940245,-0.002088282064200466,0.001808567904493221,0.0016672532829770386,-0.0010326254711001616,0.0004601413555020421
1791433741.4477036,5672.015082514,71.64799999997805,-0.3582559430359433,-0.021895982269666138,-0.21354580171075968,0.046082697675872565,-0.0020816424540465806,0.0018029929318473703,0.001664315359054679,-0.001031649582297975,0.00045772985711674274
1791433741.4723196,5672.039685377,71.66799999997815,-0.35829753426433564,-0.02185996392309331,-0.21351255277762737,0.04606201897283223,-0.002076802386249346,0.0017983649900044725,0.0016597460763343,-0.0010334231570394848,0.00045540656947736804
1791433741.497454,5672.064832277,71.68799999997825,-0.35833906297850404,-0.021824027026420837,-0.21347938766303853,0.046041294590579374,-0.0020719746727981504,0.0017951041032609938,0.0016555132413412883,-0.0010347195242605565,0.00045286347924982485
1791433741.531441,5672.09881732,71.70799999997834,-0.35838044157727894,-0.02178814481710404,-0.2134462764616754,0.04602055619682725,-0.002064214851691709,0.0017924899100993984,0.001654843708935911,-0.001035646336612716,0.000450557262021229
1791433741.556528,5672.123967173,71.72799999997844,-0.35842171322790833,-0.021752308425655214,-0.2134131499852189,0.0459997876479794,-0.0020616220091864207,0.0017901091215047208,0.0016556041071935491,-0.0010375169321972639,0.0004483359854398037
1791433741.5813956,5672.148775793,71.74799999997853,-0.3584629428066197,-0.021716553620196533,-0.21338003181685433,0.04597899911233904,-0.0020572272116676327,0.0017846666272053697,0.0016538109776817217,-0.0010371225185851313,0.0004461965555718389
1791433741.6062224,5672.17360003,71.76799999997863,-0.3585040383147433,-0.021680919286571735,-0.21334697063666974,0.04595822214474814,-0.002050803775060103,0.0017781353439980637,0.0016504791142865382,-0.0010371286900529555,0.0004444228647772857
1791433741.6304343,5672.197791454,71.78799999997872,-0.3585450390473396,-0.021645401287492896,-0.2133139982304986,0.045937437520348526,-0.0020456861327566595,0.0017736863617857494,0.0016446110841041122,-0.0010371687714053677,0.00044282625205071375
1791433741.6544292,5672.221784062,71.80799999997882,-0.35858592258881,-0.021609961426678446,-0.21328115730606767,0.04591665132206147,-0.0020421815903844324,0.0017697123910361287,0.0016387761132300852,-0.0010384574020739878,0.0004412781801486076
1791433741.6784258,5672.245779584,71.82799999997891,-0.35862679009445,-0.021574585587865194,-0.21324840486773536,0.045895837614446405,-0.0020404414891175135,0.001767770563514084,0.001634444667244115,-0.0010385200995024517,0.00043958311837032
1791433741.7033303,5672.270682933,71.84799999997901,-0.3586675778142562,-0.02153923530634333,-0.21321571307434736,0.04587502710159293,-0.002036478692907502,0.001766492646518759,0.0016339976046442165,-0.0010390866055115693,0.0004378726930907495
1791433741.728088,5672.295449365,71.8679999999791,-0.358708283961463,-0.02150392417069049,-0.21318301956364022,0.045854232756270985,-0.002032051600522271,0.0017637264892590842,0.001631779667490248,-0.0010368226071591719,0.0004367482867091919
1791433741.7539432,5672.321311468,71.8879999999792,-0.3587489381439578,-0.021468701811771036,-0.2131504273919308,0.04583346193820265,-0.002032060561929306,0.001757871504738412,0.0016259690955886218,-0.0010374256655878674,0.0004357456739933071
1791433741.7783673,5672.345726551,71.9079999999793,-0.3587896145993923,-0.021433577354030696,-0.2131179471048229,0.04581266064456248,-0.002030757444454745,0.0017547998475903805,0.00161946995355883,-0.0010380623162453183,0.0004346938613257417
1791433741.804529,5672.371885494,71.92799999997939,-0.3588302059930542,-0.021398505639492547,-0.21308560132456394,0.045791869238985324,-0.0020281094519020914,0.0017513723035387325,0.0016143937988647719,-0.0010380855591360033,0.0004336657997447141
1791433741.8284538,5672.395808861,71.94799999997949,-0.35887080104116575,-0.021363504239254448,-0.21305332595340595,0.0457710902736448,-0.0020270978627705705,0.0017488554969555838,0.0016095874092950586,-0.0010351968160573594,0.00043246996242423985
1791433741.8548074,5672.422184031,71.96799999997958,-0.3589113243162821,-0.02132854691238719,-0.21302116480817365,0.04575037542740517,-0.002023783494758167,0.0017459809175850126,0.0016050292834065675,-0.0010334474191642591,0.0004316852215943546
1791433741.8799472,5672.447346533,71.98799999997968,-0.35895183555831,-0.02129365214675168,-0.2129890856823701,0.045729673142289075,-0.0020255711399345265,0.001743289211495383,0.0015995376622580358,-0.0010330613777806209,0.0004309839808539971
1791433741.90377,5672.471168447,72.00799999997977,-0.3589923894668309,-0.02125881137913542,-0.21295714616441613,0.045708983816741024,-0.002025662487829429,0.0017400977945415499,0.0015927443247941491,-0.0010320096779521057,0.00043044941514555927
1791433741.9279299,5672.495279985,72.02799999997987,-0.3590329015250778,-0.021224030577065792,-0.21292532468846026,0.04568831479357889,-0.0020239872459768735,0.0017380991031243924,0.0015867153969498344,-0.0010314978641049147,0.00043006849884444153
1791433741.9536378,5672.520989767,72.04799999997996,-0.35907340862213283,-0.021189283775948555,-0.21289363388787252,0.04566765820549383,-0.0020238944747068273,0.0017356262271962144,0.001579905245289565,-0.0010301645563212997,0.00042976966213463064
1791433741.9801054,5672.547470084,72.06799999998006,-0.3591139243378202,-0.021154588617809594,-0.2128620690508038,0.0456470297358652,-0.0020272701417074304,0.00173394388160987,0.0015744572616621694,-0.0010297399948963532,0.0004294969888968882
1791433742.003924,5672.571278774,72.08799999998016,-0.3591545495869986,-0.021119913279611383,-0.21283058281478076,0.04562640630698552,-0.0020297222042008354,0.0017328203794022177,0.0015712739768011027,-0.0010276257160996693,0.0004291175168325455
1791433742.02786,5672.595227584,72.10799999998025,-0.359195088993078,-0.021085294817591683,-0.21279920241188477,0.045605891879746306,-0.0020238263583970506,0.0017281432646267534,0.0015644066585198133,-0.001021534096267084,0.0004294853519080775
1791433742.0526874,5672.620051142,72.12799999998035,-0.35923559849935255,-0.021050774605652117,-0.21276796772900708,0.045585447983512696,-0.0020254976986157467,0.0017243105326392642,0.0015560076410157833,-0.0010197672057003534,0.0004298775998647385
1791433742.0770714,5672.644440412,72.14799999998044,-0.35927614868255786,-0.021016299495108564,-0.21273691697712843,0.04556502451242081,-0.0020256764863611724,0.0017230123624068345,0.001546390378777262,-0.0010185089781078209,0.0004303669353161617
1791433742.1031308,5672.670512444,72.16799999998054,-0.3593166846949424,-0.02098184642878227,-0.21270604434350818,0.0455446333575692,-0.0020297739262014353,0.0017220727505425268,0.0015397797276359595,-0.0010183671788253884,0.0004306934612300081
1791433742.133606,5672.70099214,72.18799999998063,-0.3593574201318665,-0.020947319917727705,-0.21267522573312886,0.04552420790974479,-0.0020369988948701514,0.0017308621645788177,0.0015385771296162131,-0.0010191078499557488,0.00043094712320700714
1791433742.1601288,5672.727500119,72.20799999998073,-0.35939815085122284,-0.020912727650841467,-0.2126444325715196,0.045503849330766157,-0.002036573446541954,0.001724671179683137,0.0015379693353277685,-0.0010134976814180725,0.0004315788152603777
1791433742.1845622,5672.751927227,72.22799999998082,-0.35943891119377186,-0.020878353092709905,-0.2126136846955238,0.0454836356707551,-0.002033786462906394,0.00171472425136945,0.0015301690099988764,-0.001003640194385095,0.00043232434938132383
1791433742.208639,5672.775995074,72.24799999998092,-0.35947953785309283,-0.020844087398372502,-0.2125831811990499,0.04546356628019147,-0.0020300624121831253,0.0017120825369145408,0.0015198295694455572,-0.0010020217596457273,0.0004338448694048745
1791433742.2329166,5672.80028266,72.26799999998101,-0.35952022361310576,-0.02080983081726729,-0.2125528303057627,0.045443475733799255,-0.002036033341493604,0.0017135955209685156,0.0015110933837018065,-0.0010023528163445306,0.0004351459280067857
1791433742.256915,5672.824277264,72.28799999998111,-0.3595609908805433,-0.02077553160309706,-0.2125226797932181,0.04542341945122262,-0.0020374225506903485,0.0017155381150870104,0.0015019091488203617,-0.0009995037256451827,0.0004362476944264035
1791433742.2815459,5672.84890719,72.3079999999812,-0.3596017586602427,-0.020741206613606115,-0.21249267065643715,0.04540344597427845,-0.0020383419458911583,0.0017165876878838299,0.0014958748921500404,-0.0009943028395559706,0.00043744847059959917
1791433742.3056064,5672.872967026,72.3279999999813,-0.3596425849927283,-0.02070686840634503,-0.21246276855318144,0.04538357913520757,-0.002042032515531165,0.0017164895091923388,0.0014910611405953302,-0.0009892024732797594,0.0004388592397891374
1791433742.3300369,5672.897396539,72.3479999999814,-0.3596834795188986,-0.02067255232499641,-0.21243296431666933,0.04536380184559184,-0.0020456343445680236,0.0017148494474040596,0.001485397936993872,-0.0009853910122694218,0.00044024177174779817
1791433742.353964,5672.921319466,72.36799999998149,-0.35972445844593237,-0.020638255677766944,-0.2124032794907217,0.04534407737358019,-0.0020502900347750355,0.0017145489223389942,0.0014799611941492445,-0.0009837198743815744,0.00044165329304242563
1791433742.3777204,5672.945071506,72.38799999998159,-0.3597655228613234,-0.020603978334361384,-0.21237369369029294,0.04532439973719066,-0.002053906666604313,0.0017126275837938063,0.0014746696386397267,-0.0009801534290355288,0.0004431527497084354
1791433742.402003,5672.969359771,72.40799999998168,-0.35980664122692607,-0.02056974736929231,-0.21234423144100337,0.04530481013895104,-0.0020562426984976193,0.0017106320975458968,0.0014680118417787441,-0.0009757134061045688,0.0004447256026781844
1791433742.4262261,5672.993578014,72.42799999998178,-0.3598478302459288,-0.02053552616979752,-0.21231487603511415,0.04528528116023217,-0.0020614795120107543,0.0017116053440431262,0.00146488747749984,-0.0009739399058473464,0.0004461999938804942
1791433742.4507155,5673.018073662,72.44799999998187,-0.3598891198006636,-0.020501277371226093,-0.21228560078321282,0.04526581693890449,-0.002065811150269496,0.0017123637945337536,0.0014584216346742417,-0.0009694101165994924,0.0004480175301971061
1791433742.4790027,5673.046363203,72.46799999998197,-0.35993048833808106,-0.020467049474744654,-0.21225647010815113,0.04524643994020104,-0.0020689732125199482,0.0017101899730442413,0.0014515715203999306,-0.0009649496984186462,0.0004498686299830758
1791433742.5033937,5673.070754405,72.48799999998207,-0.35997190134856355,-0.020432857871843048,-0.21222745473412624,0.04522715827608517,-0.0020701675081476385,0.0017091516979184432,0.0014466731107551638,-0.0009598586288552039,0.0004518661857490891
1791433742.531242,5673.098628719,72.50799999998216,-0.3600133383735134,-0.020398650606603407,-0.2121985233042125,0.045207959991431595,-0.0020734464732803425,0.0017116386603497728,0.0014421510642484453,-0.000957210698198591,0.00045390611625215315
1791433742.5553765,5673.122748224,72.52799999998226,-0.36005487592888913,-0.020364408367830926,-0.21216970506018903,0.04518882102011277,-0.0020777393592057657,0.0017115667455143656,0.0014350634235836268,-0.0009525210605216771,0.00045599417433042616
1791433742.5838814,5673.151281214,72.54799999998235,-0.36009646782067084,-0.020330198505230084,-0.21214104179785667,0.04516979787215854,-0.002081384681701171,0.0017093292488421557,0.0014288007636501746,-0.0009472529530307185,0.00045815410442264886
1791433742.6159961,5673.183370579,72.56799999998245,-0.36013815460756116,-0.020296011643301363,-0.2121124696445126,0.045150876342431194,-0.0020840577503678072,0.0017098795010563198,0.001423590997808734,-0.0009411999317092277,0.0004602807983390323
1791433742.6495373,5673.216918991,72.58799999998254,-0.3601798783215343,-0.020261764597464114,-0.21208400797956836,0.04513204588040759,-0.002088955709854493,0.0017141058184487951,0.0014193114566849342,-0.0009393246039760057,0.00046270086912763913
1791433742.6750298,5673.242413228,72.60799999998264,-0.3602217606551129,-0.02022749056181164,-0.21205561623502164,0.04511325809958482,-0.0020980063767834225,0.0017121687435540376,0.001416317904246039,-0.0009360062818519121,0.0004647703594081152
1791433742.7002604,5673.267641365,72.62799999998273,-0.3602637572505612,-0.020193269330225683,-0.21202727197221274,0.04509456834345629,-0.002096569438168909,0.0017107133223515489,0.001412615889119753,-0.0009288476145941186,0.00046675606554766915
1791433742.7291048,5673.296478576,72.64799999998283,-0.3603056425098893,-0.020159060422055352,-0.21199902482759703,0.04507601796259006,-0.0020958149866917622,0.0017096313315736133,0.0014090187450979139,-0.0009245434760535355,0.00046912908668230797
1791433742.753618,5673.320982038,72.66799999998292,-0.3603476732265037,-0.02012485178792312,-0.21197083423884167,0.04505751608013535,-0.002104451421441044,0.0017114974929034377,0.0014049112638762201,-0.000921847878004972,0.00047114026230647254
1791433742.7776623,5673.345039794,72.68799999998302,-0.3603897944478989,-0.020090612463581882,-0.21194274123892595,0.045039088897897435,-0.002105735665186481,0.001711527431905132,0.0014013533814937237,-0.0009176144316793108,0.0004731758752228031
1791433742.801867,5673.369228523,72.70799999998312,-0.36043192152898895,-0.020056382581841555,-0.21191468279667047,0.04502074932928948,-0.002106991460943187,0.0017116139054782116,0.001399668508479287,-0.0009132485023734115,0.00047535147399582766
1791433742.8341968,5673.401554532,72.72799999998321,-0.3604741152767657,-0.020022141217502974,-0.21188667706578337,0.04500249068218524,-0.002112536217854033,0.001712106007172436,0.0013970043654285844,-0.0009100284235083373,0.00047751220822706464
1791433742.8605149,5673.427869804,72.7479999999833,-0.3605164209846481,-0.019987898716955346,-0.21185872317239518,0.044984300586882055,-0.0021143743756683797,0.0017120039514673605,0.001392628839090834,-0.0009047711633136424,0.00047971327213017857
1791433742.8847945,5673.452149655,72.7679999999834,-0.3605586960309592,-0.019953668975166903,-0.2118308822593479,0.04496622578160633,-0.0021147771986652986,0.0017104529597054472,0.0013892733310407728,-0.0009005417142639446,0.0004821725971145214
1791433742.9089792,5673.476352852,72.7879999999835,-0.36060105060172676,-0.01991945800196054,-0.21180306494263074,0.04494822569170438,-0.0021189270201534102,0.001711164637108323,0.001387057172089655,-0.0008959807488198638,0.00048427552585641407
1791433742.9327693,5673.500123829,72.8079999999836,-0.3606434547758355,-0.019885208034487425,-0.2117752920777907,0.04493030950147206,-0.002121076748078538,0.0017135086039017059,0.0013874340311186837,-0.0008929137149632523,0.0004861943495522159
1791433742.9579384,5673.525289738,72.82799999998369,-0.3606859010196089,-0.019850919052442868,-0.2117475216260306,0.04491247472812805,-0.0021225270934587034,0.0017145808102653128,0.0013840791602717012,-0.0008876146174302713,0.0004885179330534752
1791433742.9827766,5673.550135544,72.84799999998378,-0.360728378981273,-0.019816650527895694,-0.2117198423486997,0.044894725421881346,-0.0021268049074733312,0.0017119296240474516,0.001381581764870684,-0.0008852692829086525,0.0004906900902760267
1791433743.006502,5673.573857573,72.86799999998388,-0.36077098415665854,-0.019782408102971685,-0.21169216557911472,0.044877020871893984,-0.0021308701380807317,0.0017133100327318775,0.001379948885993841,-0.0008812349167140826,0.0004925396258344934
1791433743.030357,5673.597711898,72.88799999998398,-0.3608135980559942,-0.019748129150009987,-0.21166456789033483,0.04485942096617863,-0.0021304331189212627,0.0017133091273523545,0.0013758150028078892,-0.0008758410307287082,0.0004947314999524095
1791433743.0605576,5673.627949635,72.90799999998407,-0.36085623910396336,-0.019713886557929078,-0.21163704844294792,0.04484192059186404,-0.0021345839502267044,0.001711108145450524,0.0013724362580674158,-0.0008717565234020627,0.0004968547995569414
1791433743.088937,5673.656305423,72.92799999998417,-0.3608989865985585,-0.019679660194415395,-0.21160957296098118,0.04482448703607951,-0.0021386789367340894,0.001711919709578882,0.0013716971785247896,-0.0008688651041078966,0.0004986050064134399
1791433743.1134138,5673.680782362,72.94799999998426,-0.36094177420808055,-0.019645387765130643,-0.21158207468333032,0.044807107026185185,-0.0021394163010059566,0.0017148472714588784,0.0013723277106093964,-0.0008656746749288574,0.0005003689372786063
1791433743.1383905,5673.705756385,72.96799999998436,-0.3609845761131862,-0.01961109042023093,-0.21155459763470222,0.04478980330772481,-0.002141324611329695,0.0017140917411428785,0.0013711957016267133,-0.000861967042705426,0.000502323503680987
1791433743.1629646,5673.730328257,72.98799999998445,-0.3610274328554187,-0.019576832945516962,-0.2115271476565653,0.0447725756520343,-0.002143624647837297,0.0017117369865216868,0.001369088823063853,-0.000857797912207081,0.0005041205411638524
1791433743.1916654,5673.759026282,73.00799999998455,-0.36107031835114023,-0.019542606720436447,-0.2114997476889503,0.04475542778253543,-0.002145111659205503,0.0017108866473154716,0.0013667118273827414,-0.0008542870498680303,0.0005058461114347096
1791433743.2158682,5673.78321767,73.02799999998464,-0.36111323882576885,-0.019508392714345724,-0.2114723942214271,0.04473834956781788,-0.002146626472194492,0.0017104812841876533,0.001364006985941046,-0.0008505728447319444,0.0005074763096656667
1791433743.2440603,5673.81143144,73.04799999998474,-0.36115618415326256,-0.019474172824821674,-0.21144509519052196,0.04472133983344481,-0.0021477640529915685,0.0017114959015582221,0.0013621829481182308,-0.0008477030736457814,0.0005090377481651034
1791433743.2687514,5673.836120693,73.06799999998483,-0.3611991536869494,-0.019439933315179618,-0.21141781257257028,0.04470438673999351,-0.0021489461050144204,0.0017117796545111045,0.0013606524203484233,-0.0008442433171819968,0.0005106082506065175
1791433743.295041,5673.86240514,73.08799999998493,-0.3612421455209168,-0.01940571352065971,-0.21139058392212426,0.04468750991526924,-0.0021510467510969583,0.0017101204990415887,0.0013591551875047037,-0.000841211345042698,0.0005121089597653135
1791433743.3190942,5673.886472823,73.10799999998503,-0.3612851950056613,-0.01937151064908259,-0.2113633491631061,0.04467068365797894,-0.002153178142883258,0.0017101340158103605,0.0013589632653970625,-0.0008381636433036959,0.0005133643152789787
1791433743.3429177,5673.910269692,73.12799999998512,-0.36132824804808805,-0.01933731041777351,-0.21133611654832724,0.044653921022813736,-0.002151978939166861,0.0017098694671791584,0.001361194920672758,-0.0008353795998530449,0.000514364331379011
1791433743.3677063,5673.935072928,73.14799999998522,-0.36137128421665865,-0.019303115070096587,-0.21130885386370127,0.04463723129871369,-0.002152945120129439,0.0017089311428163784,0.0013599827582457358,-0.0008314771747625051,0.000515628450801975
1791433743.392861,5673.960225354,73.16799999998531,-0.36141435401874006,-0.01926897359410733,-0.21128164003597422,0.04462059824652388,-0.002152637117053145,0.001705228934110866,0.0013566502655826876,-0.000828681992690788,0.0005167914061225543
1791433743.4190254,5673.986394619,73.18799999998541,-0.3614573812313677,-0.01923488866058228,-0.21125449664714677,0.04460401601535756,-0.002152219540708133,0.0017037731738394268,0.0013547258768394203,-0.0008273712519350517,0.0005178533701821902
1791433743.4434736,5674.010850624,73.2079999999855,-0.36150045548172394,-0.01920079575159644,-0.21122735370279866,0.044587457601976424,-0.002153874593930092,0.0017053155922427561,0.0013546366504672484,-0.0008249082942279199,0.0005186634526329384
1791433743.4708908,5674.038268855,73.2279999999856,-0.36154351587651784,-0.019166670648645395,-0.21120022448702158,0.04457095881453631,-0.0021529939459476928,0.0017071031554705162,0.001353412288829044,-0.0008225991151803641,0.0005195194602402708
1791433743.4954345,5674.062785973,73.2479999999857,-0.3615865876799737,-0.01913253910253663,-0.21117312522983553,0.0445544957750496,-0.0021552437151120445,0.0017047829971605193,0.0013528521962876744,-0.0008208225223109368,0.0005203084948902112
1791433743.5211544,5674.088522564,73.26799999998579,-0.3616296964190176,-0.0190984857670563,-0.21114601485963372,0.04453808764294707,-0.0021544267004240023,0.001701177389442553,0.0013541527754451113,-0.0008171271959343647,0.0005207425605739459
1791433743.5458217,5674.113180999,73.28799999998589,-0.3616727262078609,-0.01906447434195716,-0.21111886669836413,0.044521754740485135,-0.0021489701132267666,0.001699996901339168,0.0013550632464644035,-0.0008135039899973957,0.0005211348163272423
1791433743.571095,5674.13845086,73.30799999998598,-0.36171568363906204,-0.019030473851801965,-0.21109172727363543,0.04450546469630786,-0.002149230226467,0.0016999639165779857,0.0013547429718632734,-0.0008134129107602174,0.0005216396786478961
1791433743.595436,5674.162805236,73.32799999998608,-0.36175869259429216,-0.018996498989251438,-0.21106459634054717,0.04448917246806942,-0.0021504626430988317,0.0016967678280537762,0.0013535660265385796,-0.0008122987063617383,0.0005219632577927697
1791433743.6195812,5674.186958484,73.34799999998617,-0.3618016561934074,-0.018962601992520218,-0.21103749784196973,0.04447292539772544,-0.0021464077319116727,0.0016934976164368204,0.0013524050054316505,-0.0008098393734941677,0.0005221880925562303
1791433743.644151,5674.211547562,73.36799999998627,-0.3618445610045109,-0.01892872586902674,-0.21101040399730783,0.04445671412338555,-0.002145372427077509,0.001694097104225351,0.0013523988782222344,-0.0008085749529416767,0.0005224587980169472
1791433743.6689591,5674.236327652,73.38799999998636,-0.361887475887464,-0.0188948434760198,-0.21098331788989946,0.044440525716082487,-0.0021461208886105407,0.001693251092392072,0.0013516906758430575,-0.0008072791840333284,0.0005226032633764505
1791433743.6930163,5674.260375001,73.40799999998646,-0.3619303734089259,-0.018861021044150682,-0.21095625323022243,0.04442438072502098,-0.00214397132101776,0.0016889206683088711,0.0013502544042809674,-0.0008044616355299956,0.0005225301947002444
1791433743.720024,5674.28737757,73.42799999998655,-0.36197321756020245,-0.018827267353992285,-0.21092921598292635,0.044408287336796824,-0.002141074816013036,0.001686907231147581,0.001349331262266187,-0.0008024049805183524,0.0005223861548760098
1791433743.7479677,5674.315347227,73.44799999998665,-0.36201601837880276,-0.01879352136152781,-0.21090218401143793,0.04439221557801366,-0.0021396739133457215,0.0016874345767119324,0.0013496164214573927,-0.0008020620022584792,0.000522215078545066
1791433743.7739744,5674.341344108,73.46799999998674,-0.3620587947306859,-0.018759797360180068,-0.21087514192113416,0.04437615538681079,-0.0021389498784892586,0.0016842805151155475,0.0013505858680588898,-0.0008013382839109641,0.0005218537183725303
1791433743.802286,5674.369662716,73.48799999998684,-0.3621015462550782,-0.018726148051189627,-0.21084807506963302,0.04436011631645505,-0.0021353526047816346,0.0016811147261637043,0.0013505680770906862,-0.0007994979311830732,0.0005214051013940599
1791433743.8339336,5674.401314023,73.50799999998694,-0.3621441961001144,-0.018692539409595005,-0.210821030838162,0.04434410275586163,-0.0021315322861327215,0.001679457723913351,0.001350065868690483,-0.0007995243414719059,0.0005211392416590055
1791433743.8603742,5674.427759283,73.52799999998703,-0.3621868152148717,-0.018658971014184067,-0.210793984981879,0.04432808215903239,-0.002130645484344623,0.0016770584405323993,0.0013497211949224143,-0.000799320892614534,0.0005207065531356383
1791433743.8848495,5674.452226396,73.54799999998713,-0.36222939158606937,-0.018625469864168905,-0.21076696065293915,0.044312089885493997,-0.002127189990478912,0.0016730573413489193,0.001348605394803623,-0.0007971302379762502,0.0005201534629735441
1791433743.9139354,5674.481326174,73.56799999998722,-0.3622718885662103,-0.01859202930973085,-0.21073994761872766,0.0442961347441797,-0.0021235378430965617,0.0016713292687533625,0.0013484025620142466,-0.0007959824896819425,0.0005195622832623659
1791433743.938479,5674.505841878,73.58799999998732,-0.362314340847422,-0.01855860090470567,-0.21071293272276084,0.044280184763418315,-0.002122703286354502,0.0016710649503323227,0.0013484230649567566,-0.0007962299788061717,0.0005189423772525703
1791433743.9654953,5674.532855161,73.60799999998741,-0.3623567718384172,-0.01852520386984606,-0.2106859060029471,0.04426423324392871,-0.002119986770997097,0.0016685578180196331,0.00135076670417785,-0.0007958825741320112,0.0005180305753918814
1791433743.98943,5674.556786849,73.62799999998751,-0.3623991106124383,-0.01849186233990419,-0.2106588406123811,0.044248314073653414,-0.002114537586778618,0.0016653199060204674,0.0013514965504319997,-0.0007936792733899241,0.0005172496535730658
1791433744.0201383,5674.587499133,73.6479999999876,-0.3624413601636196,-0.018458600245689946,-0.21063180998038306,0.04423243068263957,-0.0021122283123138764,0.0016606480934136124,0.0013486067359262184,-0.0007931028435242126,0.0005166933352755619
1791433744.0446374,5674.611997409,73.6679999999877,-0.362483585332355,-0.018425428230157075,-0.21060480111813334,0.04421652756286914,-0.0021097872631056875,0.0016573657547194354,0.0013477875405616614,-0.0007941668092016993,0.0005158563304061914
1791433744.0689843,5674.636335246,73.6879999999878,-0.36252573573678876,-0.018392270413932463,-0.2105777843566428,0.04420060180179027,-0.0021059539288111238,0.001658282350944664,0.0013498214623190751,-0.0007950951674999314,0.0005149439257713006
1791433744.0928109,5674.660165326,73.70799999998789,-0.36256781562642354,-0.018359137432394892,-0.21055078093835575,0.04418471253877966,-0.0021031125318958788,0.0016537613132556845,0.001346950629111983,-0.0007917356869539152,0.0005141871193931962
1791433744.1174548,5674.684822639,73.72799999998799,-0.36260983654117085,-0.018326118665131237,-0.210523807189405,0.04416886492444561,-0.0020991927843749016,0.0016491525947346154,0.0013469409111018448,-0.0007908121386869471,0.0005130936955412455
1791433744.14273,5674.710133924,73.74799999998808,-0.3626517562268072,-0.018293140813350445,-0.21049680321990355,0.044153022710455576,-0.002093169928117884,0.0016489644984453884,0.0013481951507911495,-0.0007906022123461647,0.0005120074658569336
1791433744.1728468,5674.740219335,73.76799999998818,-0.36269357465799806,-0.018260165515625114,-0.21046980005888632,0.04413718062129654,-0.0020902665848016163,0.0016474805027051306,0.0013470984738766058,-0.0007907471704630672,0.0005111804408318201
1791433744.1976116,5674.764995393,73.78799999998827,-0.36273536203044127,-0.01822726096796188,-0.21044280646353114,0.04412132535261021,-0.0020889732376277426,0.0016433440266796584,0.001350578486719411,-0.0007923153889662192,0.0005099308671912971
1791433744.221671,5674.789029834,73.80799999998837,-0.3627771119079015,-0.018194418700760943,-0.21041577857782828,0.0441054868602129,-0.0020851331838396886,0.0016402951161030006,0.001347574300403673,-0.0007894622800582388,0.0005089474169964142
1791433744.2456121,5674.812965327,73.82799999998846,-0.36281873192379166,-0.018161675284113287,-0.2103888117123746,0.044089675614442596,-0.0020783059864900584,0.0016343754011274938,0.0013453489992252103,-0.0007893068804100035,0.000507906915216429
1791433744.272206,5674.839559906,73.84799999998856,-0.3628602471035937,-0.018129019686168507,-0.2103618761360101,0.044073861226477946,-0.002073774957774842,0.0016318099370583462,0.0013439525023758142,-0.0007892354508594325,0.0005067690803458734
1791433744.3008409,5674.868200726,73.86799999998865,-0.3629016791462643,-0.01809638724457553,-0.2103349636804104,0.044058049858717765,-0.0020703656820549913,0.0016312591572586184,0.0013432141901806034,-0.0007893649578231551,0.0005055264779883805
1791433744.3245037,5674.891859846,73.88799999998875,-0.36294305152316647,-0.01806377590076583,-0.2103080542309618,0.04404223477478116,-0.002067153273365679,0.0016294077090898177,0.001343232180481883,-0.000789260516423235,0.0005042414514387617
1791433744.3485427,5674.915918643,73.90799999998885,-0.3629843363783923,-0.01803122592556957,-0.21028114816924848,0.04402643225688802,-0.002061688974176702,0.0016254969657141765,0.0013430359363020966,-0.0007883369381802292,0.0005029794402144319
1791433744.372743,5674.940100214,73.92799999998894,-0.3630255102138067,-0.017998744811825486,-0.210254248463332,0.0440106409929654,-0.0020565433216353612,0.0016228258582819373,0.0013417403614043204,-0.0007880957406302206,0.0005018111135972353
1791433744.399414,5674.966767883,73.94799999998904,-0.36306660831579524,-0.01796632154710807,-0.21022739426535794,0.043994846563999025,-0.0020549983196034285,0.0016191630309799056,0.0013406200332022943,-0.0007890658817941243,0.0005006124736391486
1791433744.4233103,5674.990666409,73.96799999998913,-0.3631076957559241,-0.017933977414328024,-0.21020052978192494,0.04397903779193588,-0.0020529243028165264,0.0016156952582270629,0.0013407857679783302,-0.0007886981263248988,0.0004992329305628922
1791433744.4471667,5675.014520287,73.98799999998923,-0.36314868534934813,-0.01790169120501136,-0.2101736792126214,0.04396324771449232,-0.0020461864198185096,0.0016127947508253503,0.001339582207580397,-0.0007875975911393929,0.0004980026891654675
1791433744.472171,5675.039532187,74.00799999998932,-0.3631895445558344,-0.017869467573668484,-0.21014683925677297,0.04394746522767363,-0.002041439514185981,0.0016098025817865701,0.001341040341568691,-0.0007881970750761963,0.0004966997923171926
1791433744.4965658,5675.063924497,74.02799999998942,-0.36323035225070877,-0.017837289203034023,-0.21011999835507547,0.04393168267683038,-0.0020392572998990397,0.0016076251280013913,0.0013386441873518354,-0.0007877191638356684,0.0004954869485621009
1791433744.5210803,5675.088443353,74.04799999998951,-0.3632710914862113,-0.017805179875431808,-0.21009319877470703,0.04391589600542092,-0.0020355268626738167,0.0016032785769568704,0.001337864427814012,-0.0007884116137019861,0.0004940913346398059
1791433744.547512,5675.114889052,74.06799999998961,-0.36331175565919877,-0.01777313313234342,-0.2100663853740725,0.04390009640524407,-0.0020310246527597124,0.0016025407077084955,0.001338785451800153,-0.0007889868670955015,0.0004925896694576991
1791433744.5725293,5675.139897097,74.0879999999897,-0.3633523205463712,-0.017741094599844475,-0.21003956011775887,0.043884291856883285,-0.002026158913898087,0.0016000003287854844,0.001339134306825425,-0.0007884923531633588,0.0004911707131749172
1791433744.5970027,5675.164405615,74.1079999999898,-0.3633927852928871,-0.01770915874709346,-0.21001274282160265,0.04386851251990281,-0.0020203419338622273,0.0015938770108114072,0.0013373794902309085,-0.0007866837530391042,0.0004898370309577149
1791433744.6271565,5675.194522612,74.1279999999899,-0.3634331298090746,-0.017677328662332743,-0.20998597776673136,0.04385275360774799,-0.002016027438254865,0.0015896707965598778,0.001336128497692201,-0.000787366422609868,0.000488562260915926
1791433744.6518638,5675.219236274,74.14799999998999,-0.36347341741684003,-0.017645557795431994,-0.20995920276143407,0.04383697042640155,-0.0020118960746967666,0.0015877158928026913,0.0013363843278299654,-0.0007877669276582644,0.00048708667521367167
1791433744.6759331,5675.243297294,74.16799999999009,-0.36351358072432716,-0.017613819308312652,-0.2099324344896836,0.04382119063304609,-0.0020049770712405263,0.001585752319093506,0.0013357043536677366,-0.0007874170642103415,0.0004857820214996481
1791433744.699886,5675.267238231,74.18799999999018,-0.3635536294194777,-0.017582142975709897,-0.20990568418457714,0.04380541807475533,-0.00200177549354353,0.0015817160838851073,0.0013356927581389727,-0.0007875283777468494,0.00048455107927957423
1791433744.7241788,5675.291527233,74.20799999999028,-0.3635936409876095,-0.017550539340139407,-0.20987891884210763,0.04378964087796042,-0.0019984435971829137,0.0015791332837950091,0.0013357550135665538,-0.0007873182847855588,0.0004831253224963493
1791433744.7519345,5675.319295538,74.22799999999037,-0.3636335445005008,-0.017518973131164444,-0.20985216155972367,0.0437738673264353,-0.001992956970918871,0.00157735441327485,0.0013360466607994592,-0.0007876234390949055,0.0004817948166859473
1791433744.7804701,5675.347831813,74.24799999999047,-0.3636733705046891,-0.01748745001378294,-0.20982538386514776,0.043758083860858075,-0.001990398151108571,0.0015746389643371723,0.0013366718506553532,-0.000787867605607599,0.0004805514742053946
1791433744.8038192,5675.371176551,74.26799999999056,-0.3637131521503514,-0.017455990454415416,-0.20979861504432243,0.043742301197296315,-0.0019875423311157187,0.0015714950852875858,0.0013359000445531551,-0.0007878009729304064,0.0004793566910957706
1791433744.8289547,5675.396305728,74.28799999999066,-0.3637528546805857,-0.017424602620603694,-0.20977186037826592,0.04372652333680945,-0.001983214054135152,0.0015669998823965169,0.0013349720154226914,-0.0007871977410783991,0.0004782250322505243
1791433744.8526897,5675.42004512,74.30799999999076,-0.3637924689775246,-0.017393303372057987,-0.20974511073874907,0.04371075511545911,-0.001978561761142901,0.0015638085691268475,0.0013363380195696578,-0.0007871493187733561,0.0004769153253142725
1791433744.8782053,5675.44555406,74.32799999999085,-0.363832001267059,-0.01736202357551181,-0.20971833860804295,0.043694985630527344,-0.0019753572044521857,0.0015641132252023028,0.0013374594308629684,-0.000787731930676493,0.00047574842622849365
1791433744.9034526,5675.470812114,74.34799999999095,-0.3638714777938016,-0.01733076748842237,-0.20969156982401602,0.04367921516877953,-0.001971984756965651,0.0015603238822849877,0.0013349672960215548,-0.0007865858152172829,0.00047482606099870264
1791433744.927337,5675.494699925,74.36799999999104,-0.36391085432850134,-0.017299630168522633,-0.20966483395794158,0.04366346473419551,-0.001965967908824262,0.0015544409228090159,0.001335280133337984,-0.0007860159028421958,0.00047370667776185197
1791433744.9522352,5675.51959721,74.38799999999114,-0.363950115381166,-0.017268554780340627,-0.20963809875951514,0.0436477304176861,-0.0019604584575353026,0.0015531866240342156,0.0013339214610682778,-0.0007849761700899493,0.00047271977053669995
1791433744.9770648,5675.544462555,74.40799999999123,-0.36398928373522205,-0.01723752242778961,-0.20961144480149219,0.04363202497628376,-0.0019579607028457967,0.0015494236385436143,0.0013285799407703293,-0.0007838385034674397,0.000471933805751163
1791433745.002546,5675.569920628,74.42799999999133,-0.36402843296477394,-0.017206571049218196,-0.20958484732013027,0.04361631731779592,-0.0019564412905586216,0.0015466197034741632,0.0013275220049922345,-0.0007843383115205317,0.0004708549434753128
1791433745.0278966,5675.595270358,74.44799999999142,-0.3640675227914207,-0.01717562802846433,-0.20955823848935964,0.04360060165650075,-0.0019523514979000415,0.0015477167500198103,0.001328099193117261,-0.0007842317213183853,0.0004698701633587424
1791433745.0544834,5675.621847579,74.46799999999152,-0.3641065300707536,-0.017144695266135636,-0.20953164319704043,0.04358490711415276,-0.0019493736738164214,0.0015445455320250794,0.0013267913154949094,-0.0007825906886186573,0.0004690805939467016
1791433745.0811472,5675.648521487,74.48799999999162,-0.3641454956016189,-0.017113859630772103,-0.2095050904735782,0.04356924767811493,-0.0019472103151021007,0.001539560179708941,0.0013237995880562403,-0.0007809993748050726,0.00046819039481904817
1791433745.1100535,5675.677433913,74.50799999999171,-0.3641844040716985,-0.017083090407440975,-0.20947860494629703,0.04355360479253608,-0.0019434108882649267,0.0015380080298958711,0.001320026577381985,-0.0007807414169463385,0.00046734958697018425
1791433745.1345336,5675.701902261,74.5279999999918,-0.3642232347461996,-0.01705235342489659,-0.20945219768204393,0.043537966742785164,-0.0019409253220695648,0.0015349891206948144,0.0013173241599970615,-0.0007804840272163278,0.0004664949850901762
1791433745.1592767,5675.726652898,74.5479999999919,-0.36426203441384514,-0.017021686440651915,-0.20942581693432175,0.043522342077246486,-0.0019383741542112556,0.0015324858333881815,0.001315740809674321,-0.0007793301732334237,0.0004654140751740975
1791433745.1833992,5675.75075826,74.567999999992,-0.36430075244503807,-0.01699104944147872,-0.20939947735903788,0.04350673843775791,-0.0019338544133147796,0.0015309504725758776,0.0013133413421838906,-0.0007784476535680685,0.0004644720660055428
1791433745.208069,5675.775415881,74.58799999999209,-0.36433940278871646,-0.016960464276333534,-0.2093731902820103,0.043491149493038304,-0.0019325072974683943,0.0015275095772735875,0.0013117478153749874,-0.0007782031070585844,0.00046360159841250776
1791433745.2316697,5675.799028829,74.60799999999219,-0.364378046654058,-0.016929938688337556,-0.20934691202040104,0.04347555939805262,-0.0019311127342476286,0.0015255958013105377,0.0013109911485256834,-0.0007781317978738255,0.0004625718244267566
1791433745.2594922,5675.826840543,74.62799999999228,-0.36441663048016393,-0.01689944138503268,-0.20932065624701815,0.043459971984266696,-0.0019274146423356243,0.001523505681961188,0.001310146251913002,-0.000777783152748778,0.0004616386776510963
1791433745.2870083,5675.854367449,74.64799999999238,-0.364455138506987,-0.016869015997374837,-0.20929441656218928,0.043444404477997516,-0.001924101756759559,0.0015193612261897311,0.0013088542423970503,-0.0007765014514533735,0.0004607717690858626
1791433745.310883,5675.878242981,74.66799999999247,-0.36449359152055055,-0.016838660179142935,-0.20926821689311648,0.04342885734550216,-0.0019212286017558477,0.0015164245767481993,0.0013065631418354101,-0.0007757173673328794,0.00045990448508309145
1791433745.3354635,5675.902819223,74.68799999999257,-0.3645319831826085,-0.016808352445677785,-0.20924205940978563,0.04341332039786103,-0.001918515375193087,0.0015146086252867837,0.0013047638484374173,-0.0007755148718284223,0.00045905433597436614
1791433745.3647456,5675.932108604,74.70799999999267,-0.3645703241381909,-0.016778087874896565,-0.20921593395902624,0.04339779488297801,-0.0019154793013785166,0.0015117910147151709,0.0013031864481407554,-0.0007743067176619126,0.0004582587542058143
1791433745.3890877,5675.95645334,74.72799999999276,-0.3646085975255748,-0.016747868141695148,-0.20918978944857827,0.0433822733901941,-0.0019125897169574766,0.0015111632745458184,0.0013095160618505112,-0.0007760789567370089,0.00045715709656911477
1791433745.414192,5675.981552517,74.74799999999286,-0.3646468379862457,-0.016717619519755724,-0.20916354869366288,0.04336673811700287,-0.0019108451451042574,0.0015123273671369868,0.0013083014503468167,-0.0007749034867559489,0.00045663289765248647
1791433745.4384732,5676.005832007,74.76799999999295,-0.3646850055722011,-0.01668745926518602,-0.20913739075286622,0.04335123763125394,-0.0019060817215417844,0.0015031416651019825,0.0013025830536429275,-0.0007722373109458631,0.0004562841717429739
1791433745.4650695,5676.032421866,74.78799999999305,-0.3647230807274369,-0.016657482051935492,-0.20911137037131874,0.043335801357467056,-0.0019027771311369312,0.0014961005765253257,0.0012961467354436255,-0.0007694451795151269,0.0004558288959244097
1791433745.4949434,5676.062298886,74.80799999999314,-0.3647611206194798,-0.016627560830234474,-0.2090854504276655,0.04332040390912192,-0.0019005378791167398,0.0014971829949619823,0.001290716252391306,-0.0007677692013790118,0.0004552233487828366
1791433745.5199773,5676.087339697,74.82799999999324,-0.3647991212548951,-0.016597582170451347,-0.20905962158377556,0.043305012196307856,-0.001901916303750894,0.0014999654800243883,0.0012909210176413736,-0.0007699083797045116,0.00045448407075342597
1791433745.5491447,5676.116499105,74.84799999999333,-0.3648371785212365,-0.01656757632236928,-0.2090336926406738,0.04328958478754846,-0.001900563474553243,0.0015003848322337606,0.00129382918246019,-0.0007686910044455778,0.00045358296019653124
1791433745.573277,5676.140635873,74.86799999999343,-0.36487510909829934,-0.01653761246233959,-0.2090077920471848,0.0432742182937539,-0.0018948675111846928,0.001495236514743104,0.0012925872548872717,-0.0007662191653731719,0.00045318286488624086
1791433745.6022844,5676.169663657,74.88799999999353,-0.3649130021034711,-0.0165077741466775,-0.20898190274818973,0.0432588848257332,-0.0018946686617783606,0.001489406988231685,0.0012911351339794524,-0.0007647093841904357,0.0004526916969228734
1791433745.6324828,5676.199855673,74.90799999999362,-0.364950860427444,-0.01647802176023416,-0.20895606996896568,0.04324357572636604,-0.0018901590295431294,0.0014866050962894495,0.001287011956595115,-0.0007637600019029184,0.0004520343048362884
1791433745.6573682,5676.224762253,74.92799999999372,-0.3649886174341399,-0.016448299121906595,-0.20893032127286915,0.04322827032319463,-0.0018878391434284279,0.0014856900444518695,0.001283753786906435,-0.0007644357492882408,0.00045154498705985796
1791433745.6819148,5676.249293457,74.94799999999381,-0.36502638992528585,-0.016418594291262283,-0.20890462450790517,0.04321296037598232,-0.0018884062435184108,0.00148469698028086,0.0012808964556191725,-0.0007634298291115518,0.0004510234283496034
1791433745.7062123,5676.273571889,74.9679999999939,-0.3650641181485648,-0.01638893405543645,-0.20887899707219454,0.043197697482969186,-0.00188457739685284,0.0014812895978294266,0.0012774854324770545,-0.0007604776428214282,0.000450438961621044
1791433745.7303038,5676.297659571,74.987999999994,-0.3651017734602487,-0.016359337410700236,-0.20885342349974992,0.0431824854107063,-0.0018818091923612282,0.001478830760183804,0.0012751814480176332,-0.0007585519079246956,0.000449892131964952
1791433745.755443,5676.322807939,75.0079999999941,-0.36513940211062607,-0.016329775065375186,-0.2088278825164693,0.043167293183825506,-0.0018820534521235915,0.0014776702670609941,0.0012757857202086078,-0.0007589033614749802,0.0004492554168317634
1791433745.7796042,5676.346963456,75.0279999999942,-0.36517704378508997,-0.01630020964220277,-0.2088022870136147,0.04315207719692733,-0.0018800945343982372,0.001479024407588035,0.0012754352437553045,-0.0007590324159976909,0.00044876173225775735
1791433745.8059878,5676.37334303,75.04799999999429,-0.36521459380181537,-0.01627067791114659,-0.2087767968429987,0.04313689193475458,-0.0018776713986381765,0.0014728466236323201,0.001270968226606398,-0.0007574708711650012,0.00044858155577990645
1791433745.8330572,5676.40041565,75.06799999999438,-0.3652521711377797,-0.016241267570621477,-0.208751352163385,0.04312173377331854,-0.0018787234882480669,0.0014700543565198463,0.0012669254544096457,-0.0007554056999275341,0.00044831111464399987
1791433745.8570204,5676.424373468,75.08799999999448,-0.36528970699714053,-0.01621188259514797,-0.20872601386364673,0.04310661739945806,-0.0018753778914183687,0.0014679336137898653,0.00126501900715607,-0.0007542245794840215,0.00044787479218679144
1791433745.8810868,5676.448477907,75.10799999999458,-0.3653271851135046,-0.016182540371911844,-0.20870065871904303,0.043091529526505905,-0.001872722203903064,0.001467036380255788,0.001265807086849137,-0.0007523460217349897,0.00044727594031538335
1791433745.9050272,5676.472434978,75.12799999999467,-0.3653646299138723,-0.016153185571353753,-0.20867531791326852,0.04307646573084496,-0.0018729473271562704,0.0014677388100904933,0.0012657667141735551,-0.0007526832453348732,0.00044688005521408616
1791433745.9300892,5676.497494163,75.14799999999477,-0.36540207855550566,-0.01612385954662396,-0.20864992588793235,0.04306139023704639,-0.0018697288767147641,0.0014647496578804537,0.0012645454754762963,-0.0007507730369697838,0.0004465309617258006
1791433745.9553866,5676.522760211,75.16799999999486,-0.36543940505418926,-0.016094630668477203,-0.20862467477006466,0.04304638860476449,-0.0018658634208645998,0.0014580193862094568,0.0012583731371496978,-0.0007479359458815464,0.0004465386657262484
1791433745.979847,5676.547216239,75.18799999999496,-0.3654767272295023,-0.016065508879944207,-0.20859944720503928,0.043031409553634034,-0.0018653978215410183,0.0014562520392851365,0.0012607321997223325,-0.000747634107204963,0.0004459009421499108
1791433746.0074844,5676.574859743,75.20799999999505,-0.3655140021670461,-0.016036345268155963,-0.20857426520272232,0.043016462265925606,-0.0018625676660676315,0.001459001980597243,0.0012530581970327432,-0.0007456276187334469,0.0004458580260414611
1791433746.0322347,5676.599603297,75.22799999999515,-0.36555124674126294,-0.016007209111496664,-0.20854921153801584,0.043001528365266085,-0.0018635581183359593,0.0014541416877976484,0.0012488543184018988,-0.0007452086365846161,0.00044576475436877103
1791433746.0563705,5676.623729707,75.24799999999524,-0.36558852580904017,-0.015978171987762423,-0.20852421033261678,0.04298663043817998,-0.0018627493501832298,0.0014506974867500005,0.0012459910041074098,-0.0007417653826133432,0.0004454873740722919
1791433746.0803132,5676.647661853,75.26799999999534,-0.36562573357334677,-0.01594916337624457,-0.20849927366168286,0.042971801889906555,-0.001859408211440562,0.0014504041508341186,0.0012432561352999734,-0.0007393248601196535,0.0004452448283057813
1791433746.1041589,5676.671506939,75.28799999999544,-0.3656629211896723,-0.01592015638859622,-0.20847437458197396,0.04295699629680197,-0.0018598522143352732,0.0014502349996322703,0.001241491741120758,-0.0007388688912034564,0.00044500516190684036
1791433746.128984,5676.696359535,75.30799999999553,-0.36570010960142296,-0.015891169946385127,-0.20844952022078705,0.042942201567253216,-0.0018583493493152118,0.0014483314527495173,0.0012383572115254042,-0.0007377880222694945,0.0004447742475419793
1791433746.1550286,5676.722399091,75.32799999999563,-0.36573724418903253,-0.015862233004010937,-0.20842473914474627,0.04292743267121823,-0.0018566531884626426,0.0014455216601008112,0.0012360899860862486,-0.0007370624520783315,0.00044448162845235574
1791433746.1803453,5676.747733931,75.34799999999572,-0.36577436885685183,-0.015833342288982907,-0.20839994583113589,0.04291267349629271,-0.0018552349345382412,0.001444301737795937,0.0012384785784093455,-0.0007361317890821077,0.00044386475234166605
1791433746.21575,5676.783129127,75.36799999999582,-0.36581144721642384,-0.01580445597673183,-0.20837514459784565,0.04289794681884165,-0.0018542614367817924,0.0014437121414889891,0.00123860744278921,-0.0007353304783166838,0.00044348878262732023
1791433746.2414594,5676.808845533,75.38799999999591,-0.36584852519636335,-0.0157756079701746,-0.20835028991642082,0.04288321488773834,-0.0018517093354357597,0.0014413410419792255,0.0012389821050858933,-0.0007342680325144862,0.000443186571884965
1791433746.2668324,5676.834198595,75.40799999999601,-0.3658854885570987,-0.01574683048656354,-0.20832551671194924,0.04286853066680633,-0.0018464727959881945,0.001436276596575875,0.001233730983361388,-0.0007320326216579646,0.00044327421206858644
1791433746.2939217,5676.861292815,75.4279999999961,-0.36592240897330364,-0.01571815745009339,-0.2083008496044061,0.042853888678165676,-0.0018469977647682146,0.0014319352139471593,0.0012290244957239428,-0.0007300045117707368,0.00044319694053739767
1791433746.3186169,5676.885985397,75.4479999999962,-0.3659593556245983,-0.015689518520103078,-0.2082762489897909,0.042839281186677125,-0.0018465073436522116,0.001432457614145405,0.001226149289048756,-0.0007281888012343438,0.00044294651284878655
1791433746.3425155,5676.909896975,75.4679999999963,-0.3659962428052108,-0.01566086304641712,-0.2082516987458161,0.042824710869115566,-0.0018430590649880438,0.0014328799915275963,0.0012234023035372376,-0.0007264306353017769,0.00044283303618274664
1791433746.367393,5676.93475483,75.48799999999639,-0.3660330907862987,-0.015632224770582452,-0.20822721405565003,0.042810176667870306,-0.0018429225220748854,0.0014308434306398476,0.0012204477914768315,-0.0007247177648485064,0.00044281980113345466
1791433746.3913507,5676.958712378,75.50799999999649,-0.36606995472946424,-0.015603637292549325,-0.208202776675921,0.04279567801845952,-0.0018434730379749585,0.0014282104910582085,0.0012190507724587963,-0.00072292340204199,0.00044258469871158337
1791433746.4153998,5676.982749984,75.52799999999658,-0.3661067998577554,-0.015575088183682846,-0.20817834120345682,0.04278121116008633,-0.0018407881976848942,0.001427042832229679,0.0012190747481651434,-0.0007213456179472317,0.0004421911120930844
1791433746.4395459,5677.006895938,75.54799999999668,-0.366143574655968,-0.015546556084123158,-0.20815391493968044,0.042766769578458125,-0.0018377406431230067,0.0014263033544379248,0.0012176700395990418,-0.0007205276849601488,0.00044196528630768454
1791433746.4633746,5677.030739813,75.56799999999677,-0.3661803149496957,-0.015518065642945993,-0.20812954588197405,0.04275234670957256,-0.0018371945240436669,0.0014224426960072535,0.0012144274452886175,-0.0007192701589824725,0.0004418270099520343
1791433746.4909575,5677.058312406,75.58799999999687,-0.36621704873913513,-0.015489661897587355,-0.2081052368223551,0.04273795453353357,-0.0018365088871487411,0.0014187673814110235,0.0012122871555401511,-0.0007178250072955574,0.00044147900976553294
1791433746.5163498,5677.083710654,75.60799999999696,-0.3662537494786448,-0.015461291344939296,-0.20808094865805282,0.04272358630311386,-0.001833270825404827,0.0014188877051534508,0.0012104979246633004,-0.000716400989957684,0.0004410778499565141
1791433746.5402672,5677.1076299,75.62799999999706,-0.3662903835938729,-0.01543291766102977,-0.20805671573407888,0.04270924425245163,-0.001832017434115491,0.001418052650456984,0.0012083734822927888,-0.0007156729019808073,0.0004409014207006145
1791433746.5661132,5677.133481555,75.64799999999715,-0.36632705117096287,-0.015404561406247665,-0.2080324982600942,0.04269490151524923,-0.0018350592270803205,0.0014177981338402488,0.0012087669466348077,-0.0007162029181967735,0.0004406516302437834
1791433746.5901475,5677.157501851,75.66799999999725,-0.36636372616591745,-0.015376245637581994,-0.20800827506085978,0.04268058207793273,-0.0018308880429406655,0.0014135991246632684,0.0012070916541466192,-0.0007126586369097022,0.0004402919048253427
1791433746.6144848,5677.181835704,75.68799999999734,-0.3664002625256081,-0.015348031464181991,-0.20798411649434378,0.042666345548135,-0.0018253889029302703,0.0014084269306311478,0.0012054291217204304,-0.0007095915517820056,0.00044008498750767864
1791433746.638538,5677.205910596,75.70799999999744,-0.36643675726695785,-0.015319875737659439,-0.20795994502174192,0.042652136754865726,-0.0018242386462888399,0.0014082671651518676,0.0012057643059453166,-0.0007090947354137139,0.0004397706792584916
1791433746.6649275,5677.232288971,75.72799999999754,-0.36647322188418224,-0.015291698942821402,-0.2079357845817157,0.04263792332547879,-0.0018230788818558953,0.001408895345610478,0.0012055486577010532,-0.0007099143237496785,0.000439432400687064
1791433746.6904013,5677.25776916,75.74799999999763,-0.36650966902449017,-0.015263540875233463,-0.20791161458430812,0.042623706644619334,-0.001821851543012541,0.0014069405283853426,0.0012061561968778113,-0.000708938496100784,0.00043913086789450586
1791433746.716319,5677.283687327,75.76799999999773,-0.3665460638243908,-0.015235441548542603,-0.20788745200193698,0.042609535981391874,-0.001817744712844064,0.0014033758239051855,0.001204002099454333,-0.000705752365514376,0.00043901792680536915
1791433746.740833,5677.308191381,75.78799999999782,-0.36658238205294646,-0.015207408123368326,-0.20786336385819365,0.042595418779354154,-0.0018162838281208737,0.0014002993529877478,0.0012011079037336748,-0.0007043392979678586,0.00043893069599912436
1791433746.7648342,5677.332193682,75.80799999999792,-0.36661870726919205,-0.015179423377295838,-0.20783930203562861,0.04258131920646284,-0.0018155043425967662,0.001398811307004638,0.001199555126329356,-0.0007030207359517521,0.0004386096937033138
1791433746.7887368,5677.356084554,75.82799999999801,-0.366654973744917,-0.015151455192811226,-0.20781527416984566,0.04256724775997487,-0.0018121804004846392,0.001398105499511459,0.001198782974203756,-0.0007020457557542231,0.0004383162637798492
1791433746.8129206,5677.38026646,75.84799999999811,-0.3666911918074498,-0.015123503377745807,-0.2077912146298271,0.04255318696875565,-0.0018103939770807403,0.0013974727631549594,0.0012026217706459714,-0.0007016340203078005,0.0004378876549896769
1791433746.8370907,5677.404450502,75.8679999999982,-0.36672738432774243,-0.015095564504322442,-0.20776713311335288,0.04253915923809253,-0.0018091879828766528,0.0013959228919339644,0.0012003211401530338,-0.0006992465699887635,0.0004377073198812512
1791433746.860805,5677.428154765,75.8879999999983,-0.36676353716268645,-0.015067691563984163,-0.20774307873312292,0.04252515800448258,-0.0018065205564728026,0.0013920307937484227,0.0012012817943270122,-0.0006986752487361275,0.0004373672031102003
1791433746.8844945,5677.451845573,75.9079999999984,-0.3667996374196615,-0.015039872659967741,-0.20771903632136965,0.042511183343676914,-0.0018042654150919768,0.0013900072872062507,0.0011979092682467144,-0.0006969183502481417,0.00043728458163169135
1791433746.9128575,5677.480216043,75.92799999999849,-0.3668357000293639,-0.0150121029633402,-0.20769506447399455,0.042497232045223876,-0.00180269089336193,0.0013873854117783847,0.0011946187731208561,-0.0006959103079511769,0.00043712824808075077
1791433746.9409564,5677.508305784,75.94799999999859,-0.3668717377401375,-0.01498436824401404,-0.20767114502320572,0.04248330149079561,-0.0018017318721753012,0.0013864942535068412,0.0011926759119831505,-0.000694868603719053,0.0004369388067112874
1791433746.9673734,5677.534733187,75.96799999999868,-0.3669077539902288,-0.01495664722214079,-0.20764722695502827,0.04246939155199474,-0.0018002448176099655,0.0013860082428576545,0.001194977062712433,-0.0006938006487616884,0.0004365812623691994
1791433746.9927914,5677.560142594,75.98799999999878,-0.36694374294271254,-0.014928925020173116,-0.20762329876165223,0.04245551895310573,-0.0017991808187807616,0.0013856119259192344,0.001192692249317376,-0.0006915589075466827,0.00043649306830676734
1791433747.019638,5677.587002185,76.00799999999887,-0.3669797049923163,-0.014901262694204751,-0.20759940483934922,0.04244168084995009,-0.0017983680779614262,0.0013810194806656549,0.0011943429632175948,-0.0006907208010652434,0.00043613432239945525
1791433747.048129,5677.615481288,76.02799999999897,-0.3670156328148716,-0.014873657593461338,-0.20757541838063023,0.04242785573055898,-0.0017924914338822019,0.0013806128628084556,0.001195210261182672,-0.0006886262537325319,0.0004356955266003331
1791433747.0742471,5677.641602947,76.04799999999906,-0.3670514119101777,-0.014846055452763669,-0.20755152234341737,0.042414073246401826,-0.001789532253999886,0.0013788242507625315,0.0011911514593268393,-0.0006881821082128575,0.00043576766493258836
1791433747.1004028,5677.667753031,76.06799999999916,-0.36708723341056726,-0.014818523349469561,-0.20752768417661568,0.042400297693372335,-0.0017914649982369681,0.001375034725794124,0.0011859483690686028,-0.0006863108390230539,0.00043567962225546516
1791433747.123934,5677.691289398,76.08799999999925,-0.36712302550056186,-0.014791058524279936,-0.20750399792261867,0.04238657661272348,-0.001789020132255019,0.0013718157129300082,0.0011801139842478714,-0.0006842020468570015,0.0004354075634283682
1791433747.155322,5677.722694666,76.10799999999935,-0.3671587849486195,-0.014763635336129755,-0.20748035186595798,0.04237288783475484,-0.001787628335209767,0.001371422518229876,0.0011798498671254495,-0.0006825526531877523,0.0004348788737539835
1791433747.1826112,5677.749977771,76.12799999999945,-0.3671945189001797,-0.014736177125679458,-0.2074566186847955,0.04235919850409559,-0.0017858056182124293,0.0013754544364381186,0.0011923065546412264,-0.000685106667281418,0.00043394429874212795
1791433747.2079053,5677.775277474,76.14799999999954,-0.36723021887793283,-0.014708634584322837,-0.20743275053400398,0.04234550808946317,-0.0017841341012215205,0.0013758855489237032,0.0011872088296288766,-0.0006818169855388968,0.0004339671614737861
1791433747.2314112,5677.798794303,76.16799999999964,-0.3672658572259261,-0.014681258506471728,-0.2074090530351184,0.04233187886548432,-0.0017810496893087943,0.0013619708074025512,0.0011793024075499637,-0.000679086923462515,0.00043401277485942777
1791433747.255866,5677.823235239,76.18799999999973,-0.36730143905132734,-0.014654107045075577,-0.20738548698994289,0.042318308034346004,-0.0017774073667780272,0.0013560192271510785,0.0011721885407673684,-0.0006758900027173279,0.0004337890012632919
1791433747.2804825,5677.847858885,76.20799999999983,-0.3673369633510359,-0.014626946312001314,-0.20736205700804733,0.04230476953768181,-0.001777373930695483,0.0013610140579066192,0.0011680370821889497,-0.0006768398461697356,0.0004333636756274303
1791433747.3065884,5677.873954693,76.22799999999992,-0.36737253752934307,-0.014599687584476282,-0.20733863578055714,0.04229119933296777,-0.0017794086764868129,0.0013637860757328478,0.0011684620249268584,-0.000677092857491014,0.0004327565730679496
1791433747.3318224,5677.899219847,76.24800000000002,-0.3674080941665283,-0.014572432755514847,-0.20731520777795492,0.0422776560177554,-0.00177647300727259,0.0013616212226111196,0.0011695608581856686,-0.0006750762057381063,0.00043218645154081823
1791433747.356359,5677.923722764,76.26800000000011,-0.3674435760306929,-0.014545237931391569,-0.2072917477282009,0.04226415666577786,-0.0017727155134824252,0.0013578411610083592,0.0011707452871091617,-0.000672641183504639,0.0004316550982984906
1791433747.3830738,5677.95070071,76.28800000000021,-0.36747899018909475,-0.014518130537487357,-0.2072682912810186,0.042250704016036096,-0.00176963323239487,0.001353716752334971,0.0011697689835734177,-0.0006709627510818694,0.00043108585885781126
