wall_time_s,monotonic_time_s,sim_time_s,policy_sim_dt_s,cmd_vx,policy_dt_s,joint,q,dq,action,q_raw,q_limited,target_clip_rad,tau_requested,tau_after_target_limit,tau_limit
1791344805.9044929,11517.480727951,4.560999999999858,nan,0.0,nan,left_ankle_pitch_joint,-1.0122801065444946,-0.0007534085307270288,3.6872072219848633,0.6955459713935852,-0.3472989797592163,1.0428450107574463,102.47069549560547,39.89999771118164,39.89999771118164
1791344805.9044929,11517.480752631,4.560999999999858,nan,0.0,nan,right_ankle_pitch_joint,-0.148040309548378,0.029911303892731667,-1.6597379446029663,-0.7481292486190796,-0.7481292486190796,0.0,-36.05020523071289,-36.05020523071289,39.89999771118164
1791344805.9044929,11517.480762542,4.560999999999858,nan,0.0,nan,left_ankle_roll_joint,-0.026291262358427048,0.0009134914726018906,0.572759211063385,0.15464499592781067,0.15464499592781067,0.0,10.854804992675781,10.854804992675781,39.89999771118164
1791344805.9044929,11517.480770236,4.560999999999858,nan,0.0,nan,right_ankle_roll_joint,0.44053715467453003,-0.011217453517019749,0.8777242302894592,0.23698554933071136,0.23698554933071136,0.0,-12.196269989013672,-12.196269989013672,39.89999771118164
1791344805.9044929,11517.480776124,4.560999999999858,nan,0.0,nan,left_hip_pitch_joint,2.542294502258301,0.005307952873408794,3.2098047733306885,0.6166473031044006,1.9378938674926758,1.32124662399292,-423.67425537109375,-132.99998474121094,133.0
1791344805.9044929,11517.480782716,4.560999999999858,nan,0.0,nan,right_hip_pitch_joint,2.6179192066192627,3.656919034256134e-08,2.3330726623535156,0.37992966175079346,2.013373851776123,1.6334441900253296,-492.357666015625,-132.99998474121094,133.0
1791344805.9251451,11517.501379205,4.591999999999868,0.02000000000000668,0.0,0.020240087000274798,left_ankle_pitch_joint,-1.0099154710769653,0.43966004252433777,4.0434250831604,0.7917248606681824,-0.3339240550994873,1.1256489753723145,107.43892669677734,39.89999771118164,39.89999771118164
1791344805.9251451,11517.501428686,4.591999999999868,0.02000000000000668,0.0,0.020240087000274798,right_ankle_pitch_joint,-0.1506977528333664,-0.610487699508667,-2.779756546020508,-1.0505342483520508,-0.8309599757194519,0.21957427263259888,-53.07445526123047,-39.89999771118164,39.89999771118164
1791344805.9251451,11517.501440958,4.591999999999868,0.02000000000000668,0.0,0.020240087000274798,left_ankle_roll_joint,-0.02540001831948757,0.15469078719615936,0.5310264825820923,0.1433771550655365,0.1433771550655365,0.0,9.894593238830566,9.894593238830566,39.89999771118164
1791344805.9251451,11517.501450727,4.591999999999868,0.02000000000000668,0.0,0.020240087000274798,right_ankle_roll_joint,0.4378240704536438,-0.5042096972465515,0.6513775587081909,0.17587195336818695,0.17587195336818695,0.0,-14.960811614990234,-14.960811614990234,39.89999771118164
1791344805.9251451,11517.501459651,4.591999999999868,0.02000000000000668,0.0,0.020240087000274798,left_hip_pitch_joint,2.5294718742370605,-1.3409103155136108,3.459980010986328,0.6841946244239807,1.8883562088012695,1.2041616439819336,-397.91552734375,-132.99998474121094,133.0
1791344805.9251451,11517.501468821,4.591999999999868,0.02000000000000668,0.0,0.020240087000274798,right_hip_pitch_joint,2.6125833988189697,-0.011483743786811829,2.6708624362945557,0.47113287448883057,2.0077247619628906,1.53659188747406,-471.0501708984375,-132.99998474121094,133.0
1791344805.9451976,11517.52143101,4.6049999999998725,0.02000000000000668,0.0,0.02549843300039356,left_ankle_pitch_joint,-0.9989226460456848,1.0932989120483398,4.038003921508789,0.7902610898017883,-0.30659019947052,1.0968513488769531,105.71107482910156,39.89999771118164,39.89999771118164
1791344805.9451976,11517.521459805,4.6049999999998725,0.02000000000000668,0.0,0.02549843300039356,right_ankle_pitch_joint,-0.16628164052963257,-1.5676923990249634,-3.1247525215148926,-1.1436831951141357,-0.8704739212989807,0.27320927381515503,-56.29255294799805,-39.89999771118164,39.89999771118164
1791344805.9451976,11517.521468143,4.6049999999998725,0.02000000000000668,0.0,0.02549843300039356,left_ankle_roll_joint,-0.021613482385873795,0.36995601654052734,0.3868701756000519,0.10445494949817657,0.10445494949817657,0.0,7.009171485900879,7.009171485900879,39.89999771118164
1791344805.9451976,11517.521482157,4.6049999999998725,0.02000000000000668,0.0,0.02549843300039356,right_ankle_roll_joint,0.42510831356048584,-1.327324390411377,-0.3703489899635315,-0.0999942347407341,-0.0999942347407341,0.0,-29.515167236328125,-29.515167236328125,39.89999771118164
1791344805.9451976,11517.521488508,4.6049999999998725,0.02000000000000668,0.0,0.02549843300039356,left_hip_pitch_joint,2.5006914138793945,-2.7903292179107666,3.394340753555298,0.6664720177650452,1.8200459480285645,1.153573989868164,-386.78631591796875,-133.00003051757812,133.0
1791344805.9451976,11517.521494939,4.6049999999998725,0.02000000000000668,0.0,0.02549843300039356,right_hip_pitch_joint,2.6061809062957764,-0.8121468424797058,3.5799202919006348,0.7165785431861877,1.9794857501983643,1.2629072666168213,-410.8396301269531,-133.00006103515625,133.0
1791344805.9692736,11517.545507253,4.6229999999998785,0.02000000000000668,0.0,0.028546170999106835,left_ankle_pitch_joint,-0.9725232720375061,1.9895734786987305,3.6482155323028564,0.6850182414054871,-0.25778400897979736,0.9428022503852844,96.46813201904297,39.89999771118164,39.89999771118164
1791344805.9692736,11517.545565197,4.6229999999998785,0.02000000000000668,0.0,0.028546170999106835,right_ankle_pitch_joint,-0.2056369036436081,-2.9954328536987305,-2.6713225841522217,-1.0212571620941162,-0.945522665977478,0.07573449611663818,-44.44406509399414,-39.89999771118164,39.89999771118164
1791344805.9692736,11517.545574014,4.6229999999998785,0.02000000000000668,0.0,0.028546170999106835,left_ankle_roll_joint,-0.013233901932835579,0.603537917137146,0.785302996635437,0.21203181147575378,0.21203181147575378,0.0,12.610635757446289,12.610635757446289,39.89999771118164
1791344805.9692736,11517.545581295,4.6229999999998785,0.02000000000000668,0.0,0.028546170999106835,right_ankle_roll_joint,0.3878729045391083,-2.9288127422332764,-1.3924089670181274,-0.375950425863266,-0.3503473699092865,0.025603055953979492,-41.436180114746094,-39.89999771118164,39.89999771118164
1791344805.9692736,11517.545589084,4.6229999999998785,0.02000000000000668,0.0,0.028546170999106835,left_hip_pitch_joint,2.4443953037261963,-3.3614461421966553,3.4653358459472656,0.6856406927108765,1.7481740713119507,1.0625333786010742,-366.7573547363281,-133.0,133.0
1791344805.9692736,11517.545595964,4.6229999999998785,0.02000000000000668,0.0,0.028546170999106835,right_hip_pitch_joint,2.575788736343384,-2.942368507385254,4.193599224090576,0.8822718858718872,1.8909969329833984,1.0087250471115112,-354.91949462890625,-132.99998474121094,133.0
1791344805.9913156,11517.567550762,4.6409999999998846,0.02000000000000668,0.0,0.028919086000314564,left_ankle_pitch_joint,-0.9229735732078552,3.2152864933013916,3.3374691009521484,0.6011166572570801,-0.1775914430618286,0.7787081003189087,86.62248992919922,39.89999771118164,39.89999771118164
1791344805.9913156,11517.567614128,4.6409999999998846,0.02000000000000668,0.0,0.028919086000314564,right_ankle_pitch_joint,-0.2811165452003479,-4.888760089874268,-1.9587500095367432,-0.8288625478744507,-0.8288625478744507,0.0,-25.531620025634766,-25.531620025634766,39.89999771118164
1791344805.9913156,11517.567623756,4.6409999999998846,0.02000000000000668,0.0,0.028919086000314564,left_ankle_roll_joint,0.0035863793455064297,1.169349193572998,1.3573238849639893,0.36647745966911316,0.36647745966911316,0.0,20.019439697265625,20.019439697265625,39.89999771118164
1791344805.9913156,11517.567631316,4.6409999999998846,0.02000000000000668,0.0,0.028919086000314564,right_ankle_roll_joint,0.3088293969631195,-5.272245407104492,-1.6390204429626465,-0.44253554940223694,-0.44253554940223694,0.0,-37.17353057861328,-37.17353057861328,39.89999771118164
1791344805.9913156,11517.567638483,4.6409999999998846,0.02000000000000668,0.0,0.028919086000314564,left_hip_pitch_joint,2.3706212043762207,-4.431196689605713,3.894667148590088,0.8015601634979248,1.6452248096466064,0.8436646461486816,-318.6062316894531,-133.00003051757812,133.0
1791344805.9913156,11517.567656439,4.6409999999998846,0.02000000000000668,0.0,0.028919086000314564,right_hip_pitch_joint,2.4902093410491943,-6.0017290115356445,4.253081321716309,0.8983319997787476,1.7219802141189575,0.82364821434021,-314.20263671875,-133.00003051757812,133.0
1791344806.012346,11517.588580035,4.65699999999989,0.02000000000000668,0.0,0.028919086000314564,left_ankle_pitch_joint,-0.8867536187171936,3.982950448989868,3.3374691009521484,0.6011166572570801,-0.12217986583709717,0.7232965230941772,83.29779052734375,39.89999771118164,39.89999771118164
1791344806.012346,11517.588632236,4.65699999999989,0.02000000000000668,0.0,0.028919086000314564,right_ankle_pitch_joint,-0.3344235420227051,-5.643829822540283,-1.9587500095367432,-0.8288625478744507,-0.8288625478744507,0.0,-21.20059585571289,-21.20059585571289,39.89999771118164
1791344806.012346,11517.588641116,4.65699999999989,0.02000000000000668,0.0,0.028919086000314564,left_ankle_roll_joint,0.01786738634109497,1.6800509691238403,1.3573238849639893,0.36647745966911316,0.36647745966911316,0.0,18.396528244018555,18.396528244018555,39.89999771118164
1791344806.012346,11517.588647984,4.65699999999989,0.02000000000000668,0.0,0.028919086000314564,right_ankle_roll_joint,0.24982139468193054,-6.410720348358154,-1.6390204429626465,-0.44253554940223694,-0.44253554940223694,0.0,-31.925334930419922,-31.925334930419922,39.89999771118164
1791344806.012346,11517.588654253,4.65699999999989,0.02000000000000668,0.0,0.028919086000314564,left_hip_pitch_joint,2.3237369060516357,-4.8805317878723145,3.894667148590088,0.8015601634979248,1.5860860347747803,0.7845258712768555,-305.5956726074219,-133.0,133.0
1791344806.012346,11517.588660841,4.65699999999989,0.02000000000000668,0.0,0.028919086000314564,right_hip_pitch_joint,2.419740676879883,-7.925311088562012,4.253081321716309,0.8983319997787476,1.599050521850586,0.7007185220718384,-287.15802001953125,-132.99996948242188,133.0
1791344806.0326777,11517.608911619,4.664999999999893,0.02000000000000668,0.0,0.02490517499973066,left_ankle_pitch_joint,-0.8424509167671204,4.825595855712891,3.1906206607818604,0.5614675879478455,-0.05681109428405762,0.6182786822319031,76.99671173095703,39.899993896484375,39.89999771118164
1791344806.0326777,11517.608956562,4.664999999999893,0.02000000000000668,0.0,0.02490517499973066,right_ankle_pitch_joint,-0.3940354287624359,-6.193373203277588,-1.5237616300582886,-0.7114156484603882,-0.7114156484603882,0.0,-9.752752304077148,-9.752752304077148,39.89999771118164
1791344806.0326777,11517.608967365,4.664999999999893,0.02000000000000668,0.0,0.02490517499973066,left_ankle_roll_joint,0.03774597868323326,2.246211528778076,1.758002519607544,0.4746606945991516,0.4746606945991516,0.0,22.845563888549805,22.845563888549805,39.89999771118164
1791344806.0326777,11517.608975973,4.664999999999893,0.02000000000000668,0.0,0.02490517499973066,right_ankle_roll_joint,0.17998242378234863,-7.449825286865234,-1.6110126972198486,-0.43497344851493835,-0.43497344851493835,0.0,-25.72261619567871,-25.72261619567871,39.89999771118164
1791344806.0326777,11517.608986393,4.664999999999893,0.02000000000000668,0.0,0.02490517499973066,left_hip_pitch_joint,2.272566318511963,-5.292251110076904,4.4824628829956055,0.960265040397644,1.5236866474151611,0.5634216070175171,-256.9527587890625,-133.00001525878906,133.0
1791344806.0326777,11517.608994873,4.664999999999893,0.02000000000000668,0.0,0.02490517499973066,right_hip_pitch_joint,2.3299190998077393,-9.851677894592285,4.130434036254883,0.8652172088623047,1.4566915035247803,0.5914742946624756,-263.12432861328125,-133.0,133.0
1791344806.0601354,11517.636369185,4.681999999999898,0.02000000000000668,0.0,0.03527480600132549,left_ankle_pitch_joint,-0.726681113243103,6.721853733062744,3.48415470123291,0.6407217979431152,0.10636520385742188,0.5343565940856934,71.96139526367188,39.900001525878906,39.89999771118164
1791344806.0601354,11517.636423004,4.681999999999898,0.02000000000000668,0.0,0.03527480600132549,right_ankle_pitch_joint,-0.519615113735199,-6.093072891235352,-0.9127804636955261,-0.5464507341384888,-0.5464507341384888,0.0,7.529472351074219,7.529472351074219,39.89999771118164
1791344806.0601354,11517.636442413,4.681999999999898,0.02000000000000668,0.0,0.03527480600132549,left_ankle_roll_joint,0.09660129249095917,3.5790655612945557,1.967871904373169,0.5313254594802856,0.5313254594802856,0.0,20.7148494720459,20.7148494720459,39.89999771118164
1791344806.0601354,11517.636451211,4.681999999999898,0.02000000000000668,0.0,0.03527480600132549,right_ankle_roll_joint,0.015625186264514923,-8.768391609191895,-1.5655348300933838,-0.4226944148540497,-0.4226944148540497,0.0,-13.146587371826172,-13.146587371826172,39.89999771118164
1791344806.0601354,11517.636459164,4.681999999999898,0.02000000000000668,0.0,0.03527480600132549,left_hip_pitch_joint,2.1557672023773193,-6.620634078979492,5.179701805114746,1.148519515991211,1.3706589937210083,0.22213947772979736,-181.87069702148438,-133.0,133.0
1791344806.0601354,11517.636466825,4.681999999999898,0.02000000000000668,0.0,0.03527480600132549,right_hip_pitch_joint,2.091825485229492,-13.581963539123535,3.998685359954834,0.829645037651062,1.1168627738952637,0.28721773624420166,-196.18789672851562,-133.0,133.0
1791344806.0814216,11517.65765514,4.700999999999905,0.02000000000000668,0.0,0.029907921998528764,left_ankle_pitch_joint,-0.5712375044822693,8.724549293518066,4.335717678070068,0.8706437945365906,0.31187623739242554,0.558767557144165,73.42605590820312,39.900001525878906,39.89999771118164
1791344806.0814216,11517.657705574,4.700999999999905,0.02000000000000668,0.0,0.029907921998528764,right_ankle_pitch_joint,-0.6261658668518066,-4.324347496032715,-0.12439080327749252,-0.3335855305194855,-0.3335855305194855,0.0,24.04134178161621,24.04134178161621,39.89999771118164
1791344806.0814216,11517.657713825,4.700999999999905,0.02000000000000668,0.0,0.029907921998528764,left_ankle_roll_joint,0.1812904179096222,4.768788814544678,1.7434020042419434,0.4707185626029968,0.4707185626029968,0.0,10.212505340576172,10.212505340576172,39.89999771118164
1791344806.0814216,11517.657720327,4.700999999999905,0.02000000000000668,0.0,0.029907921998528764,right_ankle_roll_joint,-0.16209368407726288,-8.72032356262207,-1.7582048177719116,-0.47471532225608826,-0.47471532225608826,0.0,-5.676814079284668,-5.676814079284668,39.89999771118164
1791344806.0814216,11517.657726673,4.700999999999905,0.02000000000000668,0.0,0.029907921998528764,left_hip_pitch_joint,1.9961941242218018,-9.289681434631348,5.028434753417969,1.1076774597167969,1.138293743133545,0.030616283416748047,-139.73556518554688,-133.0,133.0
1791344806.0814216,11517.657733215,4.700999999999905,0.02000000000000668,0.0,0.029907921998528764,right_hip_pitch_joint,1.7920345067977905,-16.60637664794922,4.899521827697754,1.0728709697723389,1.0728709697723389,0.0,-58.57771301269531,-58.57771301269531,133.0
1791344806.101677,11517.6779114,4.71599999999991,0.02000000000000668,0.0,0.029907921998528764,left_ankle_pitch_joint,-0.43956223130226135,9.973052024841309,4.335717678070068,0.8706437945365906,0.47476404905319214,0.39587974548339844,63.65278625488281,39.900001525878906,39.89999771118164
1791344806.101677,11517.677963665,4.71599999999991,0.02000000000000668,0.0,0.029907921998528764,right_ankle_pitch_joint,-0.6724881529808044,-2.2768383026123047,-0.12439080327749252,-0.3335855305194855,-0.3335855305194855,0.0,23.74941635131836,23.74941635131836,39.89999771118164
1791344806.101677,11517.677972979,4.71599999999991,0.02000000000000668,0.0,0.029907921998528764,left_ankle_roll_joint,0.25156810879707336,5.161283016204834,1.7434020042419434,0.4707185626029968,0.4707185626029968,0.0,5.407102584838867,5.407102584838867,39.89999771118164
1791344806.101677,11517.677980078,4.71599999999991,0.02000000000000668,0.0,0.029907921998528764,right_ankle_roll_joint,-0.27868494391441345,-7.800844192504883,-1.7582048177719116,-0.47471532225608826,-0.47471532225608826,0.0,-0.06055641174316406,-0.06055641174316406,39.89999771118164
1791344806.101677,11517.677987844,4.71599999999991,0.02000000000000668,0.0,0.029907921998528764,left_hip_pitch_joint,1.8453924655914307,-12.199847221374512,5.028434753417969,1.1076774597167969,1.1076774597167969,0.0,-89.09822082519531,-89.09822082519531,133.0
1791344806.101677,11517.678007229,4.71599999999991,0.02000000000000668,0.0,0.029907921998528764,right_hip_pitch_joint,1.5436393022537231,-18.436328887939453,4.899521827697754,1.0728709697723389,1.0728709697723389,0.0,7.048942565917969,7.048942565917969,133.0
1791344806.1226375,11517.698870824,4.729999999999914,0.02000000000000668,0.0,0.026020686000265414,left_ankle_pitch_joint,-0.28136834502220154,10.977828025817871,4.886385440826416,1.0193240642547607,0.6580772995948792,0.3612467646598816,61.574806213378906,39.899993896484375,39.89999771118164
1791344806.1226375,11517.698903602,4.729999999999914,0.02000000000000668,0.0,0.026020686000265414,right_ankle_pitch_joint,-0.6726624965667725,3.049635410308838,0.6882485747337341,-0.11417289078235626,-0.11417289078235626,0.0,28.93492317199707,28.93492317199707,39.89999771118164
1791344806.1226375,11517.698912042,4.729999999999914,0.02000000000000668,0.0,0.026020686000265414,left_ankle_roll_joint,0.32919684052467346,4.978804588317871,0.8953511714935303,0.24174483120441437,0.24174483120441437,0.0,-12.715327262878418,-12.715327262878418,39.89999771118164
1791344806.1226375,11517.698918854,4.729999999999914,0.02000000000000668,0.0,0.026020686000265414,right_ankle_roll_joint,-0.3563019931316376,-0.9737825393676758,-1.7470784187316895,-0.4717111885547638,-0.4717111885547638,0.0,-5.463878154754639,-5.463878154754639,39.89999771118164
1791344806.1226375,11517.698925154,4.729999999999914,0.02000000000000668,0.0,0.026020686000265414,left_hip_pitch_joint,1.6430410146713257,-15.346902847290039,3.607893228530884,0.7241312265396118,0.7241312265396118,0.0,-110.0787353515625,-110.0787353515625,133.0
1791344806.1226375,11517.698931891,4.729999999999914,0.02000000000000668,0.0,0.026020686000265414,right_hip_pitch_joint,1.2667551040649414,-18.011844635009766,6.478280544281006,1.4991358518600464,1.3800684213638306,0.11906743049621582,159.19482421875,133.0,133.0
1791344806.1436465,11517.719880089,4.742999999999919,0.02000000000000668,0.0,0.026884277000135626,left_ankle_pitch_joint,-0.1338597983121872,11.60750675201416,4.681080341339111,0.9638916850090027,0.8213278651237488,0.1425638198852539,48.453826904296875,39.900001525878906,39.89999771118164
1791344806.1436465,11517.719915395,4.742999999999919,0.02000000000000668,0.0,0.026884277000135626,right_ankle_pitch_joint,-0.6279374957084656,3.7795801162719727,1.3102244138717651,0.0537605881690979,0.0537605881690979,0.0,35.23251724243164,35.23251724243164,39.89999771118164
1791344806.1436465,11517.719923619,4.742999999999919,0.02000000000000668,0.0,0.026884277000135626,left_ankle_roll_joint,0.38932108879089355,4.248996257781982,-0.7092711329460144,-0.19150321185588837,-0.16945397853851318,0.022049233317375183,-41.22295379638672,-39.89999771118164,39.89999771118164
1791344806.1436465,11517.71993044,4.742999999999919,0.02000000000000668,0.0,0.026884277000135626,right_ankle_roll_joint,-0.3712007403373718,-1.2811139822006226,-1.9517439603805542,-0.5269708633422852,-0.5269708633422852,0.0,-7.42453670501709,-7.42453670501709,39.89999771118164
1791344806.1436465,11517.719936276,4.742999999999919,0.02000000000000668,0.0,0.026884277000135626,left_hip_pitch_joint,1.4226378202438354,-18.227304458618164,1.662754774093628,0.19894379377365112,0.32098400592803955,0.12204021215438843,-159.848876953125,-133.00001525878906,133.0
1791344806.1436465,11517.719942402,4.742999999999919,0.02000000000000668,0.0,0.026884277000135626,right_hip_pitch_joint,1.0403037071228027,-16.573698043823242,7.547110080718994,1.7877197265625,1.19283926486969,0.5948804616928101,263.87371826171875,133.0,133.0
1791344806.1640112,11517.740244991,4.760999999999925,0.02000000000000668,0.0,0.029924534999736352,left_ankle_pitch_joint,0.08203434944152832,12.311467170715332,4.352831840515137,0.875264585018158,0.875264585018158,0.0,29.12661361694336,29.12661361694336,39.89999771118164
1791344806.1640112,11517.740278615,4.760999999999925,0.02000000000000668,0.0,0.029924534999736352,right_ankle_pitch_joint,-0.5480172634124756,5.012455463409424,3.060668706893921,0.5263805985450745,0.24229413270950317,0.2840864658355713,56.94518280029297,39.89999771118164,39.89999771118164
1791344806.1640112,11517.740293796,4.760999999999925,0.02000000000000668,0.0,0.029924534999736352,left_ankle_roll_joint,0.4421042501926422,1.6487277746200562,-2.2342982292175293,-0.6032605171203613,-0.18167755007743835,0.421582967042923,-65.19497680664062,-39.89999771118164,39.89999771118164
1791344806.1640112,11517.740301282,4.760999999999925,0.02000000000000668,0.0,0.029924534999736352,right_ankle_roll_joint,-0.39970409870147705,-1.8205623626708984,-1.637311339378357,-0.44207409024238586,-0.44207409024238586,0.0,0.1886439323425293,0.1886439323425293,39.89999771118164
1791344806.1640112,11517.740307532,4.760999999999925,0.02000000000000668,0.0,0.029924534999736352,left_hip_pitch_joint,1.015699028968811,-25.2657527923584,-0.11357833445072174,-0.28066614270210266,-0.2779123783111572,0.0027537643909454346,-133.60580444335938,-133.0,133.0
1791344806.1640112,11517.740313826,4.760999999999925,0.02000000000000668,0.0,0.029924534999736352,right_hip_pitch_joint,0.7500861883163452,-15.000448226928711,8.405128479003906,2.0193848609924316,0.945528507232666,1.0738563537597656,369.2483825683594,133.0,133.0
1791344806.184694,11517.760928158,4.774999999999929,0.02000000000000668,0.0,0.029924534999736352,left_ankle_pitch_joint,0.24520036578178406,12.701123237609863,4.352831840515137,0.875264585018158,0.875264585018158,0.0,18.75217056274414,18.75217056274414,39.89999771118164
1791344806.184694,11517.760970218,4.774999999999929,0.02000000000000668,0.0,0.029924534999736352,right_ankle_pitch_joint,-0.4763416647911072,5.958935737609863,3.060668706893921,0.5263805985450745,0.3376316428184509,0.18874895572662354,51.22493362426758,39.899993896484375,39.89999771118164
1791344806.184694,11517.760979597,4.774999999999929,0.02000000000000668,0.0,0.029924534999736352,left_ankle_roll_joint,0.448752224445343,-0.4656834900379181,-2.2342982292175293,-0.6032605171203613,-0.22788983583450317,0.37537068128585815,-62.422237396240234,-39.89999771118164,39.89999771118164
1791344806.184694,11517.76098708,4.774999999999929,0.02000000000000668,0.0,0.029924534999736352,right_ankle_roll_joint,-0.42518511414527893,-2.0446155071258545,-1.637311339378357,-0.44207409024238586,-0.44207409024238586,0.0,2.053584575653076,2.053584575653076,39.89999771118164
1791344806.184694,11517.760993081,4.774999999999929,0.02000000000000668,0.0,0.029924534999736352,left_hip_pitch_joint,0.656035840511322,-29.48284149169922,-0.11357833445072174,-0.28066614270210266,-0.28066614270210266,0.0,-29.177398681640625,-29.177398681640625,133.0
1791344806.184694,11517.760999376,4.774999999999929,0.02000000000000668,0.0,0.029924534999736352,right_hip_pitch_joint,0.5690647959709167,-13.059401512145996,8.405128479003906,2.0193848609924316,0.8174448013305664,1.2019400596618652,397.42681884765625,133.0,133.0
1791344806.205671,11517.781904611,4.788999999999934,0.02000000000000668,0.0,0.02814168199984124,left_ankle_pitch_joint,0.4043327867984772,7.3713908195495605,3.4408810138702393,0.6290379166603088,0.6290379166603088,0.0,2.4252214431762695,2.4252214431762695,39.89999771118164
1791344806.205671,11517.781940698,4.788999999999934,0.02000000000000668,0.0,0.02814168199984124,right_ankle_pitch_joint,-0.3784824311733246,6.964577674865723,5.990040302276611,1.3173110485076904,0.4606319069862366,0.8566791415214539,91.30074310302734,39.899993896484375,39.89999771118164
1791344806.205671,11517.781949132,4.788999999999934,0.02000000000000668,0.0,0.02814168199984124,left_ankle_roll_joint,0.38441067934036255,-9.123970985412598,-3.1778159141540527,-0.8580103516578674,-0.5086885094642639,0.3493218421936035,-60.85930633544922,-39.899993896484375,39.89999771118164
1791344806.205671,11517.781956091,4.788999999999934,0.02000000000000668,0.0,0.02814168199984124,right_ankle_roll_joint,-0.456341028213501,-1.928658366203308,-1.4032460451126099,-0.3788764476776123,-0.3788764476776123,0.0,7.540862083435059,7.540862083435059,39.89999771118164
1791344806.205671,11517.781968013,4.788999999999934,0.02000000000000668,0.0,0.02814168199984124,left_hip_pitch_joint,0.21031272411346436,-30.244043350219727,-1.8678845167160034,-0.7543288469314575,-0.7543288469314575,0.0,-30.756881713867188,-30.756881713867188,133.0
1791344806.205671,11517.781974267,4.788999999999934,0.02000000000000668,0.0,0.02814168199984124,right_hip_pitch_joint,0.38603445887565613,-11.958942413330078,8.347295761108398,2.003769874572754,0.6644269824028015,1.3393428325653076,427.65545654296875,133.00001525878906,133.0
1791344806.2272167,11517.803450269,4.802999999999939,0.02000000000000668,0.0,0.025890904000334558,left_ankle_pitch_joint,0.5030277371406555,7.700922966003418,3.7922723293304443,0.7239136099815369,0.7239136099815369,0.0,1.7017688751220703,1.7017688751220703,39.89999771118164
1791344806.2272167,11517.803480726,4.802999999999939,0.02000000000000668,0.0,0.025890904000334558,right_ankle_pitch_joint,-0.28307589888572693,7.645015716552734,8.271257400512695,1.9332396984100342,0.5730494856834412,1.3601901531219482,121.51140594482422,39.900001525878906,39.89999771118164
1791344806.2272167,11517.803489238,4.802999999999939,0.02000000000000668,0.0,0.025890904000334558,left_ankle_roll_joint,0.2599259316921234,-9.993900299072266,-3.1842756271362305,-0.8597544431686401,-0.6549215316772461,0.20483291149139404,-52.189971923828125,-39.900001525878906,39.89999771118164
1791344806.2272167,11517.803496524,4.802999999999939,0.02000000000000668,0.0,0.025890904000334558,right_ankle_roll_joint,-0.4744928479194641,-0.7533615827560425,-1.3952564001083374,-0.37671923637390137,-0.37671923637390137,0.0,6.996459007263184,6.996459007263184,39.89999771118164
1791344806.2272167,11517.803502667,4.802999999999939,0.02000000000000668,0.0,0.025890904000334558,left_hip_pitch_joint,-0.16933098435401917,-26.830684661865234,-2.2048542499542236,-0.8453106880187988,-0.8453106880187988,0.0,12.2685546875,12.2685546875,133.0
1791344806.2272167,11517.803508973,4.802999999999939,0.02000000000000668,0.0,0.025890904000334558,right_hip_pitch_joint,0.23391351103782654,-11.385565757751465,6.760256767272949,1.575269341468811,0.5279435515403748,1.047325849533081,363.4116516113281,133.0,133.0
1791344806.253688,11517.829921679,4.821999999999945,0.02000000000000668,0.0,0.02700300400101696,left_ankle_pitch_joint,0.6525384783744812,6.6023969650268555,3.56899356842041,0.6636282801628113,0.6636282801628113,0.0,-9.23820686340332,-9.23820686340332,39.89999771118164
1791344806.253688,11517.82996342,4.821999999999945,0.02000000000000668,0.0,0.02700300400101696,right_ankle_pitch_joint,-0.11794852465391159,8.920244216918945,7.367762088775635,1.689295768737793,0.7700576186180115,0.9192381501197815,95.0542984008789,39.900001525878906,39.89999771118164
1791344806.253688,11517.82997205,4.821999999999945,0.02000000000000668,0.0,0.02700300400101696,left_ankle_roll_joint,0.04107729718089104,-11.909368515014648,-1.9813263416290283,-0.5349581241607666,-0.5349581241607666,0.0,-16.698074340820312,-16.698074340820312,39.89999771118164
1791344806.253688,11517.829978421,4.821999999999945,0.02000000000000668,0.0,0.02700300400101696,right_ankle_roll_joint,-0.46333712339401245,1.566996455192566,-1.2992353439331055,-0.3507935702800751,-0.3507935702800751,0.0,4.402118682861328,4.402118682861328,39.89999771118164
1791344806.253688,11517.82998458,4.821999999999945,0.02000000000000668,0.0,0.02700300400101696,left_hip_pitch_joint,-0.6304979920387268,-19.40509605407715,-1.9395430088043213,-0.7736766338348389,-0.7736766338348389,0.0,84.9312744140625,84.9312744140625,133.0
1791344806.253688,11517.82999048,4.821999999999945,0.02000000000000668,0.0,0.02700300400101696,right_hip_pitch_joint,0.054749783128499985,-6.111447811126709,3.1114962100982666,0.5901039838790894,0.4926193952560425,0.09748458862304688,154.4466094970703,133.0,133.0
1791344806.2797315,11517.855965145,4.841999999999952,0.02000000000000668,0.0,0.02798329399956856,left_ankle_pitch_joint,0.6896752119064331,-7.991739749908447,2.7315590381622314,0.43752098083496094,0.43752098083496094,0.0,-3.141643524169922,-3.141643524169922,39.89999771118164
1791344806.2797315,11517.856037601,4.841999999999952,0.02000000000000668,0.0,0.02798329399956856,right_ankle_pitch_joint,0.06626468896865845,10.406624794006348,1.1037219762802124,-0.0019950568675994873,-0.0019950568675994873,0.0,-19.705522537231445,-19.705522537231445,39.89999771118164
1791344806.2797315,11517.856047249,4.841999999999952,0.02000000000000668,0.0,0.02798329399956856,left_ankle_roll_joint,-0.16435478627681732,-3.3085365295410156,-0.7983132600784302,-0.21554458141326904,-0.21554458141326904,0.0,1.8914170265197754,1.8914170265197754,39.89999771118164
1791344806.2797315,11517.856054151,4.841999999999952,0.02000000000000668,0.0,0.02798329399956856,right_ankle_roll_joint,-0.426303505897522,2.1535253524780273,-0.08106456696987152,-0.021887434646487236,-0.021887434646487236,0.0,21.034677505493164,21.034677505493164,39.89999771118164
1791344806.2797315,11517.856060537,4.841999999999952,0.02000000000000668,0.0,0.02798329399956856,left_hip_pitch_joint,-0.9049255847930908,-10.139420509338379,-0.86021888256073,-0.4822590947151184,-0.5769097805023193,0.09465068578720093,153.82315063476562,133.0,133.0
1791344806.2797315,11517.856068005,4.841999999999952,0.02000000000000668,0.0,0.02798329399956856,right_hip_pitch_joint,0.03108265809714794,3.6848580837249756,-0.26063016057014465,-0.3203701376914978,-0.3203701376914978,0.0,-99.42876434326172,-99.42876434326172,133.0
1791344806.3066974,11517.882930777,4.861999999999958,0.02000000000000668,0.0,0.026002415999755613,left_ankle_pitch_joint,0.5228549838066101,-7.543858051300049,3.7862765789031982,0.7222947478294373,0.7222947478294373,0.0,23.28217315673828,23.28217315673828,39.89999771118164
1791344806.3066974,11517.882969489,4.861999999999958,0.02000000000000668,0.0,0.026002415999755613,right_ankle_pitch_joint,0.2832506000995636,10.0532808303833,-5.496163368225098,-1.7839641571044922,-0.13041731715202332,1.6535468101501465,-139.11280822753906,-39.89999771118164,39.89999771118164
1791344806.3066974,11517.882978553,4.861999999999958,0.02000000000000668,0.0,0.026002415999755613,left_ankle_roll_joint,-0.23833905160427094,-3.594435691833496,-0.8616536855697632,-0.23264651000499725,-0.23264651000499725,0.0,5.733205795288086,5.733205795288086,39.89999771118164
1791344806.3066974,11517.882985863,4.861999999999958,0.02000000000000668,0.0,0.026002415999755613,right_ankle_roll_joint,-0.37274369597435,2.8415544033050537,-0.13111905753612518,-0.035402145236730576,-0.035402145236730576,0.0,15.97816276550293,15.97816276550293,39.89999771118164
1791344806.3066974,11517.882992387,4.861999999999958,0.02000000000000668,0.0,0.026002415999755613,left_hip_pitch_joint,-1.0375014543533325,-3.0545496940612793,0.2004624456167221,-0.1958751380443573,-0.5162619352340698,0.3203867971897125,203.48507690429688,132.99998474121094,133.0
1791344806.3066974,11517.882998977,4.861999999999958,0.02000000000000668,0.0,0.026002415999755613,right_hip_pitch_joint,0.11612337082624435,3.4803173542022705,-1.6435410976409912,-0.693756103515625,-0.3935043215751648,0.3002517819404602,-199.05538940429688,-133.0,133.0
1791344806.333915,11517.910148304,4.881999999999965,0.02000000000000668,0.0,0.027050635999330552,left_ankle_pitch_joint,0.38847240805625916,-5.917815685272217,7.249789237976074,1.6574430465698242,0.9055269360542297,0.7519161105155945,85.01496124267578,39.89999771118164,39.89999771118164
1791344806.333915,11517.910233451,4.881999999999965,0.02000000000000668,0.0,0.027050635999330552,right_ankle_pitch_joint,0.47303956747055054,8.977821350097656,-9.873117446899414,-2.9657418727874756,0.032485127449035645,2.998227119445801,-219.7936248779297,-39.89999771118164,39.89999771118164
1791344806.333915,11517.910245812,4.881999999999965,0.02000000000000668,0.0,0.027050635999330552,left_ankle_roll_joint,-0.3088191747665405,-3.4203641414642334,-1.4798643589019775,-0.39956340193748474,-0.39956340193748474,0.0,-0.31410741806030273,-0.31410741806030273,39.89999771118164
1791344806.333915,11517.910252864,4.881999999999965,0.02000000000000668,0.0,0.027050635999330552,right_ankle_roll_joint,-0.31526634097099304,2.8291990756988525,-0.676649808883667,-0.1826954483985901,-0.1826954483985901,0.0,3.7104549407958984,3.7104549407958984,39.89999771118164
1791344806.333915,11517.910267746,4.881999999999965,0.02000000000000668,0.0,0.027050635999330552,left_hip_pitch_joint,-1.0550652742385864,0.9506521821022034,2.162271499633789,0.33381330966949463,-0.42459291219711304,0.7584062218666077,299.849365234375,133.0,133.0
1791344806.333915,11517.910274609,4.881999999999965,0.02000000000000668,0.0,0.027050635999330552,right_hip_pitch_joint,0.13997264206409454,-1.0554612874984741,-3.411632776260376,-1.1711409091949463,-0.49335813522338867,0.6777827739715576,-282.1122131347656,-133.0,133.0
1791344806.361814,11517.938048435,4.901999999999972,0.02000000000000668,0.0,0.027002791000995785,left_ankle_pitch_joint,0.29421159625053406,-4.115203857421875,10.977925300598145,2.6640400886535645,0.8563314080238342,1.807708740234375,148.36251831054688,39.89999771118164,39.89999771118164
1791344806.361814,11517.938098833,4.901999999999972,0.02000000000000668,0.0,0.027002791000995785,right_ankle_pitch_joint,0.5856137871742249,4.6764445304870605,-11.548230171203613,-3.4180221557617188,0.03752493858337402,3.4555470943450928,-247.23281860351562,-39.89999771118164,39.89999771118164
1791344806.361814,11517.938109522,4.901999999999972,0.02000000000000668,0.0,0.027002791000995785,left_ankle_roll_joint,-0.3730069398880005,-3.325754404067993,-2.261127471923828,-0.6105044484138489,-0.6105044484138489,0.0,-9.261219024658203,-9.261219024658203,39.89999771118164
1791344806.361814,11517.938116719,4.901999999999972,0.02000000000000668,0.0,0.027002791000995785,right_ankle_roll_joint,-0.2164432853460312,5.389123439788818,-1.1174906492233276,-0.3017224967479706,-0.3017224967479706,0.0,-13.200437545776367,-13.200437545776367,39.89999771118164
1791344806.361814,11517.938122993,4.901999999999972,0.02000000000000668,0.0,0.027002791000995785,left_hip_pitch_joint,-1.005932092666626,4.064835071563721,4.0358805656433105,0.8396878242492676,-0.2905275225639343,1.1302154064178467,381.6473693847656,133.0,133.0
1791344806.361814,11517.938129859,4.901999999999972,0.02000000000000668,0.0,0.027002791000995785,right_hip_pitch_joint,0.07600255310535431,-5.60784912109375,-4.749612808227539,-1.5323954820632935,-0.6814842224121094,0.8509112596511841,-320.2004699707031,-133.0,133.0
1791344806.388791,11517.965024915,4.921999999999978,0.02000000000000668,0.0,0.028377091999573167,left_ankle_pitch_joint,0.22915396094322205,-2.5093116760253906,15.211654663085938,3.8071467876434326,0.8314210772514343,2.9757256507873535,218.44354248046875,39.899993896484375,39.89999771118164
1791344806.388791,11517.965952339,4.921999999999978,0.02000000000000668,0.0,0.028377091999573167,right_ankle_pitch_joint,0.6513315439224243,1.5666579008102417,-12.326547622680664,-3.6281678676605225,0.025498032569885254,3.6536660194396973,-259.11993408203125,-39.89999771118164,39.89999771118164
1791344806.388791,11517.96597623,4.921999999999978,0.02000000000000668,0.0,0.028377091999573167,left_ankle_roll_joint,-0.44078585505485535,-3.4408533573150635,-2.7623157501220703,-0.7458252906799316,-0.7458252906799316,0.0,-13.14108657836914,-13.14108657836914,39.89999771118164
1791344806.388791,11517.965984694,4.921999999999978,0.02000000000000668,0.0,0.028377091999573167,right_ankle_roll_joint,-0.11925003677606583,4.299046039581299,-0.5982240438461304,-0.16152049601078033,-0.16152049601078033,0.0,-8.984796524047852,-8.984796524047852,39.89999771118164
1791344806.388791,11517.965991849,4.921999999999978,0.02000000000000668,0.0,0.028377091999573167,left_hip_pitch_joint,-0.882817268371582,8.506632804870605,5.574338436126709,1.2550714015960693,-0.04627275466918945,1.3013441562652588,419.29571533203125,133.0,133.0
1791344806.388791,11517.96599865,4.921999999999978,0.02000000000000668,0.0,0.028377091999573167,right_hip_pitch_joint,-0.08205942064523697,-9.94847583770752,-5.713043212890625,-1.7925217151641846,-0.9579270482063293,0.8345946669578552,-316.6108703613281,-133.00001525878906,133.0
1791344806.4168544,11517.993088374,4.941999999999985,0.02000000000000668,0.0,0.026554866000878974,left_ankle_pitch_joint,0.19676516950130463,-0.7382410764694214,18.12022590637207,4.592461109161377,0.8433091044425964,3.7491519451141357,264.84912109375,39.89999771118164,39.89999771118164
1791344806.4168544,11517.993133081,4.941999999999985,0.02000000000000668,0.0,0.026554866000878974,right_ankle_pitch_joint,0.6372849345207214,-2.534597158432007,-12.44521713256836,-3.6602087020874023,-0.0910799503326416,3.5691287517547607,-254.04771423339844,-39.89999771118164,39.89999771118164
1791344806.4168544,11517.99314194,4.941999999999985,0.02000000000000668,0.0,0.026554866000878974,left_ankle_roll_joint,-0.4966277778148651,-1.683925747871399,-3.2498538494110107,-0.8774605989456177,-0.8774605989456177,0.0,-20.324081420898438,-20.324081420898438,39.89999771118164
1791344806.4168544,11517.993148634,4.941999999999985,0.02000000000000668,0.0,0.026554866000878974,right_ankle_roll_joint,-0.04370470717549324,3.3681180477142334,-0.11110864579677582,-0.02999933622777462,-0.02999933622777462,0.0,-4.229854583740234,-4.229854583740234,39.89999771118164
1791344806.4168544,11517.993154632,4.941999999999985,0.02000000000000668,0.0,0.026554866000878974,left_hip_pitch_joint,-0.6416717171669006,16.00494384765625,6.826132297515869,1.5930558443069458,0.3993721604347229,1.1936836242675781,395.61041259765625,132.99998474121094,133.0
1791344806.4168544,11517.993160827,4.941999999999985,0.02000000000000668,0.0,0.026554866000878974,right_hip_pitch_joint,-0.32918137311935425,-14.58449649810791,-6.439214706420898,-1.9885880947113037,-1.3314857482910156,0.6571023464202881,-277.5624694824219,-132.99996948242188,133.0
1791344806.4372194,11518.013452704,4.960999999999991,0.02000000000000668,0.0,0.029056422999929055,left_ankle_pitch_joint,0.20197053253650665,1.1405168771743774,18.1583309173584,4.602749347686768,0.8954834342002869,3.707265853881836,262.3359375,39.900001525878906,39.89999771118164
1791344806.4372194,11518.013491958,4.960999999999991,0.02000000000000668,0.0,0.029056422999929055,right_ankle_pitch_joint,0.5617309212684631,-4.829884052276611,-11.923266410827637,-3.519282102584839,-0.2240161895751953,3.2952659130096436,-237.615966796875,-39.89999771118164,39.89999771118164
1791344806.4372194,11518.013501618,4.960999999999991,0.02000000000000668,0.0,0.029056422999929055,left_ankle_roll_joint,-0.5002591013908386,1.0609651803970337,-4.561999320983887,-1.23173987865448,-1.1387346982955933,0.09300518035888672,-45.48029327392578,-39.899986267089844,39.89999771118164
1791344806.4372194,11518.013508878,4.960999999999991,0.02000000000000668,0.0,0.029056422999929055,right_ankle_roll_joint,0.019016854465007782,2.974693536758423,-0.2905738353729248,-0.07845494151115417,-0.07845494151115417,0.0,-10.310348510742188,-10.310348510742188,39.89999771118164
1791344806.4372194,11518.013515559,4.960999999999991,0.02000000000000668,0.0,0.029056422999929055,left_hip_pitch_joint,-0.21330958604812622,26.593454360961914,6.835911750793457,1.595696210861206,1.1165118217468262,0.4791843891143799,238.4205322265625,132.99996948242188,133.0
1791344806.4372194,11518.013522495,4.960999999999991,0.02000000000000668,0.0,0.029056422999929055,right_hip_pitch_joint,-0.6527436375617981,-16.564857482910156,-6.0550408363342285,-1.8848611116409302,-1.7090580463409424,0.1758030652999878,-171.6766815185547,-133.0000457763672,133.0
1791344806.4577034,11518.033936867,4.976999999999997,0.02000000000000668,0.0,0.029056422999929055,left_ankle_pitch_joint,0.22886252403259277,2.325699806213379,18.1583309173584,4.602749347686768,0.9520049691200256,3.6507444381713867,258.9446716308594,39.89999771118164,39.89999771118164
1791344806.4577034,11518.033984391,4.976999999999997,0.02000000000000668,0.0,0.029056422999929055,right_ankle_pitch_joint,0.47552523016929626,-6.625319480895996,-11.923266410827637,-3.519282102584839,-0.35510772466659546,3.1641743183135986,-229.75045776367188,-39.899993896484375,39.89999771118164
1791344806.4577034,11518.033993672,4.976999999999997,0.02000000000000668,0.0,0.029056422999929055,left_ankle_roll_joint,-0.4772409498691559,1.7198035717010498,-4.561999320983887,-1.23173987865448,-1.0992457866668701,0.13249409198760986,-47.849639892578125,-39.89999771118164,39.89999771118164
1791344806.4577034,11518.034011636,4.976999999999997,0.02000000000000668,0.0,0.029056422999929055,right_ankle_roll_joint,0.06260049343109131,2.926177740097046,-0.2905738353729248,-0.07845494151115417,-0.07845494151115417,0.0,-12.852592468261719,-12.852592468261719,39.89999771118164
1791344806.4577034,11518.034018484,4.976999999999997,0.02000000000000668,0.0,0.029056422999929055,left_hip_pitch_joint,0.22359639406204224,30.164485931396484,6.835911750793457,1.595696210861206,1.595696210861206,0.0,120.87506103515625,120.87506103515625,133.0
1791344806.4577034,11518.034025043,4.976999999999997,0.02000000000000668,0.0,0.029056422999929055,right_hip_pitch_joint,-0.8537988066673279,-9.082974433898926,-6.0550408363342285,-1.8848611116409302,-1.706061840057373,0.17879927158355713,-172.33587646484375,-133.00001525878906,133.0
1791344806.478691,11518.054924815,4.990000000000001,0.02000000000000668,0.0,0.02603202599857468,left_ankle_pitch_joint,0.2681475281715393,3.1822457313537598,14.170323371887207,3.5259876251220703,1.0127036571502686,2.5132839679718018,190.69705200195312,39.89999771118164,39.89999771118164
1791344806.478691,11518.054958027,4.990000000000001,0.02000000000000668,0.0,0.02603202599857468,right_ankle_pitch_joint,0.3722006380558014,-7.930712699890137,-10.176610946655273,-3.047684907913208,-0.491067111492157,2.5566177368164062,-193.2970733642578,-39.89999771118164,39.89999771118164
1791344806.478691,11518.054966867,4.990000000000001,0.02000000000000668,0.0,0.02603202599857468,left_ankle_roll_joint,-0.4553371071815491,1.2961915731430054,-6.207376480102539,-1.6759917736053467,-1.0879323482513428,0.5880594253540039,-75.1835708618164,-39.900001525878906,39.89999771118164
1791344806.478691,11518.054974394,4.990000000000001,0.02000000000000668,0.0,0.02603202599857468,right_ankle_roll_joint,0.10198859870433807,2.577134370803833,-1.1608043909072876,-0.3134171962738037,-0.3134171962738037,0.0,-28.790050506591797,-28.790050506591797,39.89999771118164
1791344806.478691,11518.05498141,4.990000000000001,0.02000000000000668,0.0,0.02603202599857468,left_hip_pitch_joint,0.619941771030426,24.067228317260742,5.127749919891357,1.1344925165176392,1.1344925165176392,0.0,-31.20220184326172,-31.20220184326172,133.0
1791344806.478691,11518.054987937,4.990000000000001,0.02000000000000668,0.0,0.02603202599857468,right_hip_pitch_joint,-0.930290937423706,-2.946485996246338,-4.1241254806518555,-1.3635139465332031,-1.3635139465332031,0.0,-77.63014221191406,-77.63014221191406,133.0
1791344806.4998581,11518.076091592,5.005000000000006,0.02000000000000668,0.0,0.026940405999994255,left_ankle_pitch_joint,0.31819021701812744,3.9061083793640137,6.751559734344482,1.522921085357666,1.0808429718017578,0.4420781135559082,66.42469024658203,39.90000534057617,39.89999771118164
1791344806.4998581,11518.076117242,5.005000000000006,0.02000000000000668,0.0,0.026940405999994255,right_ankle_pitch_joint,0.2536269426345825,-8.911323547363281,-7.0016350746154785,-2.190441608428955,-0.6341561079025269,1.5562855005264282,-133.27711486816406,-39.89999771118164,39.89999771118164
1791344806.4998581,11518.076125793,5.005000000000006,0.02000000000000668,0.0,0.026940405999994255,left_ankle_roll_joint,-0.44302964210510254,0.5144662857055664,-6.341056823730469,-1.7120853662490845,-1.0951679944992065,0.6169173717498779,-76.9150390625,-39.89999771118164,39.89999771118164
1791344806.4998581,11518.076132592,5.005000000000006,0.02000000000000668,0.0,0.026940405999994255,right_ankle_roll_joint,0.1324595808982849,1.7958382368087769,-2.815483331680298,-0.7601805329322815,-0.4876444339752197,0.27253609895706177,-56.25216293334961,-39.89999771118164,39.89999771118164
1791344806.4998581,11518.076138817,5.005000000000006,0.02000000000000668,0.0,0.026940405999994255,left_hip_pitch_joint,0.867928147315979,12.815471649169922,3.7929553985595703,0.7740980386734009,0.7740980386734009,0.0,-97.53545379638672,-97.53545379638672,133.0
1791344806.4998581,11518.076148975,5.005000000000006,0.02000000000000668,0.0,0.026940405999994255,right_hip_pitch_joint,-0.9576067328453064,-1.326915979385376,-2.698237180709839,-0.9785240888595581,-0.9785240888595581,0.0,3.359677791595459,3.359677791595459,133.0
1791344806.5227137,11518.098947669,5.022000000000012,0.02000000000000668,0.0,0.026051386001199717,left_ankle_pitch_joint,0.3753901422023773,2.390352964401245,-2.112478733062744,-0.8703693151473999,-0.22985100746154785,0.640518307685852,-78.33110046386719,-39.900001525878906,39.89999771118164
1791344806.5227137,11518.099009842,5.022000000000012,0.02000000000000668,0.0,0.026051386001199717,right_ankle_pitch_joint,0.09211698174476624,-10.027783393859863,-4.72803258895874,-1.576568841934204,-0.8235775828361511,0.752991259098053,-85.0794677734375,-39.900001525878906,39.89999771118164
1791344806.5227137,11518.099019477,5.022000000000012,0.02000000000000668,0.0,0.026051386001199717,left_ankle_roll_joint,-0.42399367690086365,2.2945051193237305,-4.110921859741211,-1.109948992729187,-1.0316309928894043,0.07831799983978271,-44.59907531738281,-39.899993896484375,39.89999771118164
1791344806.5227137,11518.099026873,5.022000000000012,0.02000000000000668,0.0,0.026051386001199717,right_ankle_roll_joint,0.1493489295244217,0.25387510657310486,-5.212791919708252,-1.4074538946151733,-0.5093041658401489,0.8981497287750244,-93.78898620605469,-39.89999771118164,39.89999771118164
1791344806.5227137,11518.099034197,5.022000000000012,0.02000000000000668,0.0,0.026051386001199717,left_hip_pitch_joint,0.9870092868804932,2.5554518699645996,2.487858772277832,0.421721875667572,0.45215797424316406,0.03043609857559204,-139.69593811035156,-133.0,133.0
1791344806.5227137,11518.099041796,5.022000000000012,0.02000000000000668,0.0,0.026051386001199717,right_hip_pitch_joint,-0.9748947024345398,-1.4200059175491333,-1.0076401233673096,-0.5220628380775452,-0.5220628380775452,0.0,108.1430435180664,108.1430435180664,133.0
1791344806.5432377,11518.119472029,5.041000000000018,0.02000000000000668,0.0,0.026936191999993753,left_ankle_pitch_joint,0.4030192494392395,0.5552825927734375,-5.079368591308594,-1.6714296340942383,-0.24809867143630981,1.4233310222625732,-125.29985046386719,-39.89999771118164,39.89999771118164
1791344806.5432377,11518.119538539,5.041000000000018,0.02000000000000668,0.0,0.026936191999993753,right_ankle_pitch_joint,-0.10086484998464584,-11.379212379455566,-1.9276577234268188,-0.8204675912857056,-0.8204675912857056,0.0,-26.10734748840332,-26.10734748840332,39.89999771118164
1791344806.5432377,11518.119547273,5.041000000000018,0.02000000000000668,0.0,0.026936191999993753,left_ankle_roll_joint,-0.3983965814113617,0.4870541989803314,-3.0933170318603516,-0.8351956605911255,-0.8351956605911255,0.0,-26.938526153564453,-26.938526153564453,39.89999771118164
1791344806.5432377,11518.119553545,5.041000000000018,0.02000000000000668,0.0,0.026936191999993753,right_ankle_roll_joint,0.13728992640972137,-1.5296250581741333,-6.939101219177246,-1.873557448387146,-0.5659506320953369,1.307606816291809,-118.35639953613281,-39.89999771118164,39.89999771118164
1791344806.5432377,11518.119560021,5.041000000000018,0.02000000000000668,0.0,0.026936191999993753,left_hip_pitch_joint,0.9581684470176697,-4.90192985534668,1.7543951272964478,0.22368669509887695,0.22368669509887695,0.0,-132.17440795898438,-132.17440795898438,133.0
1791344806.5432377,11518.119566134,5.041000000000018,0.02000000000000668,0.0,0.026936191999993753,right_hip_pitch_joint,-1.0019543170928955,-1.416162371635437,0.5136483311653137,-0.11131495237350464,-0.4360314607620239,0.3247165083885193,204.43763732910156,133.0,133.0
1791344806.5636847,11518.139918176,5.055000000000023,0.02000000000000668,0.0,0.026936191999993753,left_ankle_pitch_joint,0.3979521691799164,-1.0985026359558105,-5.079368591308594,-1.6714296340942383,-0.2945104241371155,1.3769192695617676,-122.51515197753906,-39.89999771118164,39.89999771118164
1791344806.5636847,11518.139958151,5.055000000000023,0.02000000000000668,0.0,0.026936191999993753,right_ankle_pitch_joint,-0.2786293625831604,-12.120842933654785,-1.9276577234268188,-0.8204675912857056,-0.8204675912857056,0.0,-14.32902717590332,-14.32902717590332,39.89999771118164
1791344806.5636847,11518.139973606,5.055000000000023,0.02000000000000668,0.0,0.026936191999993753,left_ankle_roll_joint,-0.4019160866737366,-0.8019168972969055,-3.0933170318603516,-0.8351956605911255,-0.8351956605911255,0.0,-24.793899536132812,-24.793899536132812,39.89999771118164
1791344806.5636847,11518.139980272,5.055000000000023,0.02000000000000668,0.0,0.026936191999993753,right_ankle_roll_joint,0.10188477486371994,-3.0959017276763916,-6.939101219177246,-1.873557448387146,-0.6405127048492432,1.2330447435379028,-113.88267517089844,-39.89999771118164,39.89999771118164
1791344806.5636847,11518.139986575,5.055000000000023,0.02000000000000668,0.0,0.026936191999993753,left_hip_pitch_joint,0.8442040681838989,-9.858125686645508,1.7543951272964478,0.22368669509887695,0.22368669509887695,0.0,-77.36506652832031,-77.36506652832031,133.0
1791344806.5636847,11518.139992681,5.055000000000023,0.02000000000000668,0.0,0.026936191999993753,right_hip_pitch_joint,-1.0198180675506592,-0.8911010026931763,0.5136483311653137,-0.11131495237350464,-0.4395753741264343,0.3282604217529297,205.21728515625,133.0,133.0
1791344806.5846744,11518.160907757,5.068000000000027,0.02000000000000668,0.0,0.02708012199946097,left_ankle_pitch_joint,0.3744179904460907,-2.3957974910736084,-6.0672807693481445,-1.9381659030914307,-0.3504769206047058,1.58768892288208,-135.16134643554688,-39.89999771118164,39.89999771118164
1791344806.5846744,11518.160939153,5.068000000000027,0.02000000000000668,0.0,0.02708012199946097,right_ankle_pitch_joint,-0.4362259805202484,-11.760656356811523,1.4087685346603394,0.08036750555038452,-0.06524240970611572,0.14560991525650024,48.63658905029297,39.89999771118164,39.89999771118164
1791344806.5846744,11518.160947564,5.068000000000027,0.02000000000000668,0.0,0.02708012199946097,left_ankle_roll_joint,-0.4193136692047119,-1.7877120971679688,-2.9973576068878174,-0.8092865943908691,-0.8092865943908691,0.0,-20.716808319091797,-20.716808319091797,39.89999771118164
1791344806.5846744,11518.160954583,5.068000000000027,0.02000000000000668,0.0,0.02708012199946097,right_ankle_roll_joint,0.05239067226648331,-4.404842376708984,-8.602911949157715,-2.322786331176758,-0.7227303385734558,1.6000559329986572,-135.90335083007812,-39.900001525878906,39.89999771118164
1791344806.5846744,11518.160960895,5.068000000000027,0.02000000000000668,0.0,0.02708012199946097,left_hip_pitch_joint,0.6947764754295349,-12.924761772155762,0.8391085267066956,-0.023440688848495483,-0.023440688848495483,0.0,-80.45919799804688,-80.45919799804688,133.0
1791344806.5846744,11518.160967166,5.068000000000027,0.02000000000000668,0.0,0.02708012199946097,right_hip_pitch_joint,-1.0223788022994995,0.1971471756696701,1.4437133073806763,0.13980260491371155,-0.4124566316604614,0.5522592067718506,254.4970245361328,133.0,133.0
1791344806.6078992,11518.18413294,5.083000000000032,0.02000000000000668,0.0,0.02794497099966975,left_ankle_pitch_joint,0.32753434777259827,-3.68599009513855,-6.253103256225586,-1.9883379936218262,-0.429615318775177,1.558722734451294,-133.42335510253906,-39.89999771118164,39.89999771118164
1791344806.6078992,11518.184215361,5.083000000000032,0.02000000000000668,0.0,0.02794497099966975,right_ankle_pitch_joint,-0.5981521010398865,-9.831031799316406,1.546944499015808,0.11767500638961792,-0.1789279282093048,0.29660293459892273,57.69617462158203,39.89999771118164,39.89999771118164
1791344806.6078992,11518.184229091,5.083000000000032,0.02000000000000668,0.0,0.02794497099966975,left_ankle_roll_joint,-0.45493242144584656,-2.7946813106536865,-4.2803263664245605,-1.1556881666183472,-1.1556881666183472,0.0,-37.85332107543945,-37.85332107543945,39.89999771118164
1791344806.6078992,11518.184236601,5.083000000000032,0.02000000000000668,0.0,0.02794497099966975,right_ankle_roll_joint,-0.023353388532996178,-5.606658935546875,-9.344264030456543,-2.522951364517212,-0.8285198211669922,1.6944315433502197,-141.56588745117188,-39.89999771118164,39.89999771118164
1791344806.6078992,11518.184252859,5.083000000000032,0.02000000000000668,0.0,0.02794497099966975,left_hip_pitch_joint,0.4904179275035858,-13.039709091186523,0.136677548289299,-0.21309706568717957,-0.21309706568717957,0.0,-76.53504943847656,-76.53504943847656,133.0
1791344806.6078992,11518.184259808,5.083000000000032,0.02000000000000668,0.0,0.02794497099966975,right_hip_pitch_joint,-1.0105406045913696,2.099720001220703,1.6359254121780396,0.19169989228248596,-0.34873002767562866,0.540429949760437,251.89456176757812,133.0,133.0
1791344806.6347322,11518.210965799,5.1020000000000385,0.02000000000000668,0.0,0.029048303000308806,left_ankle_pitch_joint,0.24368786811828613,-4.447389602661133,-6.922335147857666,-2.1690306663513184,-0.5324968695640564,1.6365337371826172,-138.09202575683594,-39.89999771118164,39.89999771118164
1791344806.6347322,11518.21101048,5.1020000000000385,0.02000000000000668,0.0,0.029048303000308806,right_ankle_pitch_joint,-0.7604284286499023,-6.253507137298584,1.4506953954696655,0.09168776869773865,-0.2517661452293396,0.34345391392707825,60.507232666015625,39.89999771118164,39.89999771118164
1791344806.6347322,11518.211020084,5.1020000000000385,0.02000000000000668,0.0,0.029048303000308806,left_ankle_roll_joint,-0.5124086141586304,-2.4353370666503906,-4.108920574188232,-1.1094086170196533,-1.1094086170196533,0.0,-32.1669921875,-32.1669921875,39.89999771118164
1791344806.6347322,11518.211027638,5.1020000000000385,0.02000000000000668,0.0,0.029048303000308806,right_ankle_roll_joint,-0.14728660881519318,-6.429272651672363,-8.613530158996582,-2.325653314590454,-0.9730184078216553,1.3526349067687988,-121.05809020996094,-39.89999771118164,39.89999771118164
1791344806.6347322,11518.211034254,5.1020000000000385,0.02000000000000668,0.0,0.029048303000308806,left_hip_pitch_joint,0.2363208383321762,-11.87804126739502,-1.5811703205108643,-0.6769160032272339,-0.6769160032272339,0.0,-129.64385986328125,-129.64385986328125,133.0
1791344806.6347322,11518.211040999,5.1020000000000385,0.02000000000000668,0.0,0.029048303000308806,right_hip_pitch_joint,-0.9673558473587036,2.616746187210083,2.0300545692443848,0.2981147766113281,-0.2914445996284485,0.5895593762397766,262.70306396484375,133.0,133.0
1791344806.6626947,11518.238928097,5.122000000000045,0.02000000000000668,0.0,0.02692637099971762,left_ankle_pitch_joint,0.15261797606945038,-4.703920841217041,-6.795228958129883,-2.134711980819702,-0.6299799680709839,1.5047320127487183,-130.1839141845703,-39.89999771118164,39.89999771118164
1791344806.6626947,11518.238972895,5.122000000000045,0.02000000000000668,0.0,0.02692637099971762,right_ankle_pitch_joint,-0.8069545030593872,1.769558310508728,1.5551856756210327,0.11990013718605042,-0.09771555662155151,0.21761569380760193,52.95693588256836,39.89999771118164,39.89999771118164
1791344806.6626947,11518.238981267,5.122000000000045,0.02000000000000668,0.0,0.02692637099971762,left_ankle_roll_joint,-0.5331010818481445,0.4330984652042389,-3.646591901779175,-0.984579861164093,-0.984579861164093,0.0,-27.738372802734375,-27.738372802734375,39.89999771118164
1791344806.6626947,11518.238988169,5.122000000000045,0.02000000000000668,0.0,0.02692637099971762,right_ankle_roll_joint,-0.2225053459405899,-0.28971412777900696,-7.641655921936035,-2.0632472038269043,-0.8947481513023376,1.1684989929199219,-110.00994110107422,-39.89999771118164,39.89999771118164
1791344806.6626947,11518.238994874,5.122000000000045,0.02000000000000668,0.0,0.02692637099971762,left_hip_pitch_joint,0.005994526669383049,-11.048931121826172,-3.138815402984619,-1.0974801778793335,-0.8998854160308838,0.1975947618484497,-176.47085571289062,-133.0,133.0
1791344806.6626947,11518.239003416,5.122000000000045,0.02000000000000668,0.0,0.02692637099971762,right_hip_pitch_joint,-0.888211727142334,6.03352165222168,2.2406930923461914,0.35498714447021484,-0.11911571025848389,0.47410285472869873,237.30262756347656,133.0,133.0
1791344806.6887712,11518.265005935,5.142000000000052,0.02000000000000668,0.0,0.027415701999416342,left_ankle_pitch_joint,0.05486568436026573,-5.708181381225586,-5.145793437957764,-1.6893641948699951,-0.7528387904167175,0.9365254044532776,-96.09152221679688,-39.899993896484375,39.89999771118164
1791344806.6887712,11518.265071066,5.142000000000052,0.02000000000000668,0.0,0.027415701999416342,right_ankle_pitch_joint,-0.7521453499794006,3.908562660217285,2.438281536102295,0.35833603143692017,0.010568678379058838,0.34776735305786133,60.76604080200195,39.89999771118164,39.89999771118164
1791344806.6887712,11518.265080581,5.142000000000052,0.02000000000000668,0.0,0.027415701999416342,left_ankle_roll_joint,-0.4961516261100769,2.992781639099121,-4.510804176330566,-1.2179172039031982,-1.086332082748413,0.13158512115478516,-47.795108795166016,-39.900001525878906,39.89999771118164
1791344806.6887712,11518.265087841,5.142000000000052,0.02000000000000668,0.0,0.027415701999416342,right_ankle_roll_joint,-0.250428706407547,-2.5691068172454834,-6.820410251617432,-1.8415108919143677,-0.9796563386917114,0.8618545532226562,-91.61127471923828,-39.89999771118164,39.89999771118164
1791344806.6887712,11518.265095161,5.142000000000052,0.02000000000000668,0.0,0.027415701999416342,left_hip_pitch_joint,-0.21157380938529968,-11.781843185424805,-2.8734211921691895,-1.0258238315582275,-1.0258238315582275,0.0,-108.44393920898438,-108.44393920898438,133.0
1791344806.6887712,11518.265102177,5.142000000000052,0.02000000000000668,0.0,0.027415701999416342,right_hip_pitch_joint,-0.6898807287216187,14.516448020935059,2.2383127212524414,0.3543444871902466,0.31056785583496094,0.043776631355285645,142.630859375,133.0,133.0
1791344806.7157075,11518.291941254,5.1620000000000585,0.02000000000000668,0.0,0.0265902860010101,left_ankle_pitch_joint,-0.08390938490629196,-7.454949378967285,-1.7994188070297241,-0.7858431339263916,-0.7858431339263916,0.0,-30.9335994720459,-30.9335994720459,39.89999771118164
1791344806.7157075,11518.291980077,5.1620000000000585,0.02000000000000668,0.0,0.0265902860010101,right_ankle_pitch_joint,-0.6431654095649719,6.351778984069824,2.3558595180511475,0.3360821008682251,0.18062898516654968,0.15545311570167542,49.2271842956543,39.899993896484375,39.89999771118164
1791344806.7157075,11518.291988786,5.1620000000000585,0.02000000000000668,0.0,0.0265902860010101,left_ankle_roll_joint,-0.43764859437942505,2.0123157501220703,-5.175779342651367,-1.3974604606628418,-1.0523406267166138,0.345119833946228,-60.60718536376953,-39.89999771118164,39.89999771118164
1791344806.7157075,11518.291995592,5.1620000000000585,0.02000000000000668,0.0,0.0265902860010101,right_ankle_roll_joint,-0.33169686794281006,-4.986546993255615,-6.361034393310547,-1.7174793481826782,-1.121360421180725,0.5961189270019531,-75.66712951660156,-39.899993896484375,39.89999771118164
1791344806.7157075,11518.292004268,5.1620000000000585,0.02000000000000668,0.0,0.0265902860010101,left_hip_pitch_joint,-0.444718599319458,-10.200508117675781,-2.1670801639556885,-0.835111677646637,-0.835111677646637,0.0,-24.683425903320312,-24.683425903320312,133.0
1791344806.7157075,11518.292010655,5.1620000000000585,0.02000000000000668,0.0,0.0265902860010101,right_hip_pitch_joint,-0.27899476885795593,21.461305618286133,1.8648178577423096,0.2535008192062378,0.2535008192062378,0.0,-11.618804931640625,-11.618804931640625,133.0
1791344806.7426775,11518.318911158,5.182000000000065,0.02000000000000668,0.0,0.027165424000486382,left_ankle_pitch_joint,-0.24421925842761993,-8.475959777832031,2.59041166305542,0.399411141872406,0.20888173580169678,0.19052940607070923,51.331764221191406,39.89999771118164,39.89999771118164
1791344806.7426775,11518.318947274,5.182000000000065,0.02000000000000668,0.0,0.027165424000486382,right_ankle_pitch_joint,-0.4908154606819153,8.698871612548828,1.5674761533737183,0.12321856617927551,0.12321856617927551,0.0,23.793737411499023,23.793737411499023,39.89999771118164
1791344806.7426775,11518.318955219,5.182000000000065,0.02000000000000668,0.0,0.027165424000486382,left_ankle_roll_joint,-0.4191199243068695,-0.006101511884480715,-3.4757466316223145,-0.9384516477584839,-0.9384516477584839,0.0,-31.15074920654297,-31.15074920654297,39.89999771118164
1791344806.7426775,11518.318968043,5.182000000000065,0.02000000000000668,0.0,0.027165424000486382,right_ankle_roll_joint,-0.4554964303970337,-7.353156089782715,-3.749856472015381,-1.0124613046646118,-1.0124613046646118,0.0,-22.388158798217773,-22.388158798217773,39.89999771118164
1791344806.7426775,11518.318974311,5.182000000000065,0.02000000000000668,0.0,0.027165424000486382,left_hip_pitch_joint,-0.6175217628479004,-4.216976165771484,-1.883543610572815,-0.7585567831993103,-0.7585567831993103,0.0,-5.725847244262695,-5.725847244262695,133.0
1791344806.7426775,11518.31898021,5.182000000000065,0.02000000000000668,0.0,0.027165424000486382,right_hip_pitch_joint,0.1063120886683464,15.170801162719727,1.9267386198043823,0.27021944522857666,0.27021944522857666,0.0,-54.96519470214844,-54.96519470214844,133.0
1791344806.7709515,11518.347184912,5.203000000000072,0.02000000000000668,0.0,0.026767794999614125,left_ankle_pitch_joint,-0.394782692193985,-7.116426467895508,9.330795288085938,2.2193148136138916,0.09230658411979675,2.1270081996917725,167.52049255371094,39.89999771118164,39.89999771118164
1791344806.7709515,11518.347237191,5.203000000000072,0.02000000000000668,0.0,0.026767794999614125,right_ankle_pitch_joint,-0.3292946517467499,7.892179489135742,-0.333791583776474,-0.39012372493743896,-0.39012372493743896,0.0,-15.488014221191406,-15.488014221191406,39.89999771118164
1791344806.7709515,11518.347246599,5.203000000000072,0.02000000000000668,0.0,0.026767794999614125,left_ankle_roll_joint,-0.4341566860675812,-1.430445909500122,-2.621303081512451,-0.7077518701553345,-0.7077518701553345,0.0,-14.270041465759277,-14.270041465759277,39.89999771118164
1791344806.7709515,11518.347253252,5.203000000000072,0.02000000000000668,0.0,0.026767794999614125,right_ankle_roll_joint,-0.575413167476654,-4.277696132659912,-0.7670850157737732,-0.20711296796798706,-0.20711296796798706,0.0,28.514554977416992,28.514554977416992,39.89999771118164
1791344806.7709515,11518.34726008,5.203000000000072,0.02000000000000668,0.0,0.026767794999614125,left_hip_pitch_joint,-0.6135901212692261,1.4293599128723145,-0.5948760509490967,-0.41061654686927795,-0.41061654686927795,0.0,36.078025817871094,36.078025817871094,133.0
1791344806.7709515,11518.347266979,5.203000000000072,0.02000000000000668,0.0,0.026767794999614125,right_hip_pitch_joint,0.3000633120536804,6.679678916931152,1.9612387418746948,0.2795344591140747,0.2795344591140747,0.0,-44.59442138671875,-44.59442138671875,133.0
1791344806.7972555,11518.373488859,5.223000000000079,0.02000000000000668,0.0,0.027703331999873626,left_ankle_pitch_joint,-0.5211436748504639,-5.032733917236328,16.469873428344727,4.1468658447265625,0.01803797483444214,4.128828048706055,287.62969970703125,39.900001525878906,39.89999771118164
1791344806.7972555,11518.373530465,5.223000000000079,0.02000000000000668,0.0,0.027703331999873626,right_ankle_pitch_joint,-0.19131597876548767,5.809317588806152,-2.488626003265381,-0.9719290733337402,-0.7110830545425415,0.26084601879119873,-55.550758361816406,-39.900001525878906,39.89999771118164
1791344806.7972555,11518.373539451,5.223000000000079,0.02000000000000668,0.0,0.027703331999873626,left_ankle_roll_joint,-0.46817728877067566,-1.4467735290527344,-2.477046012878418,-0.6688024401664734,-0.6688024401664734,0.0,-9.867348670959473,-9.867348670959473,39.89999771118164
1791344806.7972555,11518.37354653,5.223000000000079,0.02000000000000668,0.0,0.027703331999873626,right_ankle_roll_joint,-0.5579529404640198,5.4306960105896,0.25186818838119507,0.06800441443920135,0.06800441443920135,0.0,29.41139793395996,29.41139793395996,39.89999771118164
1791344806.7972555,11518.37355271,5.223000000000079,0.02000000000000668,0.0,0.027703331999873626,left_hip_pitch_joint,-0.5658317804336548,2.620492458343506,1.6408635377883911,0.1930331587791443,0.11018168926239014,0.08285146951675415,151.22732543945312,133.0,133.0
1791344806.7972555,11518.373559171,5.223000000000079,0.02000000000000668,0.0,0.027703331999873626,right_hip_pitch_joint,0.4235827326774597,5.34912633895874,-0.5091013312339783,-0.38745737075805664,-0.035077452659606934,0.3523799180984497,-210.52357482910156,-133.0,133.0
1791344806.8245544,11518.40078824,5.242000000000085,0.02000000000000668,0.0,0.02623602200037567,left_ankle_pitch_joint,-0.5811366438865662,-1.4525669813156128,19.167861938476562,4.8753228187561035,0.04754909873008728,4.827773571014404,329.5664367675781,39.899993896484375,39.89999771118164
1791344806.8245544,11518.400838961,5.242000000000085,0.02000000000000668,0.0,0.02623602200037567,right_ankle_pitch_joint,-0.08657360821962357,5.338719844818115,-5.453881740570068,-1.7725481986999512,-0.6181055903434753,1.154442548751831,-109.16655731201172,-39.900001525878906,39.89999771118164
1791344806.8245544,11518.400850106,5.242000000000085,0.02000000000000668,0.0,0.02623602200037567,left_ankle_roll_joint,-0.4515419602394104,2.4721503257751465,-2.391364336013794,-0.6456683874130249,-0.6456683874130249,0.0,-15.35581111907959,-15.35581111907959,39.89999771118164
1791344806.8245544,11518.400858655,5.242000000000085,0.02000000000000668,0.0,0.02623602200037567,right_ankle_roll_joint,-0.4093364477157593,8.731518745422363,0.3618326187133789,0.09769481420516968,0.09769481420516968,0.0,17.324596405029297,17.324596405029297,39.89999771118164
1791344806.8245544,11518.400866566,5.242000000000085,0.02000000000000668,0.0,0.02623602200037567,left_hip_pitch_joint,-0.49377402663230896,4.671352863311768,4.6914215087890625,1.01668381690979,0.23817196488380432,0.7785118818283081,304.2726135253906,133.0,133.0
1791344806.8245544,11518.400874779,5.242000000000085,0.02000000000000668,0.0,0.02623602200037567,right_hip_pitch_joint,0.506219744682312,3.2290408611297607,-3.728041648864746,-1.2565712928771973,-0.010260939598083496,1.2463103532791138,-407.1882629394531,-133.0,133.0
1791344806.8515768,11518.427810427,5.262000000000092,0.02000000000000668,0.0,0.027986310999040143,left_ankle_pitch_joint,-0.5900027751922607,0.5165390372276306,18.839420318603516,4.7866435050964355,0.08791065216064453,4.698732852935791,321.8239440917969,39.89999771118164,39.89999771118164
1791344806.8515768,11518.427852256,5.262000000000092,0.02000000000000668,0.0,0.027986310999040143,right_ankle_pitch_joint,0.014844284392893314,4.259852886199951,-7.67372989654541,-2.3719069957733154,-0.5436593890190125,1.8282475471496582,-149.59486389160156,-39.89999771118164,39.89999771118164
1791344806.8515768,11518.427863046,5.262000000000092,0.02000000000000668,0.0,0.027986310999040143,left_ankle_roll_joint,-0.4176757335662842,0.8457027077674866,-1.9217950105667114,-0.5188846588134766,-0.5188846588134766,0.0,-7.341089725494385,-7.341089725494385,39.89999771118164
1791344806.8515768,11518.427871679,5.262000000000092,0.02000000000000668,0.0,0.027986310999040143,right_ankle_roll_joint,-0.21870151162147522,9.265730857849121,-0.3411978483200073,-0.09212341904640198,-0.09212341904640198,0.0,-6.303910255432129,-6.303910255432129,39.89999771118164
1791344806.8515768,11518.427879587,5.262000000000092,0.02000000000000668,0.0,0.027986310999040143,left_hip_pitch_joint,-0.38576310873031616,5.143174171447754,7.373327255249023,1.7407984733581543,0.3590506911277771,1.3817477226257324,436.9845275878906,133.0,133.0
1791344806.8515768,11518.427887425,5.262000000000092,0.02000000000000668,0.0,0.027986310999040143,right_hip_pitch_joint,0.5421892404556274,0.28562939167022705,-6.243819236755371,-1.9358313083648682,-0.05456632375717163,1.8812649250030518,-546.8783569335938,-133.0,133.0
1791344806.879594,11518.45582769,5.282000000000099,0.02000000000000668,0.0,0.027001726000889903,left_ankle_pitch_joint,-0.5636245608329773,2.1642134189605713,16.976537704467773,4.283665180206299,0.1554807424545288,4.1281843185424805,287.591064453125,39.89999771118164,39.89999771118164
1791344806.879594,11518.45589676,5.282000000000099,0.02000000000000668,0.0,0.027001726000889903,right_ankle_pitch_joint,0.08021506667137146,2.7531981468200684,-9.563700675964355,-2.882199287414551,-0.5159549713134766,2.366244316101074,-181.87464904785156,-39.900001525878906,39.89999771118164
1791344806.879594,11518.455915531,5.282000000000099,0.02000000000000668,0.0,0.027001726000889903,left_ankle_roll_joint,-0.4128980338573456,-0.2509115934371948,-0.9276731014251709,-0.25047174096107483,-0.25047174096107483,0.0,10.12194538116455,10.12194538116455,39.89999771118164
1791344806.879594,11518.455923059,5.282000000000099,0.02000000000000668,0.0,0.027001726000889903,right_ankle_roll_joint,-0.0472746379673481,8.603230476379395,-1.445579171180725,-0.39030638337135315,-0.39030638337135315,0.0,-33.48674774169922,-33.48674774169922,39.89999771118164
1791344806.879594,11518.455929563,5.282000000000099,0.02000000000000668,0.0,0.027001726000889903,left_hip_pitch_joint,-0.2835668921470642,6.121458053588867,8.902010917663574,2.153542995452881,0.4879273772239685,1.6656155586242676,499.4354248046875,133.0,133.0
1791344806.879594,11518.455936296,5.282000000000099,0.02000000000000668,0.0,0.027001726000889903,right_hip_pitch_joint,0.5347444415092468,-0.7595519423484802,-7.470170021057129,-2.2669460773468018,-0.0905160903930664,2.1764299869537354,-611.8146362304688,-133.0,133.0
1791344806.9056475,11518.481881151,5.302000000000105,0.02000000000000668,0.0,0.028149030998974922,left_ankle_pitch_joint,-0.5048462748527527,3.6104464530944824,15.706993103027344,3.9408881664276123,0.2504148483276367,3.6904733180999756,261.3283996582031,39.89999771118164,39.89999771118164
1791344806.9056475,11518.481927148,5.302000000000105,0.02000000000000668,0.0,0.028149030998974922,right_ankle_pitch_joint,0.12976539134979248,1.8437715768814087,-11.14087963104248,-3.308037519454956,-0.48914027214050293,2.818897247314453,-209.03382873535156,-39.899993896484375,39.89999771118164
1791344806.9056475,11518.481938255,5.302000000000105,0.02000000000000668,0.0,0.028149030998974922,left_ankle_roll_joint,-0.422044962644577,-0.5196647047996521,-0.3385154902935028,-0.091399185359478,-0.091399185359478,0.0,20.618244171142578,20.618244171142578,39.89999771118164
1791344806.9056475,11518.481946781,5.302000000000105,0.02000000000000668,0.0,0.028149030998974922,right_ankle_roll_joint,0.10587840527296066,6.615541934967041,-2.384294033050537,-0.6437594294548035,-0.3937329947948456,0.2500264346599579,-54.90158462524414,-39.89999771118164,39.89999771118164
1791344806.9056475,11518.481955036,5.302000000000105,0.02000000000000668,0.0,0.028149030998974922,left_hip_pitch_joint,-0.1474052369594574,7.673550128936768,9.931796073913574,2.4315850734710693,0.6664189100265503,1.765166163444519,521.3365478515625,133.00001525878906,133.0
1791344806.9056475,11518.481963081,5.302000000000105,0.02000000000000668,0.0,0.028149030998974922,right_hip_pitch_joint,0.4902551770210266,-3.213322162628174,-8.049310684204102,-2.423313856124878,-0.2019263505935669,2.2213873863220215,-621.7052612304688,-133.0,133.0
1791344806.9325678,11518.508801475,5.322000000000112,0.02000000000000668,0.0,0.025890718001392088,left_ankle_pitch_joint,-0.4198096692562103,4.829549312591553,13.906869888305664,3.454854965209961,0.3659290671348572,3.088925838470459,225.2355499267578,39.89999771118164,39.89999771118164
1791344806.9325678,11518.508839398,5.322000000000112,0.02000000000000668,0.0,0.025890718001392088,right_ankle_pitch_joint,0.14849866926670074,0.1719321608543396,-12.421133041381836,-3.6537060737609863,-0.5122030377388,3.141503095626831,-228.39019775390625,-39.89999771118164,39.89999771118164
1791344806.9325678,11518.508848021,5.322000000000112,0.02000000000000668,0.0,0.025890718001392088,left_ankle_roll_joint,-0.425572007894516,0.25694379210472107,-2.015901565551758,-0.5442934632301331,-0.5442934632301331,0.0,-7.508702754974365,-7.508702754974365,39.89999771118164
1791344806.9325678,11518.508855611,5.322000000000112,0.02000000000000668,0.0,0.025890718001392088,right_ankle_roll_joint,0.21569664776325226,4.59005069732666,-2.741968870162964,-0.7403316497802734,-0.3345521092414856,0.40577954053878784,-64.24677276611328,-39.89999771118164,39.89999771118164
1791344806.9325678,11518.508861968,5.322000000000112,0.02000000000000668,0.0,0.025890718001392088,left_hip_pitch_joint,0.09249615669250488,16.263408660888672,9.809630393981934,2.3986003398895264,1.1405891180038452,1.2580112218856812,409.7624816894531,133.0,133.0
1791344806.9325678,11518.508876359,5.322000000000112,0.02000000000000668,0.0,0.025890718001392088,right_hip_pitch_joint,0.4552750289440155,-2.155426025390625,-7.2226972579956055,-2.2001283168792725,-0.20805472135543823,1.9920735359191895,-571.2561645507812,-132.99998474121094,133.0
1791344806.952705,11518.528939221,5.341000000000118,0.02000000000000668,0.0,0.027693930998793803,left_ankle_pitch_joint,-0.3072333037853241,6.380269527435303,10.284514427185059,2.4768190383911133,0.5172733068466187,1.9595457315444946,157.4727325439453,39.899993896484375,39.89999771118164
1791344806.952705,11518.528981177,5.341000000000118,0.02000000000000668,0.0,0.027693930998793803,right_ankle_pitch_joint,0.13662202656269073,-1.2319813966751099,-10.878954887390137,-3.2373178005218506,-0.5591775178909302,2.678140163421631,-200.58840942382812,-39.89999771118164,39.89999771118164
1791344806.952705,11518.528990113,5.341000000000118,0.02000000000000668,0.0,0.027693930998793803,left_ankle_roll_joint,-0.4211278557777405,0.0831652581691742,-2.184511184692383,-0.5898180603981018,-0.5898180603981018,0.0,-10.246160507202148,-10.246160507202148,39.89999771118164
1791344806.952705,11518.528996955,5.341000000000118,0.02000000000000668,0.0,0.027693930998793803,right_ankle_roll_joint,0.28840214014053345,2.7721474170684814,-3.368091106414795,-0.9093846082687378,-0.3072941303253174,0.6020904779434204,-76.02542877197266,-39.89999771118164,39.89999771118164
1791344806.952705,11518.529005441,5.341000000000118,0.02000000000000668,0.0,0.027693930998793803,left_hip_pitch_joint,0.48735612630844116,22.797544479370117,8.907014846801758,2.1548941135406494,1.7136528491973877,0.4412412643432617,230.0730743408203,133.00001525878906,133.0
1791344806.952705,11518.529011826,5.341000000000118,0.02000000000000668,0.0,0.027693930998793803,right_hip_pitch_joint,0.4125256836414337,-1.5617671012878418,-7.235353946685791,-2.203545570373535,-0.23461347818374634,1.9689321517944336,-566.1650390625,-133.00001525878906,133.0
1791344806.9734995,11518.549733652,5.356000000000123,0.02000000000000668,0.0,0.027693930998793803,left_ankle_pitch_joint,-0.21718895435333252,7.389240264892578,10.284514427185059,2.4768190383911133,0.6325419545173645,1.8442771434783936,150.55661010742188,39.899993896484375,39.89999771118164
1791344806.9734995,11518.549780363,5.356000000000123,0.02000000000000668,0.0,0.027693930998793803,right_ankle_pitch_joint,0.11477813869714737,-2.1227314472198486,-10.878954887390137,-3.2373178005218506,-0.6032900810241699,2.6340277194976807,-197.941650390625,-39.89999771118164,39.89999771118164
1791344806.9734995,11518.549789279,5.356000000000123,0.02000000000000668,0.0,0.027693930998793803,left_ankle_roll_joint,-0.4221806228160858,-0.28236696124076843,-2.184511184692383,-0.5898180603981018,-0.5898180603981018,0.0,-9.634696006774902,-9.634696006774902,39.89999771118164
1791344806.9734995,11518.549796155,5.356000000000123,0.02000000000000668,0.0,0.027693930998793803,right_ankle_roll_joint,0.3164430558681488,1.7222956418991089,-3.368091106414795,-0.9093846082687378,-0.30549952387809753,0.6038850545883179,-76.13310241699219,-39.89999771118164,39.89999771118164
1791344806.9734995,11518.549802429,5.356000000000123,0.02000000000000668,0.0,0.027693930998793803,left_hip_pitch_joint,0.7763564586639404,20.141206741333008,8.907014846801758,2.1548941135406494,1.9302077293395996,0.2246863842010498,182.43104553222656,133.00003051757812,133.0
1791344806.9734995,11518.549808642,5.356000000000123,0.02000000000000668,0.0,0.027693930998793803,right_hip_pitch_joint,0.3877544701099396,-0.10223769396543503,-7.235353946685791,-2.203545570373535,-0.21957927942276,1.98396635055542,-569.4725952148438,-133.00001525878906,133.0
1791344806.9945993,11518.570832892,5.369000000000128,0.02000000000000668,0.0,0.02624432500124385,left_ankle_pitch_joint,-0.09774743020534515,8.429651260375977,6.684601306915283,1.5048425197601318,0.7779938578605652,0.7268486618995667,83.51091766357422,39.900001525878906,39.89999771118164
1791344806.9945993,11518.570873491,5.369000000000128,0.02000000000000668,0.0,0.02624432500124385,right_ankle_pitch_joint,0.071034274995327,-3.492314577102661,-8.920111656188965,-2.708430290222168,-0.6812735795974731,2.0271568298339844,-161.52938842773438,-39.89999771118164,39.89999771118164
1791344806.9945993,11518.570882601,5.369000000000128,0.02000000000000668,0.0,0.02624432500124385,left_ankle_roll_joint,-0.4315783977508545,-0.691260814666748,-1.4069929122924805,-0.3798880875110626,-0.3798880875110626,0.0,4.138309478759766,4.138309478759766,39.89999771118164
1791344806.9945993,11518.570889948,5.369000000000128,0.02000000000000668,0.0,0.02624432500124385,right_ankle_roll_joint,0.3350180685520172,0.7088974714279175,-3.508300542831421,-0.9472411870956421,-0.3122594952583313,0.6349816918373108,-77.9989013671875,-39.900001525878906,39.89999771118164
1791344806.9945993,11518.570896768,5.369000000000128,0.02000000000000668,0.0,0.02624432500124385,left_hip_pitch_joint,1.0083760023117065,14.433221817016602,8.688484191894531,2.095890760421753,2.00655460357666,0.08933615684509277,152.65391540527344,132.9999542236328,133.0
1791344806.9945993,11518.570903337,5.369000000000128,0.02000000000000668,0.0,0.02624432500124385,right_hip_pitch_joint,0.46037009358406067,6.613012313842773,-6.628933429718018,-2.0398120880126953,0.03617948293685913,2.075991630554199,-589.7182006835938,-133.00001525878906,133.0
1791344807.0146005,11518.590833785,5.382000000000132,0.02000000000000668,0.0,0.028002424998703646,left_ankle_pitch_joint,0.008475721813738346,9.20012378692627,7.254249095916748,1.6586472988128662,0.9034788012504578,0.7551684975624084,85.2101058959961,39.89999771118164,39.89999771118164
1791344807.0146005,11518.590866867,5.382000000000132,0.02000000000000668,0.0,0.028002424998703646,right_ankle_pitch_joint,0.024013107642531395,-4.281207084655762,-6.7694549560546875,-2.1277530193328857,-0.7480170130729675,1.3797359466552734,-122.68414306640625,-39.89999771118164,39.89999771118164
1791344807.0146005,11518.590875395,5.382000000000132,0.02000000000000668,0.0,0.028002424998703646,left_ankle_roll_joint,-0.43793797492980957,-0.3579203188419342,-1.3487493991851807,-0.3641623556613922,-0.3641623556613922,0.0,4.9634175300598145,4.9634175300598145,39.89999771118164
1791344807.0146005,11518.590882622,5.382000000000132,0.02000000000000668,0.0,0.028002424998703646,right_ankle_roll_joint,0.3364429473876953,-0.40870431065559387,-2.4458627700805664,-0.6603829860687256,-0.3387746214866638,0.32160836458206177,-59.19649887084961,-39.89999771118164,39.89999771118164
1791344807.0146005,11518.590889391,5.382000000000132,0.02000000000000668,0.0,0.028002424998703646,left_hip_pitch_joint,1.1780264377593994,14.220406532287598,9.45982837677002,2.3041536808013916,2.170401096343994,0.13375258445739746,162.425537109375,132.99996948242188,133.0
1791344807.0146005,11518.590895961,5.382000000000132,0.02000000000000668,0.0,0.028002424998703646,right_hip_pitch_joint,0.5272011160850525,4.333863258361816,-6.318210124969482,-1.9559167623519897,0.04085195064544678,1.9967687129974365,-572.2891235351562,-133.0,133.0
1791344807.0406237,11518.616857097,5.402000000000139,0.02000000000000668,0.0,0.027070950000052107,left_ankle_pitch_joint,0.21692165732383728,10.591451644897461,8.529593467712402,2.002990484237671,1.1467080116271973,0.8562824726104736,91.2769546508789,39.900001525878906,39.89999771118164
1791344807.0406237,11518.616907897,5.402000000000139,0.02000000000000668,0.0,0.027070950000052107,right_ankle_pitch_joint,-0.0831720307469368,-5.929365158081055,-4.54120397567749,-1.526125192642212,-0.8964061141014099,0.629719078540802,-77.68313598632812,-39.89999771118164,39.89999771118164
1791344807.0406237,11518.61691662,5.402000000000139,0.02000000000000668,0.0,0.027070950000052107,left_ankle_roll_joint,-0.4373086392879486,0.40864554047584534,-1.2643754482269287,-0.34138137102127075,-0.34138137102127075,0.0,5.142667770385742,5.142667770385742,39.89999771118164
1791344807.0406237,11518.616923497,5.402000000000139,0.02000000000000668,0.0,0.027070950000052107,right_ankle_roll_joint,0.3041984438896179,-2.607701301574707,-1.033797264099121,-0.27912527322769165,-0.27912527322769165,0.0,-31.087871551513672,-31.087871551513672,39.89999771118164
1791344807.0406237,11518.616938227,5.402000000000139,0.02000000000000668,0.0,0.027070950000052107,left_hip_pitch_joint,1.506197214126587,17.050207138061523,10.599337577819824,2.611821174621582,2.5757484436035156,0.036072731018066406,140.93603515625,133.00003051757812,133.0
1791344807.0406237,11518.616944998,5.402000000000139,0.02000000000000668,0.0,0.027070950000052107,right_hip_pitch_joint,0.573334813117981,0.35423794388771057,-6.332734107971191,-1.9598382711410522,-0.021549582481384277,1.938288688659668,-559.4235229492188,-133.0,133.0
1791344807.0700781,11518.646311786,5.422000000000145,0.02000000000000668,0.0,0.025411717000679346,left_ankle_pitch_joint,0.40847113728523254,7.395862579345703,8.852450370788574,2.0901618003845215,1.2583677768707275,0.831794023513794,89.80764770507812,39.90000915527344,39.89999771118164
1791344807.0700781,11518.646363547,5.422000000000145,0.02000000000000668,0.0,0.025411717000679346,right_ankle_pitch_joint,-0.21396347880363464,-7.7892913818359375,-2.371060848236084,-0.9401864409446716,-0.9401864409446716,0.0,-31.889442443847656,-31.889442443847656,39.89999771118164
1791344807.0700781,11518.646374814,5.422000000000145,0.02000000000000668,0.0,0.025411717000679346,left_ankle_roll_joint,-0.39374929666519165,6.76106071472168,-1.3352025747299194,-0.36050471663475037,-0.36050471663475037,0.0,-8.146916389465332,-8.146916389465332,39.89999771118164
1791344807.0700781,11518.646383082,5.422000000000145,0.02000000000000668,0.0,0.025411717000679346,right_ankle_roll_joint,0.23794333636760712,-4.257139682769775,-0.4942624568939209,-0.13345086574554443,-0.13345086574554443,0.0,-15.897943496704102,-15.897943496704102,39.89999771118164
1791344807.0700781,11518.646391002,5.422000000000145,0.02000000000000668,0.0,0.025411717000679346,left_hip_pitch_joint,1.8795262575149536,21.90744400024414,10.93470287322998,2.7023699283599854,2.7023699283599854,0.0,49.5809326171875,49.5809326171875,133.0
1791344807.0700781,11518.646398954,5.422000000000145,0.02000000000000668,0.0,0.025411717000679346,right_hip_pitch_joint,0.5561748147010803,-2.256422281265259,-6.170915126800537,-1.9161471128463745,-0.10990941524505615,1.8062376976013184,-530.372314453125,-133.0,133.0
1791344807.0970473,11518.673280714,5.442000000000152,0.02000000000000668,0.0,0.030086525999649893,left_ankle_pitch_joint,0.5800143480300903,8.833802223205566,6.703963756561279,1.5100703239440918,1.4658594131469727,0.04421091079711914,42.55265808105469,39.900001525878906,39.89999771118164
1791344807.0970473,11518.673320408,5.442000000000152,0.02000000000000668,0.0,0.030086525999649893,right_ankle_pitch_joint,-0.3958562910556793,-9.294747352600098,0.2492622435092926,-0.2326992005109787,-0.2326992005109787,0.0,23.731548309326172,23.731548309326172,39.89999771118164
1791344807.0970473,11518.673329416,5.442000000000152,0.02000000000000668,0.0,0.030086525999649893,left_ankle_roll_joint,-0.24869048595428467,7.104334354400635,-1.249942660331726,-0.33748453855514526,-0.33748453855514526,0.0,-15.984145164489746,-15.984145164489746,39.89999771118164
1791344807.0970473,11518.673336579,5.442000000000152,0.02000000000000668,0.0,0.030086525999649893,right_ankle_roll_joint,0.1361282467842102,-5.286473751068115,-0.8167886734008789,-0.22053295373916626,-0.22053295373916626,0.0,-13.469961166381836,-13.469961166381836,39.89999771118164
1791344807.0970473,11518.673343249,5.442000000000152,0.02000000000000668,0.0,0.030086525999649893,left_hip_pitch_joint,2.3680338859558105,23.489349365234375,10.51292896270752,2.5884909629821777,2.5884909629821777,0.0,-92.43553924560547,-92.43553924560547,133.0
1791344807.0970473,11518.673349856,5.442000000000152,0.02000000000000668,0.0,0.030086525999649893,right_hip_pitch_joint,0.46361199021339417,-6.984811782836914,-4.599844932556152,-1.4919581413269043,-0.3314283490180969,1.1605298519134521,-388.3165588378906,-133.0,133.0
1791344807.1261427,11518.702376771,5.462000000000159,0.02000000000000668,0.0,0.027049496000472573,left_ankle_pitch_joint,0.742119312286377,7.16611385345459,0.5664316415786743,-0.1470634639263153,0.2562721371650696,0.4033356010913849,-64.10013580322266,-39.900001525878906,39.89999771118164
1791344807.1261427,11518.702426378,5.462000000000159,0.02000000000000668,0.0,0.027049496000472573,right_ankle_pitch_joint,-0.5617257356643677,-7.955321311950684,1.8087307214736938,0.18835729360580444,-0.09560880064964294,0.2839660942554474,56.937965393066406,39.89999771118164,39.89999771118164
1791344807.1261427,11518.702436313,5.462000000000159,0.02000000000000668,0.0,0.027049496000472573,left_ankle_roll_joint,-0.11807902157306671,6.377118110656738,-3.079439401626587,-0.8314486742019653,-0.6236510276794434,0.20779764652252197,-52.36785888671875,-39.900001525878906,39.89999771118164
1791344807.1261427,11518.702443372,5.462000000000159,0.02000000000000668,0.0,0.027049496000472573,right_ankle_roll_joint,0.029529938474297523,-5.834982872009277,-3.9677035808563232,-1.0712800025939941,-0.7813446521759033,0.2899353504180908,-57.29612731933594,-39.900001525878906,39.89999771118164
1791344807.1261427,11518.702450938,5.462000000000159,0.02000000000000668,0.0,0.027049496000472573,left_hip_pitch_joint,2.606113910675049,-3.3214635848999023,6.981723308563232,1.6350653171539307,1.9109830856323242,0.27591776847839355,-193.701904296875,-133.0,133.0
1791344807.1261427,11518.702458039,5.462000000000159,0.02000000000000668,0.0,0.027049496000472573,right_hip_pitch_joint,0.2890402376651764,-7.924100399017334,-0.3911189138889313,-0.35560211539268494,-0.35560211539268494,0.0,-94.27671813964844,-94.27671813964844,133.0
1791344807.1550922,11518.731326084,5.482000000000165,0.02000000000000668,0.0,0.029074701000354253,left_ankle_pitch_joint,0.7894145846366882,-2.424316167831421,-1.471354603767395,-0.6972657442092896,0.06380671262741089,0.7610724568367004,-85.56433868408203,-39.89999771118164,39.89999771118164
1791344807.1550922,11518.731380299,5.482000000000165,0.02000000000000668,0.0,0.029074701000354253,right_ankle_pitch_joint,-0.6918210387229919,-4.917722225189209,4.9824652671813965,1.0452656745910645,-0.14976412057876587,1.1950297355651855,111.60179138183594,39.89999771118164,39.89999771118164
1791344807.1550922,11518.731389578,5.482000000000165,0.02000000000000668,0.0,0.029074701000354253,left_ankle_roll_joint,-0.005880297161638737,4.895596981048584,-4.204282760620117,-1.1351563930511475,-0.5484903454780579,0.5866660475730896,-75.09996032714844,-39.89999771118164,39.89999771118164
1791344807.1550922,11518.731398447,5.482000000000165,0.02000000000000668,0.0,0.029074701000354253,right_ankle_roll_joint,-0.10320578515529633,-7.417756080627441,-5.467872619628906,-1.4763256311416626,-0.9536496996879578,0.5226759314537048,-71.26055908203125,-39.900001525878906,39.89999771118164
1791344807.1550922,11518.731405865,5.482000000000165,0.02000000000000668,0.0,0.029074701000354253,left_hip_pitch_joint,2.43861985206604,-14.35891342163086,3.861057996749878,0.7924857139587402,1.4424676895141602,0.6499819755554199,-275.99603271484375,-133.0,133.0
1791344807.1550922,11518.731413035,5.482000000000165,0.02000000000000668,0.0,0.029074701000354253,right_hip_pitch_joint,0.13618558645248413,-8.0592622756958,3.5058536529541016,0.6965805292129517,0.5209329724311829,0.1756475567817688,171.6424560546875,133.0,133.0
1791344807.1821315,11518.758365134,5.502000000000172,0.02000000000000668,0.0,0.028807020999011,left_ankle_pitch_joint,0.6551620960235596,-8.754642486572266,-1.8957706689834595,-0.8118581175804138,-0.22870391607284546,0.5831542015075684,-74.88925170898438,-39.899993896484375,39.89999771118164
1791344807.1821315,11518.758406013,5.502000000000172,0.02000000000000668,0.0,0.028807020999011,right_ankle_pitch_joint,-0.7487876415252686,-0.38991737365722656,9.986746788024902,2.3964216709136963,-0.09353560209274292,2.489957332611084,189.29742431640625,39.89999771118164,39.89999771118164
1791344807.1821315,11518.758415086,5.502000000000172,0.02000000000000668,0.0,0.028807020999011,left_ankle_roll_joint,0.08137495070695877,3.5031545162200928,-3.0109691619873047,-0.8129616975784302,-0.49604618549346924,0.31691551208496094,-58.9149284362793,-39.89999771118164,39.89999771118164
1791344807.1821315,11518.758429539,5.502000000000172,0.02000000000000668,0.0,0.028807020999011,right_ankle_roll_joint,-0.27152010798454285,-8.182208061218262,-6.059430122375488,-1.6360461711883545,-1.1410752534866333,0.4949709177017212,-69.59825134277344,-39.899993896484375,39.89999771118164
1791344807.1821315,11518.758435782,5.502000000000172,0.02000000000000668,0.0,0.028807020999011,left_hip_pitch_joint,1.976534366607666,-27.991613388061523,-0.16618110239505768,-0.2948688864707947,0.6085813045501709,0.9034501910209656,-331.7590637207031,-133.0,133.0
1791344807.1821315,11518.758442367,5.502000000000172,0.02000000000000668,0.0,0.028807020999011,right_hip_pitch_joint,0.03756105899810791,-2.9879536628723145,6.708869934082031,1.5613949298858643,0.5606169104576111,1.0007779598236084,353.1711730957031,133.00001525878906,133.0
1791344807.208015,11518.784248344,5.522000000000179,0.02000000000000668,0.0,0.026996478000000934,left_ankle_pitch_joint,0.4645264446735382,-10.26259708404541,-2.2921218872070312,-0.9188729524612427,-0.45703840255737305,0.46183454990386963,-67.61006164550781,-39.899993896484375,39.89999771118164
1791344807.208015,11518.784325253,5.522000000000179,0.02000000000000668,0.0,0.026996478000000934,right_ankle_pitch_joint,-0.6669566631317139,5.498171806335449,12.536232948303223,3.0847830772399902,0.1354975700378418,2.9492855072021484,216.8571319580078,39.89999771118164,39.89999771118164
1791344807.208015,11518.78433403,5.522000000000179,0.02000000000000668,0.0,0.026996478000000934,left_ankle_roll_joint,0.13823509216308594,2.277194023132324,-1.3219188451766968,-0.3569180965423584,-0.3569180965423584,0.0,-33.12498092651367,-33.12498092651367,39.89999771118164
1791344807.208015,11518.784340938,5.522000000000179,0.02000000000000668,0.0,0.026996478000000934,right_ankle_roll_joint,-0.3571355640888214,-4.886091709136963,-5.399320602416992,-1.4578166007995605,-1.1442878246307373,0.31352877616882324,-58.71172332763672,-39.900001525878906,39.89999771118164
1791344807.208015,11518.784347205,5.522000000000179,0.02000000000000668,0.0,0.026996478000000934,left_hip_pitch_joint,1.3653440475463867,-31.371551513671875,-4.307677745819092,-1.4130730628967285,-0.09478914737701416,1.3182839155197144,-423.0224609375,-133.0,133.0
1791344807.208015,11518.78435358,5.522000000000179,0.02000000000000668,0.0,0.026996478000000934,right_hip_pitch_joint,-0.043944161385297775,-5.882185459136963,9.95046329498291,2.4366252422332764,0.40017807483673096,2.036447048187256,581.0183715820312,133.0,133.0
1791344807.2350125,11518.811246387,5.5420000000001854,0.02000000000000668,0.0,0.025995402000262402,left_ankle_pitch_joint,0.25420254468917847,-11.757431983947754,-3.372481107711792,-1.2105698585510254,-0.7047332525253296,0.5058366060256958,-70.25019836425781,-39.900001525878906,39.89999771118164
1791344807.2350125,11518.811293999,5.5420000000001854,0.02000000000000668,0.0,0.025995402000262402,right_ankle_pitch_joint,-0.5424671173095703,7.348498344421387,13.707520484924316,3.4010307788848877,0.30624526739120483,3.094785451889038,225.58712768554688,39.89999771118164,39.89999771118164
1791344807.2350125,11518.811302826,5.5420000000001854,0.02000000000000668,0.0,0.025995402000262402,left_ankle_roll_joint,0.17068801820278168,1.1308027505874634,-1.216939091682434,-0.3285735547542572,-0.3285735547542572,0.0,-31.651897430419922,-31.651897430419922,39.89999771118164
1791344807.2350125,11518.811309859,5.5420000000001854,0.02000000000000668,0.0,0.025995402000262402,right_ankle_roll_joint,-0.4732799232006073,-7.056706428527832,-2.238049268722534,-0.6042733192443848,-0.6042733192443848,0.0,2.7254562377929688,2.7254562377929688,39.89999771118164
1791344807.2350125,11518.811316695,5.5420000000001854,0.02000000000000668,0.0,0.025995402000262402,left_hip_pitch_joint,0.808644711971283,-26.37623405456543,-5.987067222595215,-1.8665082454681396,-0.5152524709701538,1.3512557744979858,-430.27630615234375,-132.9999542236328,133.0
1791344807.2350125,11518.811334857,5.5420000000001854,0.02000000000000668,0.0,0.025995402000262402,right_hip_pitch_joint,-0.2036779671907425,-10.366361618041992,10.523553848266602,2.5913596153259277,0.1181485652923584,2.4732110500335693,677.1064453125,133.0,133.0
1791344807.2629895,11518.839223176,5.562000000000192,0.02000000000000668,0.0,0.02697052499934216,left_ankle_pitch_joint,-0.009447799995541573,-13.28738021850586,-2.7560434341430664,-1.0441317558288574,-1.0066323280334473,0.037499427795410156,-42.14996337890625,-39.900001525878906,39.89999771118164
1791344807.2629895,11518.839263405,5.562000000000192,0.02000000000000668,0.0,0.02697052499934216,right_ankle_pitch_joint,-0.3986080586910248,5.969761848449707,12.584552764892578,3.0978293418884277,0.41563600301742554,2.6821932792663574,200.83160400390625,39.89999771118164,39.89999771118164
1791344807.2629895,11518.839271777,5.562000000000192,0.02000000000000668,0.0,0.02697052499934216,left_ankle_roll_joint,0.17666034400463104,-0.5557698011398315,-1.4512794017791748,-0.3918454647064209,-0.3918454647064209,0.0,-33.27669143676758,-33.27669143676758,39.89999771118164
1791344807.2629895,11518.839278318,5.562000000000192,0.02000000000000668,0.0,0.02697052499934216,right_ankle_roll_joint,-0.5891956090927124,-3.089761972427368,-1.574912667274475,-0.42522644996643066,-0.42522644996643066,0.0,14.472793579101562,14.472793579101562,39.89999771118164
1791344807.2629895,11518.83928422,5.562000000000192,0.02000000000000668,0.0,0.02697052499934216,left_hip_pitch_joint,0.35203999280929565,-17.730737686157227,-7.260635852813721,-2.210371732711792,-0.7360710501670837,1.4743006229400635,-457.3461608886719,-133.0,133.0
1791344807.2629895,11518.839290586,5.562000000000192,0.02000000000000668,0.0,0.02697052499934216,right_hip_pitch_joint,-0.3904988765716553,-5.086748123168945,9.819427490234375,2.401245594024658,0.07531705498695374,2.3259284496307373,644.7042846679688,133.0,133.0
1791344807.2890437,11518.86527796,5.582000000000199,0.02000000000000668,0.0,0.028388496000843588,left_ankle_pitch_joint,-0.28979262709617615,-14.569257736206055,0.49726080894470215,-0.16573958098888397,-0.16573958098888397,0.0,29.297069549560547,29.297069549560547,39.89999771118164
1791344807.2890437,11518.865325313,5.582000000000199,0.02000000000000668,0.0,0.028388496000843588,right_ankle_pitch_joint,-0.2948601245880127,4.975351810455322,12.624887466430664,3.108719825744629,0.49452364444732666,2.614196300506592,196.75177001953125,39.89999771118164,39.89999771118164
1791344807.2890437,11518.865334043,5.582000000000199,0.02000000000000668,0.0,0.028388496000843588,left_ankle_roll_joint,0.143788680434227,-2.6703989505767822,-2.8484621047973633,-0.7690848112106323,-0.5879712700843811,0.18111354112625122,-50.76681137084961,-39.89999771118164,39.89999771118164
1791344807.2890437,11518.86534096,5.582000000000199,0.02000000000000668,0.0,0.028388496000843588,right_ankle_roll_joint,-0.5731931924819946,4.3954243659973145,-2.5892772674560547,-0.699104905128479,-0.699104905128479,0.0,-14.147839546203613,-14.147839546203613,39.89999771118164
1791344807.2890437,11518.865346954,5.582000000000199,0.02000000000000668,0.0,0.028388496000843588,left_hip_pitch_joint,0.0803738683462143,-11.66481876373291,-6.92924165725708,-2.1208953857421875,-0.8423030376434326,1.2785923480987549,-414.290283203125,-133.0,133.0
1791344807.2890437,11518.865353863,5.582000000000199,0.02000000000000668,0.0,0.028388496000843588,right_hip_pitch_joint,-0.38722342252731323,4.254919528961182,7.939105987548828,1.8935587406158447,0.3333653211593628,1.560193419456482,476.2425842285156,133.0,133.0
1791344807.3160768,11518.892310494,5.6020000000002055,0.02000000000000668,0.0,0.02563689099952171,left_ankle_pitch_joint,-0.5633601546287537,-12.548906326293945,4.217050075531006,0.8386035561561584,-0.2120828628540039,1.0506863594055176,102.94117736816406,39.89999771118164,39.89999771118164
1791344807.3160768,11518.892353589,5.6020000000002055,0.02000000000000668,0.0,0.02563689099952171,right_ankle_pitch_joint,-0.17557352781295776,7.249788761138916,9.462424278259277,2.254854679107666,0.6706711649894714,1.5841834545135498,134.95101928710938,39.89999771118164,39.89999771118164
1791344807.3160768,11518.892371406,5.6020000000002055,0.02000000000000668,0.0,0.02563689099952171,left_ankle_roll_joint,0.061957817524671555,-5.370876312255859,-5.608407974243164,-1.5142701864242554,-0.7373140454292297,0.7769561409950256,-86.51737213134766,-39.900001525878906,39.89999771118164
1791344807.3160768,11518.892378673,5.6020000000002055,0.02000000000000668,0.0,0.02563689099952171,right_ankle_roll_joint,-0.4467428922653198,6.78781270980835,-4.03921365737915,-1.0905877351760864,-0.9420474767684937,0.14854025840759277,-48.812408447265625,-39.899993896484375,39.89999771118164
1791344807.3160768,11518.892385186,5.6020000000002055,0.02000000000000668,0.0,0.02563689099952171,left_hip_pitch_joint,-0.11752081662416458,-8.046927452087402,-4.033056735992432,-1.3389253616333008,-0.9415279030799866,0.3973974585533142,-220.42745971679688,-133.0,133.0
1791344807.3160768,11518.892391607,5.6020000000002055,0.02000000000000668,0.0,0.02563689099952171,right_hip_pitch_joint,-0.21659088134765625,12.398247718811035,4.190704345703125,0.8814902305603027,0.7260886430740356,0.1554015874862671,167.1883544921875,133.0,133.0
1791344807.3440406,11518.920274332,5.622000000000212,0.02000000000000668,0.0,0.0263056730000244,left_ankle_pitch_joint,-0.7809699773788452,-9.041816711425781,11.258001327514648,2.7396605014801025,-0.34201544523239136,3.0816760063171387,224.80055236816406,39.89999771118164,39.89999771118164
1791344807.3440406,11518.920312478,5.622000000000212,0.02000000000000668,0.0,0.0263056730000244,right_ankle_pitch_joint,-0.0037722275592386723,9.744115829467773,4.914132118225098,1.02681565284729,0.9048306345939636,0.12198501825332642,47.21910095214844,39.89999771118164,39.89999771118164
1791344807.3440406,11518.920321271,5.622000000000212,0.02000000000000668,0.0,0.0263056730000244,left_ankle_roll_joint,-0.06835278868675232,-7.270572662353516,-8.022256851196289,-2.1660094261169434,-0.9151170253753662,1.2508924007415771,-114.95354461669922,-39.899993896484375,39.89999771118164
1791344807.3440406,11518.920328707,5.622000000000212,0.02000000000000668,0.0,0.0263056730000244,right_ankle_roll_joint,-0.3304293751716614,4.869203567504883,-4.61784553527832,-1.2468183040618896,-0.8736992478370667,0.373119056224823,-62.28714370727539,-39.89999771118164,39.89999771118164
1791344807.3440406,11518.920335344,5.622000000000212,0.02000000000000668,0.0,0.0263056730000244,left_hip_pitch_joint,-0.26502689719200134,-7.160436630249023,1.0934900045394897,0.0452423095703125,0.0452423095703125,0.0,111.22184753417969,111.22184753417969,133.0
1791344807.3440406,11518.920342265,5.622000000000212,0.02000000000000668,0.0,0.0263056730000244,right_hip_pitch_joint,0.08774203062057495,16.238117218017578,-0.9488230347633362,-0.5061821937561035,-0.07394568622112274,0.4322364926338196,-228.092041015625,-133.0,133.0
1791344807.3700323,11518.946266173,5.642000000000219,0.02000000000000668,0.0,0.028680854000413092,left_ankle_pitch_joint,-0.8822414875030518,0.303754061460495,19.779756546020508,5.040534496307373,-0.20964765548706055,5.250182151794434,354.91094970703125,39.89999771118164,39.89999771118164
1791344807.3700323,11518.94632869,5.642000000000219,0.02000000000000668,0.0,0.028680854000413092,right_ankle_pitch_joint,0.19953276216983795,11.500303268432617,-1.672953724861145,-0.7516975402832031,-0.1779596507549286,0.5737378597259521,-74.32427215576172,-39.900001525878906,39.89999771118164
1791344807.3700323,11518.946339723,5.642000000000219,0.02000000000000668,0.0,0.028680854000413092,left_ankle_roll_joint,-0.17017117142677307,0.05139290168881416,-6.760316848754883,-1.8252856731414795,-0.8338862657546997,0.9913994073867798,-99.38395690917969,-39.89999771118164,39.89999771118164
1791344807.3700323,11518.946348319,5.642000000000219,0.02000000000000668,0.0,0.028680854000413092,right_ankle_roll_joint,-0.25896909832954407,2.7700626850128174,-3.748995304107666,-1.0122287273406982,-0.854717493057251,0.15751123428344727,-49.35067367553711,-39.89999771118164,39.89999771118164
1791344807.3700323,11518.946368765,5.642000000000219,0.02000000000000668,0.0,0.028680854000413092,left_hip_pitch_joint,-0.35033056139945984,-2.1199307441711426,7.3677077293396,1.739281177520752,0.19639858603477478,1.5428825616836548,472.4341735839844,133.0,133.0
1791344807.3700323,11518.94637849,5.642000000000219,0.02000000000000668,0.0,0.028680854000413092,right_hip_pitch_joint,0.30849555134773254,7.177244663238525,-6.345551490783691,-1.9632989168167114,-0.10030689835548401,1.8629920482635498,-542.8582763671875,-133.0,133.0
1791344807.398063,11518.974296465,5.6620000000002255,0.02000000000000668,0.0,0.026131295000595856,left_ankle_pitch_joint,-0.8553215265274048,2.310582399368286,23.470468521118164,6.037026405334473,-0.1325569748878479,6.169583320617676,410.0749816894531,39.89999771118164,39.89999771118164
1791344807.398063,11518.974337837,5.6620000000002255,0.02000000000000668,0.0,0.026131295000595856,right_ankle_pitch_joint,0.41548600792884827,9.84875774383545,-6.764339447021484,-2.1263716220855713,-0.0032949745655059814,2.1230766773223877,-167.2845916748047,-39.899993896484375,39.89999771118164
1791344807.398063,11518.974346533,5.6620000000002255,0.02000000000000668,0.0,0.026131295000595856,left_ankle_roll_joint,-0.19332461059093475,-2.2543892860412598,-4.017034530639648,-1.0845993757247925,-0.9146842956542969,0.1699150800704956,-50.09490203857422,-39.89999771118164,39.89999771118164
1791344807.398063,11518.974353616,5.6620000000002255,0.02000000000000668,0.0,0.026131295000595856,right_ankle_roll_joint,-0.22864049673080444,0.39446768164634705,-3.3819282054901123,-0.9131206274032593,-0.8837787508964539,0.02934187650680542,-41.6605110168457,-39.89999771118164,39.89999771118164
1791344807.398063,11518.974360109,5.6620000000002255,0.02000000000000668,0.0,0.026131295000595856,left_hip_pitch_joint,-0.3267374336719513,3.552621603012085,11.972822189331055,2.9826622009277344,0.3746976852416992,2.607964515686035,706.752197265625,132.99998474121094,133.0
1791344807.398063,11518.974366622,5.6620000000002255,0.02000000000000668,0.0,0.026131295000595856,right_hip_pitch_joint,0.3906872570514679,1.1773232221603394,-10.68117618560791,-3.1339175701141357,-0.1817494034767151,2.9521682262420654,-782.47705078125,-133.00001525878906,133.0
1791344807.426028,11519.002261737,5.682000000000232,0.02000000000000668,0.0,0.02784888699898147,left_ankle_pitch_joint,-0.7858790755271912,4.597574710845947,27.103422164916992,7.0179243087768555,-0.0059397220611572266,7.023863792419434,461.33184814453125,39.89999771118164,39.89999771118164
1791344807.426028,11519.00229885,5.682000000000232,0.02000000000000668,0.0,0.02784888699898147,right_ankle_pitch_joint,0.5837662220001221,2.8081696033477783,-10.781463623046875,-3.2109951972961426,-0.011029541492462158,3.199965715408325,-231.89793395996094,-39.89999771118164,39.89999771118164
1791344807.426028,11519.002307153,5.682000000000232,0.02000000000000668,0.0,0.02784888699898147,left_ankle_roll_joint,-0.2639209032058716,-4.719376087188721,-2.0081186294555664,-0.5421920418739319,-0.5421920418739319,0.0,-9.617203712463379,-9.617203712463379,39.89999771118164
1791344807.426028,11519.002313906,5.682000000000232,0.02000000000000668,0.0,0.02784888699898147,right_ankle_roll_joint,-0.2369687408208847,3.790994167327881,-3.833481550216675,-1.035040020942688,-0.8071938753128052,0.2278461456298828,-53.570770263671875,-39.900001525878906,39.89999771118164
1791344807.426028,11519.002320515,5.682000000000232,0.02000000000000668,0.0,0.02784888699898147,left_hip_pitch_joint,-0.2442968636751175,3.56317400932312,15.942214012145996,4.054398059844971,0.4574260711669922,3.5969719886779785,924.3338623046875,133.0,133.0
1791344807.426028,11519.002326554,5.682000000000232,0.02000000000000668,0.0,0.02784888699898147,right_hip_pitch_joint,0.3419971466064453,-5.6252031326293945,-14.318995475769043,-4.116128921508789,-0.41596293449401855,3.7001659870147705,-947.0364990234375,-133.0,133.0
1791344807.453067,11519.029300537,5.703000000000239,0.02000000000000668,0.0,0.028009015000861837,left_ankle_pitch_joint,-0.6648094654083252,6.716075897216797,27.146543502807617,7.029566764831543,0.16809242963790894,6.861474514007568,451.58843994140625,39.900001525878906,39.89999771118164
1791344807.453067,11519.029356258,5.703000000000239,0.02000000000000668,0.0,0.028009015000861837,right_ankle_pitch_joint,0.6189196705818176,0.43369364738464355,-12.665273666381836,-3.7196240425109863,-0.03523796796798706,3.6843860149383545,-260.9631652832031,-39.89999771118164,39.89999771118164
1791344807.453067,11519.029365426,5.703000000000239,0.02000000000000668,0.0,0.028009015000861837,left_ankle_roll_joint,-0.37812989950180054,-6.001814842224121,0.18476393818855286,0.04988626390695572,0.04988626390695572,0.0,34.683692932128906,34.683692932128906,39.89999771118164
1791344807.453067,11519.029372025,5.703000000000239,0.02000000000000668,0.0,0.028009015000861837,right_ankle_roll_joint,-0.1783541440963745,1.8230347633361816,-5.508317470550537,-1.487245798110962,-0.7977782487869263,0.6894675493240356,-81.26805114746094,-39.89999771118164,39.89999771118164
1791344807.453067,11519.029378463,5.703000000000239,0.02000000000000668,0.0,0.028009015000861837,left_hip_pitch_joint,-0.19393524527549744,0.23470869660377502,19.90652847290039,5.124763011932373,0.4170113801956177,4.707751750946045,1168.7054443359375,133.00001525878906,133.0
1791344807.453067,11519.029384769,5.703000000000239,0.02000000000000668,0.0,0.028009015000861837,right_hip_pitch_joint,0.16333384811878204,-11.662171363830566,-17.406572341918945,-4.949774742126465,-0.7592707872390747,4.19050407409668,-1054.910888671875,-133.0,133.0
1791344807.4789834,11519.055217527,5.722000000000246,0.02000000000000668,0.0,0.02698230999885709,left_ankle_pitch_joint,-0.5305199027061462,7.049129009246826,25.414400100708008,6.561888217926025,0.31070828437805176,6.2511796951293945,414.9707946777344,39.89999771118164,39.89999771118164
1791344807.4789834,11519.055370827,5.722000000000246,0.02000000000000668,0.0,0.02698230999885709,right_ankle_pitch_joint,0.6027487516403198,-1.9185312986373901,-13.659344673156738,-3.988023042678833,-0.1102144867181778,3.8778085708618164,-272.5684814453125,-39.89999771118164,39.89999771118164
1791344807.4789834,11519.055395774,5.722000000000246,0.02000000000000668,0.0,0.02698230999885709,left_ankle_roll_joint,-0.48561984300613403,-4.816681861877441,1.4711027145385742,0.39719775319099426,0.058963119983673096,0.33823463320732117,60.1940803527832,39.89999771118164,39.89999771118164
1791344807.4789834,11519.055414304,5.722000000000246,0.02000000000000668,0.0,0.02698230999885709,right_ankle_roll_joint,-0.16543294489383698,-0.2761279046535492,-6.245270729064941,-1.6862231492996216,-0.8373361229896545,0.848887026309967,-90.83322143554688,-39.89999771118164,39.89999771118164
1791344807.4789834,11519.055428653,5.722000000000246,0.02000000000000668,0.0,0.02698230999885709,left_hip_pitch_joint,-0.25276514887809753,-4.104222774505615,20.807819366455078,5.368111610412598,0.23984697461128235,5.128264427185059,1261.21826171875,133.0,133.0
1791344807.4789834,11519.055442694,5.722000000000246,0.02000000000000668,0.0,0.02698230999885709,right_hip_pitch_joint,0.05418318882584572,-2.075209140777588,-17.314664840698242,-4.924959659576416,-0.6069588661193848,4.318000793457031,-1082.9600830078125,-133.0,133.0
1791344807.5060325,11519.082265953,5.742000000000252,0.02000000000000668,0.0,0.026147549000597792,left_ankle_pitch_joint,-0.39587754011154175,5.9479851722717285,20.981813430786133,5.3650898933410645,0.41782206296920776,4.947268009185791,336.7360534667969,39.89999771118164,39.89999771118164
1791344807.5060325,11519.082319526,5.742000000000252,0.02000000000000668,0.0,0.026147549000597792,right_ankle_pitch_joint,0.5155701637268066,-6.4742631912231445,-14.447696685791016,-4.200878143310547,-0.31128638982772827,3.889591693878174,-273.2755126953125,-39.89999771118164,39.89999771118164
1791344807.5060325,11519.082329501,5.742000000000252,0.02000000000000668,0.0,0.026147549000597792,left_ankle_roll_joint,-0.5282047390937805,1.0187582969665527,0.7117300033569336,0.19216710329055786,0.1622641682624817,0.029902935028076172,41.69417190551758,39.89999771118164,39.89999771118164
1791344807.5060325,11519.082343844,5.742000000000252,0.02000000000000668,0.0,0.026147549000597792,right_ankle_roll_joint,-0.20144061744213104,-3.2822108268737793,-5.8316802978515625,-1.5745537281036377,-0.9484958648681641,0.6260578632354736,-77.46347045898438,-39.89999771118164,39.89999771118164
1791344807.5060325,11519.082350655,5.742000000000252,0.02000000000000668,0.0,0.026147549000597792,left_hip_pitch_joint,-0.2874540388584137,0.3300009071826935,17.323537826538086,4.4273552894592285,0.3260914087295532,4.101263999938965,1035.278076171875,132.99998474121094,133.0
1791344807.5060325,11519.082357587,5.742000000000252,0.02000000000000668,0.0,0.026147549000597792,right_hip_pitch_joint,0.060297686606645584,1.5768800973892212,-14.315169334411621,-4.115096092224121,-0.50124192237854,3.613854169845581,-928.0479125976562,-133.0,133.0
1791344807.5330343,11519.109267795,5.762000000000259,0.02000000000000668,0.0,0.0268801620004524,left_ankle_pitch_joint,-0.26929816603660583,7.176693439483643,19.037893295288086,4.840231418609619,0.5751191973686218,4.265112400054932,295.8067321777344,39.89999771118164,39.89999771118164
1791344807.5330343,11519.109306851,5.762000000000259,0.02000000000000668,0.0,0.0268801620004524,right_ankle_pitch_joint,0.36841586232185364,-7.653663158416748,-13.461915016174316,-3.9347171783447266,-0.48792564868927,3.446791648864746,-246.70748901367188,-39.899993896484375,39.89999771118164
1791344807.5330343,11519.10931492,5.762000000000259,0.02000000000000668,0.0,0.0268801620004524,left_ankle_roll_joint,-0.44997650384902954,5.73499059677124,0.4413461983203888,0.11916347593069077,0.11916347593069077,0.0,25.545913696289062,25.545913696289062,39.89999771118164
1791344807.5330343,11519.109321605,5.762000000000259,0.02000000000000668,0.0,0.0268801620004524,right_ankle_roll_joint,-0.28835663199424744,-5.271308422088623,-5.5206804275512695,-1.4905837774276733,-1.085139274597168,0.40544450283050537,-64.22666931152344,-39.899993896484375,39.89999771118164
1791344807.5330343,11519.109328082,5.762000000000259,0.02000000000000668,0.0,0.0268801620004524,left_hip_pitch_joint,-0.256881445646286,3.046654224395752,13.563504219055176,3.4121463298797607,0.43075454235076904,2.9813919067382812,788.9061889648438,133.0,133.0
1791344807.5330343,11519.109334728,5.762000000000259,0.02000000000000668,0.0,0.0268801620004524,right_hip_pitch_joint,0.10458952933549881,2.9307868480682373,-11.239665985107422,-3.284709930419922,-0.42002540826797485,2.864684581756592,-763.2305908203125,-133.0,133.0
1791344807.5537837,11519.13001767,5.781000000000265,0.02000000000000668,0.0,0.028227134000189835,left_ankle_pitch_joint,-0.1285996437072754,9.331862449645996,16.724767684936523,4.215687274932861,0.7696968913078308,3.4459903240203857,246.65943908691406,39.900001525878906,39.89999771118164
1791344807.5537837,11519.130059759,5.781000000000265,0.02000000000000668,0.0,0.028227134000189835,right_ankle_pitch_joint,0.22746236622333527,-8.821118354797363,-12.960925102233887,-3.799449920654297,-0.6580655574798584,3.1413843631744385,-228.383056640625,-39.89999771118164,39.89999771118164
1791344807.5537837,11519.130068461,5.781000000000265,0.02000000000000668,0.0,0.028227134000189835,left_ankle_roll_joint,-0.3416324555873871,6.833000659942627,-1.2260806560516357,-0.33104178309440613,-0.33104178309440613,0.0,-9.61406135559082,-9.61406135559082,39.89999771118164
1791344807.5537837,11519.130075652,5.781000000000265,0.02000000000000668,0.0,0.028227134000189835,right_ankle_roll_joint,-0.39744409918785095,-7.527499198913574,-5.070979118347168,-1.3691644668579102,-1.25063157081604,0.11853289604187012,-47.01197052001953,-39.89999771118164,39.89999771118164
1791344807.5537837,11519.130082263,5.781000000000265,0.02000000000000668,0.0,0.028227134000189835,left_hip_pitch_joint,-0.1634887307882309,7.707398891448975,9.231757164001465,2.242574453353882,0.6512584686279297,1.5913159847259521,483.0894775390625,133.0,133.0
1791344807.5537837,11519.130096122,5.781000000000265,0.02000000000000668,0.0,0.028227134000189835,right_hip_pitch_joint,0.15439626574516296,2.6896138191223145,-7.654038429260254,-2.3165905475616455,-0.37679609656333923,1.9397944211959839,-559.7548217773438,-133.0,133.0
1791344807.5744371,11519.150671423,5.79600000000027,0.02000000000000668,0.0,0.028227134000189835,left_ankle_pitch_joint,0.049118492752313614,11.455353736877441,16.724767684936523,4.215687274932861,1.000502347946167,3.2151849269866943,232.81109619140625,39.900001525878906,39.89999771118164
1791344807.5744371,11519.150717353,5.79600000000027,0.02000000000000668,0.0,0.028227134000189835,right_ankle_pitch_joint,0.07312509417533875,-8.988271713256836,-12.960925102233887,-3.799449920654297,-0.816581666469574,2.982868194580078,-218.87210083007812,-39.89999771118164,39.89999771118164
1791344807.5744371,11519.150727646,5.79600000000027,0.02000000000000668,0.0,0.028227134000189835,left_ankle_roll_joint,-0.227610781788826,6.280211925506592,-1.2260806560516357,-0.33104178309440613,-0.33104178309440613,0.0,-15.626177787780762,-15.626177787780762,39.89999771118164
1791344807.5744371,11519.15073463,5.79600000000027,0.02000000000000668,0.0,0.028227134000189835,right_ankle_roll_joint,-0.5363715291023254,-7.572566509246826,-5.070979118347168,-1.3691644668579102,-1.3691644668579102,0.0,-38.608726501464844,-38.608726501464844,39.89999771118164
1791344807.5744371,11519.150740699,5.79600000000027,0.02000000000000668,0.0,0.028227134000189835,left_hip_pitch_joint,-0.007163672707974911,9.851045608520508,9.231757164001465,2.242574453353882,0.866046667098999,1.3765277862548828,435.8361511230469,132.99998474121094,133.0
1791344807.5744371,11519.150747012,5.79600000000027,0.02000000000000668,0.0,0.028227134000189835,right_hip_pitch_joint,0.1910896748304367,2.4761974811553955,-7.654038429260254,-2.3165905475616455,-0.34592312574386597,1.9706673622131348,-566.5468139648438,-133.0,133.0
1791344807.5960307,11519.172264297,5.810000000000275,0.02000000000000668,0.0,0.02576191699881747,left_ankle_pitch_joint,0.20768724381923676,12.795511245727539,13.660306930541992,3.3882830142974854,1.1925749778747559,2.1957080364227295,171.64248657226562,39.899993896484375,39.89999771118164
1791344807.5960307,11519.172293233,5.810000000000275,0.02000000000000668,0.0,0.02576191699881747,right_ankle_pitch_joint,-0.041829779744148254,-8.77753734588623,-11.688502311706543,-3.4558956623077393,-0.9262681603431702,2.529627561569214,-191.67764282226562,-39.89999771118164,39.89999771118164
1791344807.5960307,11519.172301792,5.810000000000275,0.02000000000000668,0.0,0.02576191699881747,left_ankle_roll_joint,-0.15213628113269806,5.241332054138184,-2.2119662761688232,-0.5972309112548828,-0.5972309112548828,0.0,-34.56767654418945,-34.56767654418945,39.89999771118164
1791344807.5960307,11519.17230853,5.810000000000275,0.02000000000000668,0.0,0.02576191699881747,right_ankle_roll_joint,-0.6052060723304749,-2.7819876670837402,-3.810945510864258,-1.028955340385437,-1.028955340385437,0.0,-21.25197410583496,-21.25197410583496,39.89999771118164
1791344807.5960307,11519.172314639,5.810000000000275,0.02000000000000668,0.0,0.02576191699881747,left_hip_pitch_joint,0.14397263526916504,12.940367698669434,6.377159595489502,1.4718331098556519,1.1014372110366821,0.3703958988189697,214.48709106445312,133.0,133.0
1791344807.5960307,11519.172321109,5.810000000000275,0.02000000000000668,0.0,0.02576191699881747,right_hip_pitch_joint,0.2058112621307373,-0.1808374673128128,-5.241814136505127,-1.6652898788452148,-0.4036661386489868,1.261623740196228,-410.5572204589844,-133.0,133.0
1791344807.6169198,11519.19315333,5.823000000000279,0.02000000000000668,0.0,0.030983992999608745,left_ankle_pitch_joint,0.3821134567260742,13.979401588439941,10.230897903442383,2.4623425006866455,1.3965985774993896,1.0657439231872559,103.84464263916016,39.900001525878906,39.89999771118164
1791344807.6169198,11519.193197146,5.823000000000279,0.02000000000000668,0.0,0.030983992999608745,right_ankle_pitch_joint,-0.16164633631706238,-9.819451332092285,-9.710479736328125,-2.9218297004699707,-1.0721325874328613,1.8496971130371094,-150.88182067871094,-39.899993896484375,39.89999771118164
1791344807.6169198,11519.193213205,5.823000000000279,0.02000000000000668,0.0,0.030983992999608745,left_ankle_roll_joint,-0.09336636960506439,3.8816328048706055,-2.863940954208374,-0.7732641100883484,-0.6613255143165588,0.11193859577178955,-46.61631393432617,-39.89999771118164,39.89999771118164
1791344807.6169198,11519.193219975,5.823000000000279,0.02000000000000668,0.0,0.030983992999608745,right_ankle_roll_joint,-0.599190354347229,3.1209161281585693,-3.5805983543395996,-0.966761589050293,-0.966761589050293,0.0,-26.735647201538086,-26.735647201538086,39.89999771118164
1791344807.6169198,11519.193226484,5.823000000000279,0.02000000000000668,0.0,0.030983992999608745,left_hip_pitch_joint,0.3252348005771637,14.5140962600708,4.321628570556641,0.9168397188186646,0.9168397188186646,0.0,43.068511962890625,43.068511962890625,133.0
1791344807.6169198,11519.193232798,5.823000000000279,0.02000000000000668,0.0,0.030983992999608745,right_hip_pitch_joint,0.17863067984580994,-3.853424072265625,-3.68662166595459,-1.2453879117965698,-0.5310081243515015,0.7143797874450684,-290.1635437011719,-133.0,133.0
1791344807.6420264,11519.218260542,5.842000000000286,0.02000000000000668,0.0,0.025964953001675894,left_ankle_pitch_joint,0.6667124629020691,15.89002513885498,5.7827558517456055,1.2613441944122314,1.2613441944122314,0.0,11.842864990234375,11.842864990234375,39.89999771118164
1791344807.6420264,11519.218343442,5.842000000000286,0.02000000000000668,0.0,0.025964953001675894,right_ankle_pitch_joint,-0.37296247482299805,-12.209789276123047,-5.520471096038818,-1.79052734375,-1.3432071208953857,0.44732022285461426,-66.73921203613281,-39.899993896484375,39.89999771118164
1791344807.6420264,11519.218356518,5.842000000000286,0.02000000000000668,0.0,0.025964953001675894,left_ankle_roll_joint,-0.04148169234395027,1.6010822057724,-2.7956528663635254,-0.7548263072967529,-0.6664546132087708,0.08837169408798218,-45.202301025390625,-39.89999771118164,39.89999771118164
1791344807.6420264,11519.218363273,5.842000000000286,0.02000000000000668,0.0,0.025964953001675894,right_ankle_roll_joint,-0.48896148800849915,7.040307998657227,-3.2060048580169678,-0.8656213283538818,-0.8656213283538818,0.0,-33.16005325317383,-33.16005325317383,39.89999771118164
1791344807.6420264,11519.218369633,5.842000000000286,0.02000000000000668,0.0,0.025964953001675894,left_hip_pitch_joint,0.5581749677658081,10.174455642700195,3.59043025970459,0.7194162011146545,0.7194162011146545,0.0,-25.57366180419922,-25.57366180419922,133.0
1791344807.6420264,11519.218376139,5.842000000000286,0.02000000000000668,0.0,0.025964953001675894,right_hip_pitch_joint,0.039512258023023605,-9.77333927154541,-2.7283177375793457,-0.9866458177566528,-0.8315788507461548,0.15506696701049805,-167.11474609375,-133.0,133.0
1791344807.666517,11519.242750687,5.862000000000292,0.02000000000000668,0.0,0.02559692599970731,left_ankle_pitch_joint,0.8736167550086975,-1.4176372289657593,5.291811466217041,1.1287891864776611,1.1287891864776611,0.0,17.43680191040039,17.43680191040039,39.89999771118164
1791344807.666517,11519.242810491,5.862000000000292,0.02000000000000668,0.0,0.02559692599970731,right_ankle_pitch_joint,-0.6291109919548035,-13.171594619750977,2.5195977687835693,0.3802914023399353,-0.29340091347694397,0.6736923456192017,80.321533203125,39.89999771118164,39.89999771118164
1791344807.666517,11519.2428199,5.862000000000292,0.02000000000000668,0.0,0.02559692599970731,left_ankle_roll_joint,-0.010315430350601673,0.4504458010196686,-2.894258737564087,-0.7814499139785767,-0.6640542149543762,0.11739569902420044,-46.94374084472656,-39.899993896484375,39.89999771118164
1791344807.666517,11519.242827037,5.862000000000292,0.02000000000000668,0.0,0.02559692599970731,right_ankle_roll_joint,-0.3517356812953949,6.810207366943359,-2.8763506412506104,-0.7766147255897522,-0.7766147255897522,0.0,-35.70805358886719,-35.70805358886719,39.89999771118164
1791344807.666517,11519.242838488,5.862000000000292,0.02000000000000668,0.0,0.02559692599970731,left_hip_pitch_joint,0.6581237316131592,-0.6941389441490173,2.6379406452178955,0.4622439742088318,0.4622439742088318,0.0,-38.928714752197266,-38.928714752197266,133.0
1791344807.666517,11519.242844736,5.862000000000292,0.02000000000000668,0.0,0.02559692599970731,right_hip_pitch_joint,-0.14099466800689697,-6.261324882507324,-1.0629428625106812,-0.5369945764541626,-0.5369945764541626,0.0,-49.552032470703125,-49.552032470703125,133.0
1791344807.6870484,11519.263282114,5.881000000000299,0.02000000000000668,0.0,0.024968210998849827,left_ankle_pitch_joint,0.7901208400726318,-6.9442644119262695,4.880524158477783,1.0177416801452637,1.0177416801452637,0.0,24.073646545410156,24.073646545410156,39.89999771118164
1791344807.6870484,11519.263328759,5.881000000000299,0.02000000000000668,0.0,0.024968210998849827,right_ankle_pitch_joint,-0.8251579403877258,-8.364995956420898,9.866395950317383,2.363927125930786,-0.36928287148475647,2.7332100868225098,203.89259338378906,39.89999771118164,39.89999771118164
1791344807.6870484,11519.263338124,5.881000000000299,0.02000000000000668,0.0,0.024968210998849827,left_ankle_roll_joint,-0.01388016901910305,-0.858814537525177,-2.4621694087982178,-0.6647857427597046,-0.6647857427597046,0.0,-37.766109466552734,-37.766109466552734,39.89999771118164
1791344807.6870484,11519.263345483,5.881000000000299,0.02000000000000668,0.0,0.024968210998849827,right_ankle_roll_joint,-0.20753613114356995,8.922722816467285,-3.668748378753662,-0.9905620813369751,-0.6494680047035217,0.34109407663345337,-60.36564636230469,-39.89999771118164,39.89999771118164
1791344807.6870484,11519.263352309,5.881000000000299,0.02000000000000668,0.0,0.024968210998849827,left_hip_pitch_joint,0.5766693949699402,-6.914915084838867,-0.48161059617996216,-0.380034863948822,-0.21646463871002197,0.16357022523880005,-168.98544311523438,-133.0,133.0
1791344807.6870484,11519.263359356,5.881000000000299,0.02000000000000668,0.0,0.024968210998849827,right_hip_pitch_joint,-0.2466021031141281,-5.933180809020996,2.5036120414733887,0.4259752631187439,0.19612932205200195,0.22984594106674194,183.56610107421875,133.0,133.0
1791344807.7075214,11519.283756605,5.895000000000303,0.02000000000000668,0.0,0.024968210998849827,left_ankle_pitch_joint,0.6708542704582214,-8.291275024414062,4.880524158477783,1.0177416801452637,1.0177416801452637,0.0,33.25015640258789,33.25015640258789,39.89999771118164
1791344807.7075214,11519.283815533,5.895000000000303,0.02000000000000668,0.0,0.024968210998849827,right_ankle_pitch_joint,-0.9312224388122559,-5.906556606292725,9.866395950317383,2.363927125930786,-0.4138863682746887,2.77781343460083,206.5688018798828,39.900001525878906,39.89999771118164
1791344807.7075214,11519.28382796,5.895000000000303,0.02000000000000668,0.0,0.024968210998849827,left_ankle_roll_joint,-0.03698107227683067,-2.135981559753418,-2.4621694087982178,-0.6647857427597046,-0.6647857427597046,0.0,-34.46430969238281,-34.46430969238281,39.89999771118164
1791344807.7075214,11519.283836966,5.895000000000303,0.02000000000000668,0.0,0.024968210998849827,right_ankle_roll_joint,-0.0896063968539238,6.901638984680176,-3.668748378753662,-0.9905620813369751,-0.5820653438568115,0.4084967374801636,-64.40980529785156,-39.899993896484375,39.89999771118164
1791344807.7075214,11519.283845365,5.895000000000303,0.02000000000000668,0.0,0.024968210998849827,left_hip_pitch_joint,0.451936811208725,-9.524659156799316,-0.48161059617996216,-0.380034863948822,-0.380034863948822,0.0,-125.88581085205078,-125.88581085205078,133.0
1791344807.7075214,11519.283853826,5.895000000000303,0.02000000000000668,0.0,0.024968210998849827,right_hip_pitch_joint,-0.3352274000644684,-5.744495868682861,2.5036120414733887,0.4259752631187439,0.11264997720718384,0.31332528591156006,201.93157958984375,133.0,133.0
1791344807.7275743,11519.303808066,5.908000000000308,0.02000000000000668,0.0,0.027062431001468212,left_ankle_pitch_joint,0.5703819990158081,-7.276436805725098,3.58638858795166,0.6683249473571777,0.6683249473571777,0.0,16.79123306274414,16.79123306274414,39.89999771118164
1791344807.7275743,11519.303884456,5.908000000000308,0.02000000000000668,0.0,0.027062431001468212,right_ankle_pitch_joint,-0.9952163696289062,-4.057715892791748,15.73328971862793,3.947988271713257,-0.4316593408584595,4.379647731781006,302.6788635253906,39.89999771118164,39.89999771118164
1791344807.7275743,11519.30389575,5.908000000000308,0.02000000000000668,0.0,0.027062431001468212,left_ankle_roll_joint,-0.07167308032512665,-3.0356860160827637,-1.7054443359375,-0.4604699909687042,-0.4604699909687042,0.0,-18.774288177490234,-18.774288177490234,39.89999771118164
1791344807.7275743,11519.303904126,5.908000000000308,0.02000000000000668,0.0,0.027062431001468212,right_ankle_roll_joint,-0.0121077261865139,5.103623390197754,-3.997157335281372,-1.0792325735092163,-0.5495172142982483,0.529715359210968,-71.68292236328125,-39.900001525878906,39.89999771118164
1791344807.7275743,11519.303912284,5.908000000000308,0.02000000000000668,0.0,0.027062431001468212,left_hip_pitch_joint,0.31494054198265076,-11.035451889038086,-3.381176471710205,-1.1629176139831543,-0.5905717611312866,0.5723458528518677,-258.9161071777344,-133.0,133.0
1791344807.7275743,11519.303920231,5.908000000000308,0.02000000000000668,0.0,0.027062431001468212,right_hip_pitch_joint,-0.41399961709976196,-6.310164451599121,5.552746772766113,1.2492417097091675,0.018450438976287842,1.2307913303375244,403.77410888671875,133.0,133.0
1791344807.7486176,11519.324851583,5.924000000000313,0.02000000000000668,0.0,0.027947593998760567,left_ankle_pitch_joint,0.459636926651001,-6.555844783782959,1.9804986715316772,0.2347346544265747,0.2347346544265747,0.0,-3.660369873046875,-3.660369873046875,39.89999771118164
1791344807.7486176,11519.324926166,5.924000000000313,0.02000000000000668,0.0,0.027947593998760567,right_ankle_pitch_joint,-1.0150341987609863,0.7808833718299866,18.16061782836914,4.603366851806641,-0.3305121660232544,4.9338788986206055,335.9327392578125,39.89999771118164,39.89999771118164
1791344807.7486176,11519.324935598,5.924000000000313,0.02000000000000668,0.0,0.027947593998760567,left_ankle_roll_joint,-0.12566903233528137,-3.6608214378356934,-1.2373071908950806,-0.33407294750213623,-0.33407294750213623,0.0,-7.013003349304199,-7.013003349304199,39.89999771118164
1791344807.7486176,11519.324942229,5.924000000000313,0.02000000000000668,0.0,0.027947593998760567,right_ankle_roll_joint,0.014179103076457977,-0.9128432869911194,-3.7596871852874756,-1.0151156187057495,-0.6736419200897217,0.34147369861602783,-60.3884162902832,-39.899993896484375,39.89999771118164
1791344807.7486176,11519.324948761,5.924000000000313,0.02000000000000668,0.0,0.027947593998760567,left_hip_pitch_joint,0.14114859700202942,-10.506885528564453,-5.455816745758057,-1.7230706214904785,-0.749948263168335,0.9731223583221436,-347.0869140625,-133.0,133.0
1791344807.7486176,11519.324954845,5.924000000000313,0.02000000000000668,0.0,0.027947593998760567,right_hip_pitch_joint,-0.5184798836708069,-6.698474407196045,7.6396284103393555,1.812699794769287,-0.09662008285522461,1.9093198776245117,553.0503540039062,133.0,133.0
1791344807.7758198,11519.352054225,5.942000000000319,0.02000000000000668,0.0,0.02419404600004782,left_ankle_pitch_joint,0.33470192551612854,-6.504461288452148,0.7630303502082825,-0.0939818024635315,-0.0939818024635315,0.0,-15.96433162689209,-15.96433162689209,39.89999771118164
1791344807.7758198,11519.352106819,5.942000000000319,0.02000000000000668,0.0,0.02419404600004782,right_ankle_pitch_joint,-0.9902487397193909,1.8439140319824219,18.684574127197266,4.744834899902344,-0.27915090322494507,5.023985862731934,341.3391418457031,39.900001525878906,39.89999771118164
1791344807.7758198,11519.352117475,5.942000000000319,0.02000000000000668,0.0,0.02419404600004782,left_ankle_roll_joint,-0.19862043857574463,-3.991131067276001,-1.034367561340332,-0.27927926182746887,-0.27927926182746887,0.0,1.1471672058105469,1.1471672058105469,39.89999771118164
1791344807.7758198,11519.352124378,5.942000000000319,0.02000000000000668,0.0,0.02419404600004782,right_ankle_roll_joint,-0.017782310023903847,-2.437520742416382,-3.5793519020080566,-0.9664250612258911,-0.743720293045044,0.22270476818084717,-53.26228332519531,-39.89999771118164,39.89999771118164
1791344807.7758198,11519.352143767,5.942000000000319,0.02000000000000668,0.0,0.02419404600004782,left_hip_pitch_joint,-0.042627498507499695,-8.993914604187012,-6.416183948516846,-1.9823697805404663,-0.8924615383148193,1.089908242225647,-372.77984619140625,-133.0,133.0
1791344807.7758198,11519.352151,5.942000000000319,0.02000000000000668,0.0,0.02419404600004782,right_hip_pitch_joint,-0.6367479562759399,-5.50242805480957,8.453376770019531,2.032411813735962,-0.18226873874664307,2.2146806716918945,620.229736328125,133.0,133.0
1791344807.8014886,11519.377722084,5.962000000000326,0.02000000000000668,0.0,0.028807185000914615,left_ankle_pitch_joint,0.20887282490730286,-6.66603946685791,1.095147728919983,-0.004310101270675659,-0.004310101270675659,0.0,-2.7919158935546875,-2.7919158935546875,39.89999771118164
1791344807.8014886,11519.377755557,5.962000000000326,0.02000000000000668,0.0,0.028807185000914615,right_ankle_pitch_joint,-0.939989447593689,3.500426769256592,18.172868728637695,4.606674671173096,-0.18747878074645996,4.794153213500977,327.5492248535156,39.89999771118164,39.89999771118164
1791344807.8014886,11519.377763778,5.962000000000326,0.02000000000000668,0.0,0.028807185000914615,left_ankle_roll_joint,-0.27571016550064087,-4.098585605621338,-1.172206997871399,-0.3164958953857422,-0.3164958953857422,0.0,3.700734853744507,3.700734853744507,39.89999771118164
1791344807.8014886,11519.377770292,5.962000000000326,0.02000000000000668,0.0,0.028807185000914615,right_ankle_roll_joint,-0.08263000845909119,-4.366775989532471,-3.863844156265259,-1.0432379245758057,-0.8567993640899658,0.18643856048583984,-51.08631134033203,-39.89999771118164,39.89999771118164
1791344807.8014886,11519.377776732,5.962000000000326,0.02000000000000668,0.0,0.028807185000914615,left_hip_pitch_joint,-0.21245430409908295,-9.252219200134277,-6.767909526824951,-2.0773355960845947,-1.0693329572677612,1.0080026388168335,-354.7605895996094,-133.0,133.0
1791344807.8014886,11519.377783078,5.962000000000326,0.02000000000000668,0.0,0.028807185000914615,right_hip_pitch_joint,-0.7109546661376953,-2.1130990982055664,8.397781372070312,2.0174009799957275,-0.16403919458389282,2.1814401149749756,612.9168090820312,133.0,133.0
1791344807.8295803,11519.405813673,5.982000000000332,0.02000000000000668,0.0,0.026175409999268595,left_ankle_pitch_joint,0.07410785555839539,-6.0837836265563965,1.5585147142410278,0.1207989752292633,0.1207989752292633,0.0,11.927142143249512,11.927142143249512,39.89999771118164
1791344807.8295803,11519.405848568,5.982000000000332,0.02000000000000668,0.0,0.026175409999268595,right_ankle_pitch_joint,-0.8380820751190186,6.2762675285339355,16.091413497924805,4.044681549072266,-0.016175389289855957,4.060856819152832,283.5514221191406,39.89999771118164,39.89999771118164
1791344807.8295803,11519.405857414,5.982000000000332,0.02000000000000668,0.0,0.026175409999268595,left_ankle_roll_joint,-0.3620874583721161,-4.109461784362793,-1.5620449781417847,-0.4217521548271179,-0.4217521548271179,0.0,2.584311008453369,2.584311008453369,39.89999771118164
1791344807.8295803,11519.40586385,5.982000000000332,0.02000000000000668,0.0,0.026175409999268595,right_ankle_roll_joint,-0.19711503386497498,-6.347720146179199,-3.48132061958313,-0.9399566054344177,-0.9399566054344177,0.0,-35.04891586303711,-35.04891586303711,39.89999771118164
1791344807.8295803,11519.40586998,5.982000000000332,0.02000000000000668,0.0,0.026175409999268595,left_hip_pitch_joint,-0.41002026200294495,-9.32753849029541,-6.016615390777588,-1.8744862079620361,-1.2689532041549683,0.6055330038070679,-266.21728515625,-133.00003051757812,133.0
1791344807.8295803,11519.405876229,5.982000000000332,0.02000000000000668,0.0,0.026175409999268595,right_hip_pitch_joint,-0.6989280581474304,3.2737629413604736,6.861579895019531,1.6026266813278198,-0.005098164081573486,1.607724905014038,486.699462890625,133.0,133.0
1791344807.8575566,11519.433790316,6.002000000000339,0.02000000000000668,0.0,0.027807341999505297,left_ankle_pitch_joint,-0.03580047935247421,-4.899785995483398,2.2703981399536133,0.31300753355026245,0.31300753355026245,0.0,28.278160095214844,28.278160095214844,39.89999771118164
1791344807.8575566,11519.433830531,6.002000000000339,0.02000000000000668,0.0,0.027807341999505297,right_ankle_pitch_joint,-0.6861018538475037,8.741090774536133,12.650274276733398,3.1155741214752197,0.19742536544799805,2.9181487560272217,214.98892211914062,39.89999771118164,39.89999771118164
1791344807.8575566,11519.433841803,6.002000000000339,0.02000000000000668,0.0,0.027807341999505297,left_ankle_roll_joint,-0.44450682401657104,-4.029444217681885,-1.666770577430725,-0.45002806186676025,-0.45002806186676025,0.0,5.712892532348633,5.712892532348633,39.89999771118164
1791344807.8575566,11519.433850044,6.002000000000339,0.02000000000000668,0.0,0.027807341999505297,right_ankle_roll_joint,-0.3454686999320984,-8.332035064697266,-2.682512044906616,-0.7242782711982727,-0.7242782711982727,0.0,-10.230522155761719,-10.230522155761719,39.89999771118164
1791344807.8575566,11519.433857811,6.002000000000339,0.02000000000000668,0.0,0.027807341999505297,left_hip_pitch_joint,-0.6037344336509705,-9.68990421295166,-4.5389018058776855,-1.4755035638809204,-1.4725499153137207,0.002953648567199707,-133.6497802734375,-132.99996948242188,133.0
1791344807.8575566,11519.433865641,6.002000000000339,0.02000000000000668,0.0,0.027807341999505297,right_hip_pitch_joint,-0.5679667592048645,9.677666664123535,4.537520885467529,0.9751306772232056,0.3005151152610779,0.6746155619621277,281.4154357910156,133.0,133.0
1791344807.8780396,11519.454273481,6.021000000000345,0.02000000000000668,0.0,0.029036167999947793,left_ankle_pitch_joint,-0.11364895105361938,-3.416527509689331,3.2782158851623535,0.585118293762207,0.46593785285949707,0.11918044090270996,47.05082321166992,39.89999771118164,39.89999771118164
1791344807.8780396,11519.454338437,6.021000000000345,0.02000000000000668,0.0,0.029036167999947793,right_ankle_pitch_joint,-0.5061922669410706,9.638641357421875,6.939507484436035,1.573667049407959,0.3997737169265747,1.1738933324813843,110.3335952758789,39.89999771118164,39.89999771118164
1791344807.8780396,11519.454347032,6.021000000000345,0.02000000000000668,0.0,0.029036167999947793,left_ankle_roll_joint,-0.4969806373119354,-1.0717530250549316,-1.4719116687774658,-0.3974161744117737,-0.3974161744117737,0.0,7.5814971923828125,7.5814971923828125,39.89999771118164
1791344807.8780396,11519.454353735,6.021000000000345,0.02000000000000668,0.0,0.029036167999947793,right_ankle_roll_joint,-0.5134626626968384,-8.725312232971191,-1.6775636672973633,-0.45294222235679626,-0.45294222235679626,0.0,16.719196319580078,16.719196319580078,39.89999771118164
1791344807.8780396,11519.454359807,6.021000000000345,0.02000000000000668,0.0,0.029036167999947793,left_hip_pitch_joint,-0.7750930190086365,-8.221883773803711,-2.239528179168701,-0.8546726107597351,-0.8546726107597351,0.0,31.82379150390625,31.82379150390625,133.0
1791344807.8780396,11519.454366493,6.021000000000345,0.02000000000000668,0.0,0.029036167999947793,right_hip_pitch_joint,-0.31664547324180603,15.94760513305664,0.6583750247955322,-0.0722387433052063,-0.0722387433052063,0.0,-41.9161491394043,-41.9161491394043,133.0
1791344807.8998866,11519.476120194,6.037000000000351,0.02000000000000668,0.0,0.029036167999947793,left_ankle_pitch_joint,-0.14828354120254517,-2.165748119354248,3.2782158851623535,0.585118293762207,0.46257269382476807,0.12254559993743896,47.25273132324219,39.89999771118164,39.89999771118164
1791344807.8998866,11519.476161079,6.037000000000351,0.02000000000000668,0.0,0.029036167999947793,right_ankle_pitch_joint,-0.39806556701660156,8.307493209838867,6.939507484436035,1.573667049407959,0.4746217131614685,1.0990452766418457,105.84271240234375,39.89999771118164,39.89999771118164
1791344807.8998866,11519.476170445,6.037000000000351,0.02000000000000668,0.0,0.029036167999947793,left_ankle_roll_joint,-0.49343806505203247,1.4331088066101074,-1.4719116687774658,-0.3974161744117737,-0.3974161744117737,0.0,3.611650228500366,3.611650228500366,39.89999771118164
1791344807.8998866,11519.476294062,6.037000000000351,0.02000000000000668,0.0,0.029036167999947793,right_ankle_roll_joint,-0.6005722284317017,-5.59307336807251,-1.6775636672973633,-0.45294222235679626,-0.45294222235679626,0.0,17.24740982055664,17.24740982055664,39.89999771118164
1791344807.8998866,11519.476305334,6.037000000000351,0.02000000000000668,0.0,0.029036167999947793,left_hip_pitch_joint,-0.8632926344871521,-5.849637985229492,-2.239528179168701,-0.8546726107597351,-0.8546726107597351,0.0,36.994232177734375,36.994232177734375,133.0
1791344807.8998866,11519.476312954,6.037000000000351,0.02000000000000668,0.0,0.029036167999947793,right_hip_pitch_joint,-0.13376152515411377,13.152281761169434,0.6583750247955322,-0.0722387433052063,-0.0722387433052063,0.0,-65.37867736816406,-65.37867736816406,133.0
1791344807.9199152,11519.496149207,6.050000000000355,0.02000000000000668,0.0,0.026351490001616185,left_ankle_pitch_joint,-0.15312546491622925,0.49835488200187683,3.858203411102295,0.7417148947715759,0.5243333578109741,0.2173815369606018,52.94289016723633,39.89999771118164,39.89999771118164
1791344807.9199152,11519.496225048,6.050000000000355,0.02000000000000668,0.0,0.026351490001616185,right_ankle_pitch_joint,-0.2884387969970703,6.545976638793945,1.4369724988937378,0.08798256516456604,0.08798256516456604,0.0,12.766316413879395,12.766316413879395,39.89999771118164
1791344807.9199152,11519.496236538,6.050000000000355,0.02000000000000668,0.0,0.026351490001616185,left_ankle_roll_joint,-0.4530888795852661,2.9991817474365234,-1.9285252094268799,-0.5207018256187439,-0.5207018256187439,0.0,-8.555549621582031,-8.555549621582031,39.89999771118164
1791344807.9199152,11519.496244261,6.050000000000355,0.02000000000000668,0.0,0.026351490001616185,right_ankle_roll_joint,-0.6327530741691589,1.2775933742523193,-1.9351752996444702,-0.5224973559379578,-0.5224973559379578,0.0,4.698953151702881,4.698953151702881,39.89999771118164
1791344807.9199152,11519.496251029,6.050000000000355,0.02000000000000668,0.0,0.026351490001616185,left_hip_pitch_joint,-0.9159303307533264,-2.545804023742676,-0.7693138122558594,-0.4577147364616394,-0.4577147364616394,0.0,116.08226013183594,116.08226013183594,133.0
1791344807.9199152,11519.496259645,6.050000000000355,0.02000000000000668,0.0,0.026351490001616185,right_hip_pitch_joint,0.007405417039990425,7.316567897796631,-1.3951560258865356,-0.6266921758651733,-0.3975972533226013,0.22909492254257202,-183.40087890625,-133.0,133.0
1791344807.9413354,11519.517569089,6.062000000000359,0.02000000000000668,0.0,0.027072718999988865,left_ankle_pitch_joint,-0.13697057962417603,1.7501590251922607,3.3818297386169434,0.6130940318107605,0.5717833638191223,0.041310667991638184,42.378639221191406,39.900001525878906,39.89999771118164
1791344807.9413354,11519.517620667,6.062000000000359,0.02000000000000668,0.0,0.027072718999988865,right_ankle_pitch_joint,-0.19957663118839264,6.578985691070557,-3.5336804389953613,-1.2540937662124634,-0.700101912021637,0.5539918541908264,-73.13951110839844,-39.899993896484375,39.89999771118164
1791344807.9413354,11519.517629758,6.062000000000359,0.02000000000000668,0.0,0.027072718999988865,left_ankle_roll_joint,-0.41442039608955383,2.5502536296844482,-2.8874735832214355,-0.7796179056167603,-0.7796179056167603,0.0,-25.73723030090332,-25.73723030090332,39.89999771118164
1791344807.9413354,11519.517636541,6.062000000000359,0.02000000000000668,0.0,0.027072718999988865,right_ankle_roll_joint,-0.5658990144729614,7.428223133087158,-3.3305160999298096,-0.8992393612861633,-0.8992393612861633,0.0,-31.142757415771484,-31.142757415771484,39.89999771118164
1791344807.9413354,11519.517642708,6.062000000000359,0.02000000000000668,0.0,0.027072718999988865,left_hip_pitch_joint,-0.9369709491729736,-0.41622230410575867,-0.2395327091217041,-0.31467384099960327,-0.34377700090408325,0.02910315990447998,139.40269470214844,133.0,133.0
1791344807.9413354,11519.517648861,6.062000000000359,0.02000000000000668,0.0,0.027072718999988865,right_hip_pitch_joint,0.09471630305051804,5.4355363845825195,-1.998464584350586,-0.7895854711532593,-0.3615872263908386,0.42799824476242065,-227.15960693359375,-133.0,133.0
1791344807.9661179,11519.542351357,6.082000000000366,0.02000000000000668,0.0,0.029427467999994406,left_ankle_pitch_joint,-0.08264492452144623,3.5595192909240723,2.9645028114318848,0.5004158020019531,0.5004158020019531,0.0,29.644363403320312,29.644363403320312,39.89999771118164
1791344807.9661179,11519.542384112,6.082000000000366,0.02000000000000668,0.0,0.029427467999994406,right_ankle_pitch_joint,-0.06574812531471252,6.6522111892700195,-8.343652725219727,-2.552786350250244,-0.5644428133964539,1.9883434772491455,-159.2006072998047,-39.89999771118164,39.89999771118164
1791344807.9661179,11519.542392707,6.082000000000366,0.02000000000000668,0.0,0.029427467999994406,left_ankle_roll_joint,-0.37934768199920654,1.0242923498153687,-3.5668997764587402,-0.9630630016326904,-0.9630630016326904,0.0,-36.559356689453125,-36.559356689453125,39.89999771118164
1791344807.9661179,11519.54239931,6.082000000000366,0.02000000000000668,0.0,0.029427467999994406,right_ankle_roll_joint,-0.40269774198532104,7.439574718475342,-4.105621337890625,-1.1085177659988403,-0.8817082643508911,0.22680950164794922,-53.50856399536133,-39.899993896484375,39.89999771118164
1791344807.9661179,11519.542405871,6.082000000000366,0.02000000000000668,0.0,0.029427467999994406,left_hip_pitch_joint,-0.8874796032905579,4.791482448577881,0.344391793012619,-0.15701422095298767,-0.15701422095298767,0.0,131.9534912109375,131.9534912109375,133.0
1791344807.9661179,11519.542411915,6.082000000000366,0.02000000000000668,0.0,0.029427467999994406,right_hip_pitch_joint,0.19077032804489136,3.9103758335113525,-2.81050968170166,-1.0088376998901367,-0.3071284890174866,0.7017092108726501,-287.37603759765625,-133.0,133.0
1791344807.9952648,11519.571498592,6.1020000000003725,0.02000000000000668,0.0,0.02477209299831884,left_ankle_pitch_joint,-0.004020861815661192,4.553321838378906,4.707828044891357,0.9711136221885681,0.7748121619224548,0.19630146026611328,51.67808532714844,39.89999771118164,39.89999771118164
1791344807.9952648,11519.571541493,6.1020000000003725,0.02000000000000668,0.0,0.02477209299831884,right_ankle_pitch_joint,0.05085781216621399,5.5618977546691895,-10.99919319152832,-3.269782304763794,-0.4750947058200836,2.794687509536743,-207.5812530517578,-39.89999771118164,39.89999771118164
1791344807.9952648,11519.571552256,6.1020000000003725,0.02000000000000668,0.0,0.02477209299831884,left_ankle_roll_joint,-0.37811481952667236,-0.7637736201286316,-2.989222526550293,-0.8070901036262512,-0.8070901036262512,0.0,-24.592857360839844,-24.592857360839844,39.89999771118164
1791344807.9952648,11519.571560912,6.1020000000003725,0.02000000000000668,0.0,0.02477209299831884,right_ankle_roll_joint,-0.2859381139278412,4.983737945556641,-4.08499813079834,-1.1029495000839233,-0.8263446092605591,0.27660489082336426,-56.49629211425781,-39.899993896484375,39.89999771118164
1791344807.9952648,11519.571569229,6.1020000000003725,0.02000000000000668,0.0,0.02477209299831884,left_hip_pitch_joint,-0.7566094398498535,8.428305625915527,1.814990758895874,0.24004751443862915,0.07779884338378906,0.1622486710548401,168.6947021484375,133.0,133.0
1791344807.9952648,11519.571579039,6.1020000000003725,0.02000000000000668,0.0,0.02477209299831884,right_hip_pitch_joint,0.24195167422294617,1.284059762954712,-3.7221925258636475,-1.2549920082092285,-0.3275739848613739,0.9274179935455322,-337.0319519042969,-133.0,133.0
1791344808.0222366,11519.598470404,6.122000000000379,0.02000000000000668,0.0,0.028204627000377513,left_ankle_pitch_joint,0.09847971051931381,5.632237434387207,6.574127674102783,1.4750144481658936,0.9042856097221375,0.5707288384437561,74.14372253417969,39.89999771118164,39.89999771118164
1791344808.0222366,11519.598537318,6.122000000000379,0.02000000000000668,0.0,0.028204627000377513,right_ankle_pitch_joint,0.14346592128276825,3.7353675365448,-11.370077133178711,-3.3699209690093994,-0.42814987897872925,2.9417710304260254,-216.40628051757812,-39.89999771118164,39.89999771118164
1791344808.0222366,11519.598558437,6.122000000000379,0.02000000000000668,0.0,0.028204627000377513,left_ankle_roll_joint,-0.4049300253391266,-1.7282671928405762,-2.501636266708374,-0.6754418015480042,-0.6754418015480042,0.0,-13.638306617736816,-13.638306617736816,39.89999771118164
1791344808.0222366,11519.598568094,6.122000000000379,0.02000000000000668,0.0,0.028204627000377513,right_ankle_roll_joint,-0.2121909111738205,2.54362416267395,-3.2365450859069824,-0.8738672137260437,-0.8136002421379089,0.060266971588134766,-43.516014099121094,-39.89999771118164,39.89999771118164
1791344808.0222366,11519.598577603,6.122000000000379,0.02000000000000668,0.0,0.028204627000377513,left_hip_pitch_joint,-0.527218222618103,14.344850540161133,2.7835206985473633,0.5015506148338318,0.468550443649292,0.033000171184539795,140.26002502441406,133.0,133.0
1791344808.0222366,11519.598612721,6.122000000000379,0.02000000000000668,0.0,0.028204627000377513,right_hip_pitch_joint,0.255719929933548,0.04560770094394684,-4.314641952514648,-1.414953351020813,-0.347581684589386,1.0673716068267822,-367.82177734375,-133.00001525878906,133.0
1791344808.0496879,11519.62592118,6.142000000000386,0.02000000000000668,0.0,0.027955044999544043,left_ankle_pitch_joint,0.22787483036518097,6.59994649887085,7.333763122558594,1.6801161766052246,1.0578734874725342,0.6222426891326904,77.23455810546875,39.900001525878906,39.89999771118164
1791344808.0496879,11519.625958964,6.142000000000386,0.02000000000000668,0.0,0.027955044999544043,right_ankle_pitch_joint,0.19923357665538788,1.674478530883789,-10.206290245056152,-3.0556983947753906,-0.4239044189453125,2.631793975830078,-197.80763244628906,-39.89999771118164,39.89999771118164
1791344808.0496879,11519.625967844,6.142000000000386,0.02000000000000668,0.0,0.027955044999544043,left_ankle_roll_joint,-0.4428410828113556,-1.7483179569244385,-2.671070098876953,-0.7211889624595642,-0.7211889624595642,0.0,-14.07839584350586,-14.07839584350586,39.89999771118164
1791344808.0496879,11519.625974988,6.142000000000386,0.02000000000000668,0.0,0.027955044999544043,right_ankle_roll_joint,-0.1852015107870102,0.16858185827732086,-2.309844732284546,-0.6236581206321716,-0.6236581206321716,0.0,-26.56026840209961,-26.56026840209961,39.89999771118164
1791344808.0496879,11519.625981451,6.142000000000386,0.02000000000000668,0.0,0.027955044999544043,left_hip_pitch_joint,-0.15709173679351807,19.800308227539062,3.662792444229126,0.7389540076255798,0.7389540076255798,0.0,78.32821655273438,78.32821655273438,133.0
1791344808.0496879,11519.625988233,6.142000000000386,0.02000000000000668,0.0,0.027955044999544043,right_hip_pitch_joint,0.24137051403522491,-1.6926391124725342,-4.318376064300537,-1.4159616231918335,-0.4093378782272339,1.0066237449645996,-354.4572448730469,-133.0,133.0
1791344808.0698647,11519.646098414,6.160000000000392,0.02000000000000668,0.0,0.027955044999544043,left_ankle_pitch_joint,0.3432674705982208,3.672093391418457,7.333763122558594,1.6801161766052246,1.1000697612762451,0.5800464153289795,74.7027816772461,39.89999771118164,39.89999771118164
1791344808.0698647,11519.646141347,6.160000000000392,0.02000000000000668,0.0,0.027955044999544043,right_ankle_pitch_joint,0.2137385457754135,0.04419954493641853,-10.206290245056152,-3.0556983947753906,-0.45015639066696167,2.605541944503784,-196.23251342773438,-39.89999771118164,39.89999771118164
1791344808.0698647,11519.646150173,6.160000000000392,0.02000000000000668,0.0,0.027955044999544043,left_ankle_roll_joint,-0.4545252323150635,3.6926980018615723,-2.671070098876953,-0.7211889624595642,-0.7211889624595642,0.0,-21.53887176513672,-21.53887176513672,39.89999771118164
1791344808.0698647,11519.646157493,6.160000000000392,0.02000000000000668,0.0,0.027955044999544043,right_ankle_roll_joint,-0.19474077224731445,-1.093058466911316,-2.309844732284546,-0.6236581206321716,-0.6236581206321716,0.0,-24.0954532623291,-24.0954532623291,39.89999771118164
1791344808.0698647,11519.646163225,6.160000000000392,0.02000000000000668,0.0,0.027955044999544043,left_hip_pitch_joint,0.23218859732151031,22.42823028564453,3.662792444229126,0.7389540076255798,0.7389540076255798,0.0,-23.08098602294922,-23.08098602294922,133.0
1791344808.0698647,11519.64617804,6.160000000000392,0.02000000000000668,0.0,0.027955044999544043,right_hip_pitch_joint,0.23686666786670685,0.816197395324707,-4.318376064300537,-1.4159616231918335,-0.34541887044906616,1.070542812347412,-368.5194091796875,-133.0,133.0
1791344808.0906553,11519.666888931,6.1740000000003965,0.02000000000000668,0.0,0.02933731700068165,left_ankle_pitch_joint,0.39828380942344666,4.082579612731934,5.6331706047058105,1.2209560871124268,1.1653482913970947,0.05560779571533203,43.23646545410156,39.89999771118164,39.89999771118164
1791344808.0906553,11519.666933755,6.1740000000003965,0.02000000000000668,0.0,0.02933731700068165,right_ankle_pitch_joint,0.20578527450561523,-1.0617085695266724,-8.263294219970703,-2.5310895442962646,-0.48575741052627563,2.045332193374634,-162.61993408203125,-39.89999771118164,39.89999771118164
1791344808.0906553,11519.666945199,6.1740000000003965,0.02000000000000668,0.0,0.02933731700068165,left_ankle_roll_joint,-0.4027807116508484,3.7061996459960938,-3.9529521465301514,-1.067297101020813,-0.9751256704330444,0.09217143058776855,-45.43028259277344,-39.89999771118164,39.89999771118164
1791344808.0906553,11519.666954514,6.1740000000003965,0.02000000000000668,0.0,0.02933731700068165,right_ankle_roll_joint,-0.21475665271282196,-1.652620553970337,-1.7327183485031128,-0.4678339660167694,-0.4678339660167694,0.0,-12.705709457397461,-12.705709457397461,39.89999771118164
1791344808.0906553,11519.666962741,6.1740000000003965,0.02000000000000668,0.0,0.02933731700068165,left_hip_pitch_joint,0.518822431564331,17.93512725830078,2.895832061767578,0.5318747162818909,0.5318747162818909,0.0,-104.7392578125,-104.7392578125,133.0
1791344808.0906553,11519.666971314,6.1740000000003965,0.02000000000000668,0.0,0.02933731700068165,right_hip_pitch_joint,0.24698582291603088,0.35012051463127136,-3.536712884902954,-1.204912543296814,-0.3480108678340912,0.8569016456604004,-321.5183410644531,-133.0,133.0
1791344808.1109197,11519.687153176,6.187000000000401,0.02000000000000668,0.0,0.028282911000133026,left_ankle_pitch_joint,0.4521254003047943,3.883327007293701,-0.29029715061187744,-0.3783802390098572,-0.1157914400100708,0.2625887989997864,-55.65532684326172,-39.900001525878906,39.89999771118164
1791344808.1109197,11519.687176116,6.187000000000401,0.02000000000000668,0.0,0.028282911000133026,right_ankle_pitch_joint,0.1851036548614502,-2.0441789627075195,-7.307476997375488,-2.2730188369750977,-0.5310007929801941,1.7420179843902588,-144.42108154296875,-39.89999771118164,39.89999771118164
1791344808.1109197,11519.687184308,6.187000000000401,0.02000000000000668,0.0,0.028282911000133026,left_ankle_roll_joint,-0.355038046836853,3.3700180053710938,-4.324294090270996,-1.1675595045089722,-0.935787558555603,0.23177194595336914,-53.80631637573242,-39.89999771118164,39.89999771118164
1791344808.1109197,11519.687191023,6.187000000000401,0.02000000000000668,0.0,0.028282911000133026,right_ankle_roll_joint,-0.23931141197681427,-2.1394968032836914,-2.247095823287964,-0.6067159175872803,-0.6067159175872803,0.0,-18.835025787353516,-18.835025787353516,39.89999771118164
1791344808.1109197,11519.687197131,6.187000000000401,0.02000000000000668,0.0,0.028282911000133026,left_hip_pitch_joint,0.706680417060852,11.07141399383545,2.307262897491455,0.37296098470687866,0.40408259630203247,0.03112161159515381,-139.8467559814453,-133.0,133.0
1791344808.1109197,11519.68720332,6.187000000000401,0.02000000000000668,0.0,0.028282911000133026,right_hip_pitch_joint,0.23766924440860748,-2.0341317653656006,-2.219677209854126,-0.8493128418922424,-0.42235255241394043,0.426960289478302,-226.9312744140625,-133.0,133.0
1791344808.1330736,11519.709307716,6.202000000000406,0.02000000000000668,0.0,0.025941597999917576,left_ankle_pitch_joint,0.4956757724285126,2.431715250015259,-4.7544846534729,-1.5837109088897705,-0.10853135585784912,1.4751795530319214,-128.4107666015625,-39.900001525878906,39.89999771118164
1791344808.1330736,11519.709563456,6.202000000000406,0.02000000000000668,0.0,0.025941597999917576,right_ankle_pitch_joint,0.1486922651529312,-3.0739657878875732,-4.580641269683838,-1.5367732048034668,-0.5931568741798401,0.9436163306236267,-96.51698303222656,-39.900001525878906,39.89999771118164
1791344808.1330736,11519.709591546,6.202000000000406,0.02000000000000668,0.0,0.025941597999917576,left_ankle_roll_joint,-0.3178764581680298,2.043412923812866,-3.2036571502685547,-0.8649874925613403,-0.8649874925613403,0.0,-35.891780853271484,-35.891780853271484,39.89999771118164
1791344808.1330736,11519.70960455,6.202000000000406,0.02000000000000668,0.0,0.025941597999917576,right_ankle_roll_joint,-0.274353563785553,-2.8127784729003906,-3.9749844074249268,-1.073245882987976,-1.0096728801727295,0.06357300281524658,-43.71437072753906,-39.899993896484375,39.89999771118164
1791344808.1330736,11519.709616565,6.202000000000406,0.02000000000000668,0.0,0.025941597999917576,left_hip_pitch_joint,0.7995966076850891,3.024282932281494,1.5945950746536255,0.18054068088531494,0.27753156423568726,0.09699088335037231,-154.3380126953125,-133.0,133.0
1791344808.1330736,11519.709628137,6.202000000000406,0.02000000000000668,0.0,0.025941597999917576,right_hip_pitch_joint,0.17615540325641632,-6.575897216796875,-0.3520531952381134,-0.34505435824394226,-0.34505435824394226,0.0,-75.21076965332031,-75.21076965332031,133.0
1791344808.1619573,11519.738191115,6.2220000000004125,0.02000000000000668,0.0,0.027015151999876252,left_ankle_pitch_joint,0.5215825438499451,0.1379345804452896,-4.726412773132324,-1.5761315822601318,-0.13996905088424683,1.4361624717712402,-126.06975555419922,-39.89999771118164,39.89999771118164
1791344808.1619573,11519.738225519,6.2220000000004125,0.02000000000000668,0.0,0.027015151999876252,right_ankle_pitch_joint,0.0663214698433876,-4.6727399826049805,0.16417399048805237,-0.25567302107810974,-0.25567302107810974,0.0,-12.31056022644043,-12.31056022644043,39.89999771118164
1791344808.1619573,11519.738234338,6.2220000000004125,0.02000000000000668,0.0,0.027015151999876252,left_ankle_roll_joint,-0.2957436740398407,0.16726893186569214,-2.3066563606262207,-0.6227972507476807,-0.6227972507476807,0.0,-19.87411880493164,-19.87411880493164,39.89999771118164
1791344808.1619573,11519.738241383,6.2220000000004125,0.02000000000000668,0.0,0.027015151999876252,right_ankle_roll_joint,-0.35535508394241333,-4.923176288604736,-5.6944804191589355,-1.537509799003601,-1.1434345245361328,0.39407527446746826,-63.54450988769531,-39.900001525878906,39.89999771118164
1791344808.1619573,11519.738248336,6.2220000000004125,0.02000000000000668,0.0,0.027015151999876252,left_hip_pitch_joint,0.7453652024269104,-6.954034805297852,-0.3280433416366577,-0.338571697473526,-0.04883575439453125,0.28973594307899475,-196.74191284179688,-133.0,133.0
1791344808.1619573,11519.738255132,6.2220000000004125,0.02000000000000668,0.0,0.027015151999876252,right_hip_pitch_joint,-0.02333623543381691,-11.713699340820312,2.5709128379821777,0.4441465139389038,0.26174473762512207,0.18240177631378174,173.12840270996094,133.0,133.0
1791344808.1889188,11519.765152534,6.242000000000419,0.02000000000000668,0.0,0.029093139000906376,left_ankle_pitch_joint,0.5141322016716003,-0.5003289580345154,-4.148570537567139,-1.4201140403747559,-0.16337597370147705,1.2567380666732788,-115.30428314208984,-39.89999771118164,39.89999771118164
1791344808.1889188,11519.765205383,6.242000000000419,0.02000000000000668,0.0,0.029093139000906376,right_ankle_pitch_joint,-0.02649114467203617,-4.927993297576904,3.568253993988037,0.6634286046028137,0.5153090357780457,0.14811956882476807,48.78717803955078,39.900001525878906,39.89999771118164
1791344808.1889188,11519.76521666,6.242000000000419,0.02000000000000668,0.0,0.029093139000906376,left_ankle_roll_joint,-0.29664358496665955,-0.038380805402994156,-1.82267165184021,-0.4921213686466217,-0.4921213686466217,0.0,-11.671095848083496,-11.671095848083496,39.89999771118164
1791344808.1889188,11519.765225437,6.242000000000419,0.02000000000000668,0.0,0.029093139000906376,right_ankle_roll_joint,-0.46752822399139404,-6.677529811859131,-5.773177623748779,-1.558758020401001,-1.2994663715362549,0.2592916488647461,-55.457489013671875,-39.899993896484375,39.89999771118164
1791344808.1889188,11519.765292739,6.242000000000419,0.02000000000000668,0.0,0.029093139000906376,left_hip_pitch_joint,0.5720154643058777,-10.182280540466309,-1.894301414489746,-0.7614613771438599,-0.3102285861968994,0.45123279094696045,-232.27120971679688,-133.0,133.0
1791344808.1889188,11519.765303635,6.242000000000419,0.02000000000000668,0.0,0.029093139000906376,right_hip_pitch_joint,-0.2407783567905426,-10.937813758850098,4.598759651184082,0.9916651248931885,0.06546306610107422,0.9262020587921143,336.76446533203125,133.0,133.0
1791344808.21596,11519.792194223,6.262000000000426,0.02000000000000668,0.0,0.02697714699934295,left_ankle_pitch_joint,0.4893726706504822,-2.001275062561035,-4.239080429077148,-1.444551706314087,-0.22565913200378418,1.2188925743103027,-113.03355407714844,-39.89999771118164,39.89999771118164
1791344808.21596,11519.792248286,6.262000000000426,0.02000000000000668,0.0,0.02697714699934295,right_ankle_pitch_joint,-0.11277662962675095,-3.3607873916625977,5.089612007141113,1.074195384979248,0.46820366382598877,0.6059917211532593,76.25950622558594,39.89999771118164,39.89999771118164
1791344808.21596,11519.792257007,6.262000000000426,0.02000000000000668,0.0,0.02697714699934295,left_ankle_roll_joint,-0.3019956648349762,-0.5527088046073914,-2.1776177883148193,-0.5879568457603455,-0.5879568457603455,0.0,-16.3286075592041,-16.3286075592041,39.89999771118164
1791344808.21596,11519.792264935,6.262000000000426,0.02000000000000668,0.0,0.02697714699934295,right_ankle_roll_joint,-0.5688198208808899,-2.2915890216827393,-6.2435712814331055,-1.6857643127441406,-1.291109561920166,0.3946547508239746,-63.57928466796875,-39.900001525878906,39.89999771118164
1791344808.21596,11519.792271919,6.262000000000426,0.02000000000000668,0.0,0.02697714699934295,left_hip_pitch_joint,0.3448930084705353,-11.673636436462402,-2.7053403854370117,-0.9804419279098511,-0.5780243277549744,0.4024176001548767,-221.5318603515625,-133.0,133.0
1791344808.21596,11519.792278741,6.262000000000426,0.02000000000000668,0.0,0.02697714699934295,right_hip_pitch_joint,-0.4600520133972168,-9.860169410705566,4.967937469482422,1.0913431644439697,-0.12442028522491455,1.2157634496688843,400.46795654296875,133.0,133.0
1791344808.2419722,11519.818205789,6.282000000000433,0.02000000000000668,0.0,0.026969435999490088,left_ankle_pitch_joint,0.4319152235984802,-3.890071392059326,-4.978509902954102,-1.644197702407837,-0.3303365111351013,1.3138611316680908,-118.73167419433594,-39.89999771118164,39.89999771118164
1791344808.2419722,11519.818264883,6.282000000000433,0.02000000000000668,0.0,0.026969435999490088,right_ankle_pitch_joint,-0.1691780537366867,-2.6879353523254395,6.024106025695801,1.3265087604522705,0.4286234974861145,0.897885262966156,93.77310943603516,39.89999771118164,39.89999771118164
1791344808.2419722,11519.818274252,6.282000000000433,0.02000000000000668,0.0,0.026969435999490088,left_ankle_roll_joint,-0.3227781653404236,-1.5768098831176758,-2.755749464035034,-0.7440524101257324,-0.7440524101257324,0.0,-22.911239624023438,-22.911239624023438,39.89999771118164
1791344808.2419722,11519.81828132,6.282000000000433,0.02000000000000668,0.0,0.026969435999490088,right_ankle_roll_joint,-0.5584623217582703,2.8065872192382812,-6.856814861297607,-1.8513400554656982,-1.1532976627349854,0.6980423927307129,-81.78254699707031,-39.900001525878906,39.89999771118164
1791344808.2419722,11519.818287778,6.282000000000433,0.02000000000000668,0.0,0.026969435999490088,left_hip_pitch_joint,0.11259251832962036,-12.881009101867676,-3.1828575134277344,-1.109371542930603,-0.8432531952857971,0.2661183476448059,-191.54603576660156,-133.0,133.0
1791344808.2419722,11519.818294022,6.282000000000433,0.02000000000000668,0.0,0.026969435999490088,right_hip_pitch_joint,-0.6329694986343384,-8.505187034606934,4.209445476531982,0.8865503072738647,-0.2603836953639984,1.1469340324401855,385.32550048828125,133.0,133.0
1791344808.2699354,11519.846168935,6.302000000000439,0.02000000000000668,0.0,0.025987603001340176,left_ankle_pitch_joint,0.330310195684433,-5.625311374664307,-5.258904457092285,-1.7199041843414307,-0.4753226041793823,1.2445815801620483,-114.57489013671875,-39.900001525878906,39.89999771118164
1791344808.2699354,11519.846212368,6.302000000000439,0.02000000000000668,0.0,0.025987603001340176,right_ankle_pitch_joint,-0.21520529687404633,-1.583410620689392,6.717037200927734,1.5136001110076904,0.41020941734313965,1.1033906936645508,106.10343933105469,39.89999771118164,39.89999771118164
1791344808.2699354,11519.84622124,6.302000000000439,0.02000000000000668,0.0,0.025987603001340176,left_ankle_roll_joint,-0.37082070112228394,-2.9543352127075195,-2.5677223205566406,-0.6932850480079651,-0.6932850480079651,0.0,-14.916357040405273,-14.916357040405273,39.89999771118164
1791344808.2699354,11519.846228005,6.302000000000439,0.02000000000000668,0.0,0.025987603001340176,right_ankle_roll_joint,-0.4732205867767334,4.2917866706848145,-6.992164611816406,-1.887884497642517,-1.0309258699417114,0.8569586277008057,-91.31752014160156,-39.89999771118164,39.89999771118164
1791344808.2699354,11519.846234775,6.302000000000439,0.02000000000000668,0.0,0.025987603001340176,left_hip_pitch_joint,-0.17479769885540009,-14.241636276245117,-3.5098037719726562,-1.1976470947265625,-1.167751431465149,0.029895663261413574,-139.57705688476562,-133.0,133.0
1791344808.2699354,11519.846240914,6.302000000000439,0.02000000000000668,0.0,0.025987603001340176,right_hip_pitch_joint,-0.8039384484291077,-7.444333076477051,3.4249043464660645,0.6747242212295532,-0.4024202823638916,1.0771445035934448,369.9718017578125,133.0,133.0
1791344808.2951114,11519.87134571,6.322000000000446,0.02000000000000668,0.0,0.028025139999954263,left_ankle_pitch_joint,0.21134783327579498,-6.758462429046631,-4.392106056213379,-1.4858686923980713,-0.6226136684417725,0.8632550239562988,-91.69529724121094,-39.899993896484375,39.89999771118164
1791344808.2951114,11519.871394864,6.322000000000446,0.02000000000000668,0.0,0.028025139999954263,right_ankle_pitch_joint,-0.2289622277021408,0.08899203687906265,6.080597877502441,1.341761589050293,0.4382625222206116,0.9034990668296814,94.10993194580078,39.89999771118164,39.89999771118164
1791344808.2951114,11519.871403108,6.322000000000446,0.02000000000000668,0.0,0.028025139999954263,left_ankle_roll_joint,-0.437375545501709,-3.9819955825805664,-1.8767744302749634,-0.5067291259765625,-0.5067291259765625,0.0,1.8117785453796387,1.8117785453796387,39.89999771118164
1791344808.2951114,11519.871410002,6.322000000000446,0.02000000000000668,0.0,0.028025139999954263,right_ankle_roll_joint,-0.41092735528945923,2.324087381362915,-6.693479537963867,-1.8072395324707031,-1.0178251266479492,0.7894144058227539,-87.26486206054688,-39.89999771118164,39.89999771118164
1791344808.2951114,11519.871416531,6.322000000000446,0.02000000000000668,0.0,0.028025139999954263,left_hip_pitch_joint,-0.4445600211620331,-13.846963882446289,-3.6763224601745605,-1.2426071166992188,-1.2426071166992188,0.0,-92.48857116699219,-92.48857116699219,133.0
1791344808.2951114,11519.871422616,6.322000000000446,0.02000000000000668,0.0,0.028025139999954263,right_hip_pitch_joint,-0.9116203188896179,-3.5110771656036377,2.272477865219116,0.3635690212249756,-0.4028315544128418,0.7664005756378174,301.6081237792969,132.99998474121094,133.0
1791344808.3229325,11519.899165926,6.342000000000453,0.02000000000000668,0.0,0.02514643499853264,left_ankle_pitch_joint,0.06897274404764175,-7.427123546600342,-2.6005735397338867,-1.00215482711792,-0.781705379486084,0.22044944763183594,-53.12696838378906,-39.900001525878906,39.89999771118164
1791344808.3229325,11519.899195722,6.342000000000453,0.02000000000000668,0.0,0.02514643499853264,right_ankle_pitch_joint,-0.20756161212921143,1.9578784704208374,4.668814659118652,0.960580050945282,0.506385326385498,0.45419472455978394,67.15167236328125,39.89999771118164,39.89999771118164
1791344808.3229325,11519.899210374,6.342000000000453,0.02000000000000668,0.0,0.02514643499853264,left_ankle_roll_joint,-0.5039947032928467,-1.9299087524414062,-1.4814344644546509,-0.3999873101711273,-0.3999873101711273,0.0,9.135307312011719,9.135307312011719,39.89999771118164
1791344808.3229325,11519.899217408,6.342000000000453,0.02000000000000668,0.0,0.02514643499853264,right_ankle_roll_joint,-0.38708412647247314,0.1491972804069519,-6.346311092376709,-1.7135040760040283,-1.048354148864746,0.6651499271392822,-79.80899047851562,-39.89999771118164,39.89999771118164
1791344808.3229325,11519.899223596,6.342000000000453,0.02000000000000668,0.0,0.02514643499853264,left_hip_pitch_joint,-0.6415226459503174,-3.5708160400390625,-3.9483489990234375,-1.3160542249679565,-1.3160542249679565,0.0,-126.9720458984375,-126.9720458984375,133.0
1791344808.3229325,11519.899229712,6.342000000000453,0.02000000000000668,0.0,0.02514643499853264,right_hip_pitch_joint,-0.9263010025024414,1.4678400754928589,1.6587469577789307,0.1978617012500763,-0.2817235589027405,0.4795852601528168,238.50875854492188,133.0,133.0
1791344808.3499124,11519.926145774,6.362000000000459,0.02000000000000668,0.0,0.02779251399988425,left_ankle_pitch_joint,-0.09048175066709518,-8.670358657836914,-0.6327028274536133,-0.4708297848701477,-0.4708297848701477,0.0,-9.815342903137207,-9.815342903137207,39.89999771118164
1791344808.3499124,11519.926184918,6.362000000000459,0.02000000000000668,0.0,0.02779251399988425,right_ankle_pitch_joint,-0.1500648707151413,3.6645736694335938,2.990164041519165,0.5073443055152893,0.5073443055152893,0.0,33.947689056396484,33.947689056396484,39.89999771118164
1791344808.3499124,11519.926193675,6.362000000000459,0.02000000000000668,0.0,0.02779251399988425,left_ankle_roll_joint,-0.49330323934555054,2.634324789047241,-2.3265435695648193,-0.6281667947769165,-0.6281667947769165,0.0,-12.04330062866211,-12.04330062866211,39.89999771118164
1791344808.3499124,11519.926200443,6.362000000000459,0.02000000000000668,0.0,0.02779251399988425,right_ankle_roll_joint,-0.4069119393825531,-2.005101442337036,-6.206569194793701,-1.6757737398147583,-1.1220394372940063,0.553734302520752,-73.12405395507812,-39.899993896484375,39.89999771118164
1791344808.3499124,11519.926207552,6.362000000000459,0.02000000000000668,0.0,0.02779251399988425,left_hip_pitch_joint,-0.6382407546043396,2.687331199645996,-3.7670230865478516,-1.2670962810516357,-1.1694953441619873,0.09760093688964844,-154.4722137451172,-133.0,133.0
1791344808.3499124,11519.926214169,6.362000000000459,0.02000000000000668,0.0,0.02779251399988425,right_hip_pitch_joint,-0.8327432870864868,7.852218151092529,0.8094480037689209,-0.03144903481006622,-0.03144903481006622,0.0,129.1714324951172,129.1714324951172,133.0
1791344808.3769681,11519.953202138,6.382000000000466,0.02000000000000668,0.0,0.027091622001535143,left_ankle_pitch_joint,-0.2724834084510803,-9.286271095275879,1.9242291450500488,0.21954190731048584,0.16035977005958557,0.05918213725090027,43.450927734375,39.89999771118164,39.89999771118164
1791344808.3769681,11519.95324098,6.382000000000466,0.02000000000000668,0.0,0.027091622001535143,right_ankle_pitch_joint,-0.06440571695566177,4.7029852867126465,1.487428069114685,0.10160559415817261,0.10160559415817261,0.0,2.906200408935547,2.906200408935547,39.89999771118164
1791344808.3769681,11519.953249241,6.382000000000466,0.02000000000000668,0.0,0.027091622001535143,left_ankle_roll_joint,-0.4282422363758087,3.1759743690490723,-3.3717031478881836,-0.9103598594665527,-0.9103598594665527,0.0,-33.691017150878906,-33.691017150878906,39.89999771118164
1791344808.3769681,11519.95325565,6.382000000000466,0.02000000000000668,0.0,0.027091622001535143,right_ankle_roll_joint,-0.46746718883514404,-3.6737260818481445,-5.704169273376465,-1.5401257276535034,-1.2243103981018066,0.3158153295516968,-58.84892272949219,-39.900001525878906,39.89999771118164
1791344808.3769681,11519.953262519,6.382000000000466,0.02000000000000668,0.0,0.027091622001535143,left_hip_pitch_joint,-0.5553693771362305,4.753068923950195,-2.751339912414551,-0.992861807346344,-0.992861807346344,0.0,-124.76675415039062,-124.76675415039062,133.0
1791344808.3769681,11519.953275448,6.382000000000466,0.02000000000000668,0.0,0.027091622001535143,right_hip_pitch_joint,-0.6296976208686829,11.154677391052246,-0.11967870593070984,-0.2823132574558258,-0.2823132574558258,0.0,9.496498107910156,9.496498107910156,133.0
1791344808.404009,11519.980242505,6.402000000000473,0.02000000000000668,0.0,0.026964826000039466,left_ankle_pitch_joint,-0.4495319426059723,-7.417751312255859,6.985767364501953,1.5861573219299316,0.030024230480194092,1.5561330318450928,133.2679901123047,39.89999771118164,39.89999771118164
1791344808.404009,11519.980276709,6.402000000000473,0.02000000000000668,0.0,0.026964826000039466,right_ankle_pitch_joint,0.03372786566615105,4.596531867980957,-0.05855043977499008,-0.31580862402915955,-0.31580862402915955,0.0,-27.866987228393555,-27.866987228393555,39.89999771118164
1791344808.404009,11519.980284808,6.402000000000473,0.02000000000000668,0.0,0.026964826000039466,left_ankle_roll_joint,-0.38188543915748596,1.2151905298233032,-3.761984348297119,-1.0157358646392822,-1.0157358646392822,0.0,-39.85381317138672,-39.85381317138672,39.89999771118164
1791344808.404009,11519.980291105,6.402000000000473,0.02000000000000668,0.0,0.026964826000039466,right_ankle_roll_joint,-0.5229859948158264,-1.205164909362793,-4.556395530700684,-1.2302268743515015,-1.2181150913238525,0.012111783027648926,-40.626705169677734,-39.89999771118164,39.89999771118164
1791344808.404009,11519.980297438,6.402000000000473,0.02000000000000668,0.0,0.026964826000039466,left_hip_pitch_joint,-0.47114190459251404,3.201460123062134,-0.5444433093070984,-0.396999716758728,-0.396999716758728,0.0,-2.897480010986328,-2.897480010986328,133.0
1791344808.404009,11519.980303207,6.402000000000473,0.02000000000000668,0.0,0.026964826000039466,right_hip_pitch_joint,-0.42415836453437805,8.301085472106934,-1.3966505527496338,-0.6270956993103027,-0.6270956993103027,0.0,-94.45272827148438,-94.45272827148438,133.0
1791344808.4299793,11520.006212889,6.422000000000479,0.02000000000000668,0.0,0.026974310998411966,left_ankle_pitch_joint,-0.5733954906463623,-5.017103672027588,13.814123153686523,3.4298133850097656,-0.03382307291030884,3.4636363983154297,247.71820068359375,39.900001525878906,39.89999771118164
1791344808.4299793,11520.006263645,6.422000000000479,0.02000000000000668,0.0,0.026974310998411966,right_ankle_pitch_joint,0.11817428469657898,3.879441261291504,-1.6853440999984741,-0.7550429105758667,-0.44983968138694763,0.30520322918891907,-58.21219253540039,-39.89999771118164,39.89999771118164
1791344808.4299793,11520.006272899,6.422000000000479,0.02000000000000668,0.0,0.026974310998411966,left_ankle_roll_joint,-0.3812485635280609,-0.971942126750946,-4.471635818481445,-1.2073416709899902,-1.070547103881836,0.1367945671081543,-48.10767364501953,-39.89999771118164,39.89999771118164
1791344808.4299793,11520.006279472,6.422000000000479,0.02000000000000668,0.0,0.026974310998411966,right_ankle_roll_joint,-0.5156439542770386,1.5502588748931885,-2.9151992797851562,-0.7871038317680359,-0.7871038317680359,0.0,-18.612979888916016,-18.612979888916016,39.89999771118164
1791344808.4299793,11520.006286474,6.422000000000479,0.02000000000000668,0.0,0.026974310998411966,left_hip_pitch_joint,-0.41891661286354065,1.7254868745803833,2.8112070560455322,0.5090259313583374,0.2326875627040863,0.2763383686542511,193.79443359375,133.0,133.0
1791344808.4299793,11520.006293101,6.422000000000479,0.02000000000000668,0.0,0.026974310998411966,right_hip_pitch_joint,-0.29772841930389404,4.20522403717041,-3.6685848236083984,-1.2405178546905518,-0.787585973739624,0.45293188095092773,-232.64501953125,-133.0,133.0
1791344808.457197,11520.033430432,6.442000000000486,0.02000000000000668,0.0,0.026002228001743788,left_ankle_pitch_joint,-0.636455774307251,-0.28964388370513916,18.524614334106445,4.701645851135254,0.021303027868270874,4.680342674255371,320.7205505371094,39.89999771118164,39.89999771118164
1791344808.457197,11520.03346722,6.442000000000486,0.02000000000000668,0.0,0.026002228001743788,right_ankle_pitch_joint,0.18264959752559662,2.878207206726074,-4.471458911895752,-1.507293939590454,-0.41039520502090454,1.0968987941741943,-105.71392822265625,-39.89999771118164,39.89999771118164
1791344808.457197,11520.033480968,6.442000000000486,0.02000000000000668,0.0,0.026002228001743788,left_ankle_roll_joint,-0.40723007917404175,0.915550708770752,-5.45310640335083,-1.4723387956619263,-1.0493412017822266,0.4229975938796997,-65.27985382080078,-39.899993896484375,39.89999771118164
1791344808.457197,11520.033487876,6.442000000000486,0.02000000000000668,0.0,0.026002228001743788,right_ankle_roll_joint,-0.47046715021133423,2.669560432434082,-1.209415078163147,-0.32654207944869995,-0.32654207944869995,0.0,4.631163120269775,4.631163120269775,39.89999771118164
1791344808.457197,11520.033494332,6.442000000000486,0.02000000000000668,0.0,0.026002228001743788,left_hip_pitch_joint,-0.3729306161403656,2.5730161666870117,6.13920783996582,1.4075862169265747,0.30178797245025635,1.1057982444763184,376.2756042480469,133.0,133.0
1791344808.457197,11520.033500598,6.442000000000486,0.02000000000000668,0.0,0.026002228001743788,right_hip_pitch_joint,-0.22471983730793,2.963033676147461,-6.53256368637085,-2.0137922763824463,-0.748455286026001,1.2653369903564453,-411.3741149902344,-133.0,133.0
1791344808.4844716,11520.060705657,6.462000000000493,0.02000000000000668,0.0,0.02649217799989856,left_ankle_pitch_joint,-0.6161432862281799,2.109081268310547,21.740299224853516,5.569880962371826,0.10158371925354004,5.468297004699707,367.997802734375,39.900001525878906,39.89999771118164
1791344808.4844716,11520.060751395,6.462000000000493,0.02000000000000668,0.0,0.02649217799989856,right_ankle_pitch_joint,0.22682297229766846,1.3747577667236328,-6.553806781768799,-2.0695278644561768,-0.403808057308197,1.665719747543335,-139.8431854248047,-39.89999771118164,39.89999771118164
1791344808.4844716,11520.060759712,6.462000000000493,0.02000000000000668,0.0,0.02649217799989856,left_ankle_roll_joint,-0.41757121682167053,-1.7753019332885742,-4.851052284240723,-1.309784173965454,-1.1269537210464478,0.18283045291900635,-50.86982727050781,-39.89999771118164,39.89999771118164
1791344808.4844716,11520.060766315,6.462000000000493,0.02000000000000668,0.0,0.02649217799989856,right_ankle_roll_joint,-0.416753351688385,2.4203908443450928,-0.7654451131820679,-0.20667019486427307,-0.20667019486427307,0.0,8.974403381347656,8.974403381347656,39.89999771118164
1791344808.4844716,11520.060772649,6.462000000000493,0.02000000000000668,0.0,0.02649217799989856,left_hip_pitch_joint,-0.33270663022994995,1.660855770111084,9.448638916015625,2.3011326789855957,0.3171348571777344,1.9839978218078613,569.4794921875,133.0,133.0
1791344808.4844716,11520.060779165,6.462000000000493,0.02000000000000668,0.0,0.02649217799989856,right_hip_pitch_joint,-0.1998961716890335,0.0666816458106041,-9.247069358825684,-2.746708869934082,-0.8026230335235596,1.9440858364105225,-560.6989135742188,-133.0,133.0
1791344808.5104425,11520.086676116,6.482000000000499,0.02000000000000668,0.0,0.028033367998432368,left_ankle_pitch_joint,-0.5555012226104736,4.037411212921143,22.045263290405273,5.652221202850342,0.21043401956558228,5.441787242889404,366.4072265625,39.89999771118164,39.89999771118164
1791344808.5104425,11520.086728042,6.482000000000499,0.02000000000000668,0.0,0.028033367998432368,right_ankle_pitch_joint,0.23828372359275818,-0.1085088849067688,-9.334467887878418,-2.8203063011169434,-0.42942893505096436,2.3908772468566895,-183.35263061523438,-39.89999771118164,39.89999771118164
1791344808.5104425,11520.086737087,6.482000000000499,0.02000000000000668,0.0,0.028033367998432368,left_ankle_roll_joint,-0.474455326795578,-3.868760585784912,-3.4771029949188232,-0.9388178586959839,-0.9388178586959839,0.0,-22.058610916137695,-22.058610916137695,39.89999771118164
1791344808.5104425,11520.086743381,6.482000000000499,0.02000000000000668,0.0,0.028033367998432368,right_ankle_roll_joint,-0.37036803364753723,2.4843664169311523,-1.0334094762802124,-0.2790205776691437,-0.2790205776691437,0.0,1.7542977333068848,1.7542977333068848,39.89999771118164
1791344808.5104425,11520.086759719,6.482000000000499,0.02000000000000668,0.0,0.028033367998432368,left_hip_pitch_joint,-0.30177515745162964,1.9034416675567627,11.846717834472656,2.9486138820648193,0.35468244552612305,2.5939314365386963,703.6649169921875,133.00001525878906,133.0
1791344808.5104425,11520.0867661,6.482000000000499,0.02000000000000668,0.0,0.028033367998432368,right_hip_pitch_joint,-0.21751078963279724,-1.588465929031372,-11.278573989868164,-3.295215129852295,-0.8653780221939087,2.429837226867676,-667.5641479492188,-133.0,133.0
1791344808.5395496,11520.115783647,6.502000000000506,0.02000000000000668,0.0,0.025940524999896297,left_ankle_pitch_joint,-0.4708794951438904,4.140035152435303,20.119897842407227,5.1323723793029785,0.29762136936187744,4.834751129150391,329.9850769042969,39.89999771118164,39.89999771118164
1791344808.5395496,11520.115827956,6.502000000000506,0.02000000000000668,0.0,0.025940524999896297,right_ankle_pitch_joint,0.2185775339603424,-1.8297953605651855,-11.932951927185059,-3.521897077560425,-0.49216729402542114,3.0297298431396484,-221.6837921142578,-39.89999771118164,39.89999771118164
1791344808.5395496,11520.115837676,6.502000000000506,0.02000000000000668,0.0,0.025940524999896297,left_ankle_roll_joint,-0.5410685539245605,-2.291321039199829,-2.188664436340332,-0.5909394025802612,-0.5909394025802612,0.0,0.4447307586669922,0.4447307586669922,39.89999771118164
1791344808.5395496,11520.115845922,6.502000000000506,0.02000000000000668,0.0,0.025940524999896297,right_ankle_roll_joint,-0.32061058282852173,2.5215871334075928,-1.946435809135437,-0.5255376696586609,-0.5255376696586609,0.0,-16.078006744384766,-16.078006744384766,39.89999771118164
1791344808.5395496,11520.115852889,6.502000000000506,0.02000000000000668,0.0,0.025940524999896297,left_hip_pitch_joint,-0.22978077828884125,4.815473556518555,12.886299133300781,3.2293009757995605,0.5060957670211792,2.723205089569092,732.1051635742188,133.0,133.0
1791344808.5395496,11520.115860126,6.502000000000506,0.02000000000000668,0.0,0.025940524999896297,right_hip_pitch_joint,-0.2581712305545807,-0.6239621639251709,-12.170799255371094,-3.536115884780884,-0.8797338008880615,2.6563820838928223,-717.404052734375,-133.0,133.0
1791344808.5665464,11520.142779738,6.522000000000513,0.02000000000000668,0.0,0.029143223000573926,left_ankle_pitch_joint,-0.3910160958766937,3.711775779724121,16.752504348754883,4.223176002502441,0.36677831411361694,3.8563976287841797,271.28387451171875,39.89999771118164,39.89999771118164
1791344808.5665464,11520.142818015,6.522000000000513,0.02000000000000668,0.0,0.029143223000573926,right_ankle_pitch_joint,0.1590774953365326,-3.413956642150879,-11.786718368530273,-3.4824140071868896,-0.5912714004516602,2.8911426067352295,-213.36854553222656,-39.900001525878906,39.89999771118164
1791344808.5665464,11520.142827055,6.522000000000513,0.02000000000000668,0.0,0.029143223000573926,left_ankle_roll_joint,-0.5395338535308838,2.383338689804077,-1.070570945739746,-0.28905415534973145,-0.28905415534973145,0.0,11.453773498535156,11.453773498535156,39.89999771118164
1791344808.5665464,11520.14283404,6.522000000000513,0.02000000000000668,0.0,0.029143223000573926,right_ankle_roll_joint,-0.2742961347103119,1.8340522050857544,-2.5380120277404785,-0.6852632761001587,-0.6852632761001587,0.0,-27.40910530090332,-27.40910530090332,39.89999771118164
1791344808.5665464,11520.142840437,6.522000000000513,0.02000000000000668,0.0,0.029143223000573926,left_hip_pitch_joint,-0.08326664566993713,9.590153694152832,12.906237602233887,3.2346842288970947,0.7828284502029419,2.4518556594848633,672.4083251953125,132.99998474121094,133.0
1791344808.5665464,11520.142847246,6.522000000000513,0.02000000000000668,0.0,0.029143223000573926,right_hip_pitch_joint,-0.18237464129924774,8.729912757873535,-12.519451141357422,-3.630251884460449,-0.548831582069397,3.081420421600342,-810.9124145507812,-133.0,133.0
1791344808.5925431,11520.168777116,6.542000000000519,0.02000000000000668,0.0,0.026994236999598797,left_ankle_pitch_joint,-0.3062521517276764,5.127382278442383,17.579082489013672,4.446352481842041,0.48693233728408813,3.9594202041625977,277.4652099609375,39.89999771118164,39.89999771118164
1791344808.5925431,11520.16883303,6.542000000000519,0.02000000000000668,0.0,0.026994236999598797,right_ankle_pitch_joint,0.07422570139169693,-5.011661529541016,-10.152432441711426,-3.041156768798828,-0.7160657644271851,2.3250908851623535,-179.40545654296875,-39.899993896484375,39.89999771118164
1791344808.5925431,11520.168842438,6.542000000000519,0.02000000000000668,0.0,0.026994236999598797,left_ankle_roll_joint,-0.45234134793281555,5.340529441833496,-1.386209487915039,-0.3742765784263611,-0.3742765784263611,0.0,-3.3269076347351074,-3.3269076347351074,39.89999771118164
1791344808.5925431,11520.168849924,6.542000000000519,0.02000000000000668,0.0,0.026994236999598797,right_ankle_roll_joint,-0.25146484375,0.5179827809333801,-1.8346680402755737,-0.495360404253006,-0.495360404253006,0.0,-15.410707473754883,-15.410707473754883,39.89999771118164
1791344808.5925431,11520.168857276,6.542000000000519,0.02000000000000668,0.0,0.026994236999598797,left_hip_pitch_joint,0.19686412811279297,19.543121337890625,13.781126022338867,3.4709041118621826,1.3344037532806396,2.136500358581543,603.0300903320312,132.99998474121094,133.0
1791344808.5925431,11520.168864516,6.542000000000519,0.02000000000000668,0.0,0.026994236999598797,right_hip_pitch_joint,-0.04381764680147171,5.268701553344727,-12.726673126220703,-3.686201810836792,-0.5046712160110474,3.181530475616455,-832.9366455078125,-133.0,133.0
1791344808.614432,11520.190665607,6.561000000000526,0.02000000000000668,0.0,0.028395240000463673,left_ankle_pitch_joint,-0.1870768666267395,7.280102252960205,15.275094032287598,3.8242757320404053,0.6599256992340088,3.1643500328063965,229.76100158691406,39.89999771118164,39.89999771118164
1791344808.614432,11520.190715123,6.561000000000526,0.02000000000000668,0.0,0.028395240000463673,right_ankle_pitch_joint,-0.03665251284837723,-6.575655460357666,-7.604825496673584,-2.3533029556274414,-0.8660438656806946,1.4872591495513916,-129.1355438232422,-39.89999771118164,39.89999771118164
1791344808.614432,11520.190723717,6.561000000000526,0.02000000000000668,0.0,0.028395240000463673,left_ankle_roll_joint,-0.3528106212615967,5.073020935058594,-1.9183897972106934,-0.5179652571678162,-0.5179652571678162,0.0,-17.518810272216797,-17.518810272216797,39.89999771118164
1791344808.614432,11520.190730933,6.561000000000526,0.02000000000000668,0.0,0.028395240000463673,right_ankle_roll_joint,-0.2489287108182907,-0.19004328548908234,-0.8113799095153809,-0.21907258033752441,-0.21907258033752441,0.0,2.076432704925537,2.076432704925537,39.89999771118164
1791344808.614432,11520.190737181,6.561000000000526,0.02000000000000668,0.0,0.028395240000463673,left_hip_pitch_joint,0.6943316459655762,31.889602661132812,11.987238883972168,2.9865546226501465,2.168593406677246,0.8179612159729004,312.9514465332031,132.99996948242188,133.0
1791344808.614432,11520.190743807,6.561000000000526,0.02000000000000668,0.0,0.028395240000463673,right_hip_pitch_joint,0.05856272578239441,5.585300445556641,-10.776885032653809,-3.159759044647217,-0.39365634322166443,2.7661027908325195,-741.5426025390625,-133.0,133.0
1791344808.6346853,11520.210918766,6.577000000000531,0.02000000000000668,0.0,0.028395240000463673,left_ankle_pitch_joint,-0.05472523346543312,9.142362594604492,15.275094032287598,3.8242757320404053,0.838833749294281,2.9854419231414795,219.02650451660156,39.89999771118164,39.89999771118164
1791344808.6346853,11520.21096258,6.577000000000531,0.02000000000000668,0.0,0.028395240000463673,right_ankle_pitch_joint,-0.15206754207611084,-7.752361297607422,-7.604825496673584,-2.3533029556274414,-1.0108766555786133,1.3424263000488281,-120.44557189941406,-39.900001525878906,39.89999771118164
1791344808.6346853,11520.210971808,6.577000000000531,0.02000000000000668,0.0,0.028395240000463673,left_ankle_roll_joint,-0.2788972854614258,4.163346290588379,-1.9183897972106934,-0.5179652571678162,-0.5179652571678162,0.0,-20.58909797668457,-20.58909797668457,39.89999771118164
1791344808.6346853,11520.210984752,6.577000000000531,0.02000000000000668,0.0,0.028395240000463673,right_ankle_roll_joint,-0.25206270813941956,-0.09079308807849884,-0.8113799095153809,-0.21907258033752441,-0.21907258033752441,0.0,2.1155972480773926,2.1155972480773926,39.89999771118164
1791344808.6346853,11520.2109909,6.577000000000531,0.02000000000000668,0.0,0.028395240000463673,left_hip_pitch_joint,1.2699030637741089,39.27275085449219,11.987238883972168,2.9865546226501465,2.945523500442505,0.0410311222076416,142.02682495117188,133.0,133.0
1791344808.6346853,11520.210997227,6.577000000000531,0.02000000000000668,0.0,0.028395240000463673,right_hip_pitch_joint,0.10158305615186691,-0.0350465290248394,-10.776885032653809,-3.159759044647217,-0.5039182305335999,2.6558408737182617,-717.2849731445312,-133.0,133.0
1791344808.6557248,11520.231958223,6.591000000000536,0.02000000000000668,0.0,0.024704620000193245,left_ankle_pitch_joint,0.08409205079078674,10.574896812438965,17.6794490814209,4.473451137542725,1.0134644508361816,3.459986686706543,247.4991912841797,39.900001525878906,39.89999771118164
1791344808.6557248,11520.231992077,6.591000000000536,0.02000000000000668,0.0,0.024704620000193245,right_ankle_pitch_joint,-0.26906612515449524,-8.943817138671875,-4.876782417297363,-1.6167314052581787,-1.1576614379882812,0.45906996726989746,-67.4441909790039,-39.899993896484375,39.89999771118164
1791344808.6557248,11520.232003246,6.591000000000536,0.02000000000000668,0.0,0.024704620000193245,left_ankle_roll_joint,-0.226393923163414,3.4768052101135254,-0.9059467315673828,-0.2446056306362152,-0.2446056306362152,0.0,-6.307910442352295,-6.307910442352295,39.89999771118164
1791344808.6557248,11520.232010399,6.591000000000536,0.02000000000000668,0.0,0.024704620000193245,right_ankle_roll_joint,-0.2495725452899933,0.5832968354225159,0.28616952896118164,0.07726577669382095,0.07726577669382095,0.0,18.735353469848633,18.735353469848633,39.89999771118164
1791344808.6557248,11520.232016311,6.591000000000536,0.02000000000000668,0.0,0.024704620000193245,left_hip_pitch_joint,1.8750323057174683,47.04671859741211,14.136290550231934,3.566798686981201,3.566798686981201,0.0,89.90829467773438,89.90829467773438,133.0
1791344808.6557248,11520.232022615,6.591000000000536,0.02000000000000668,0.0,0.024704620000193245,right_hip_pitch_joint,0.05970827862620354,-5.372727394104004,-10.981697082519531,-3.2150583267211914,-0.6913660764694214,2.5236921310424805,-688.2122802734375,-133.0,133.0
1791344808.6763752,11520.252608816,6.60300000000054,0.02000000000000668,0.0,0.02913362099934602,left_ankle_pitch_joint,0.21848982572555542,11.755176544189453,16.390705108642578,4.125490188598633,1.1773691177368164,2.9481210708618164,216.78724670410156,39.899993896484375,39.89999771118164
1791344808.6763752,11520.252655664,6.60300000000054,0.02000000000000668,0.0,0.02913362099934602,right_ankle_pitch_joint,-0.383501261472702,-10.03038215637207,-1.6915258169174194,-0.7567119598388672,-0.7567119598388672,0.0,-7.347067832946777,-7.347067832946777,39.89999771118164
1791344808.6763752,11520.252664386,6.60300000000054,0.02000000000000668,0.0,0.02913362099934602,left_ankle_roll_joint,-0.18782362341880798,2.9823055267333984,-0.8913531303405762,-0.24066536128520966,-0.24066536128520966,0.0,-7.643962860107422,-7.643962860107422,39.89999771118164
1791344808.6763752,11520.252671254,6.60300000000054,0.02000000000000668,0.0,0.02913362099934602,right_ankle_roll_joint,-0.2370976060628891,1.435502290725708,0.1290915161371231,0.0348547101020813,0.0348547101020813,0.0,14.163887023925781,14.163887023925781,39.89999771118164
1791344808.6763752,11520.252677866,6.60300000000054,0.02000000000000668,0.0,0.02913362099934602,left_hip_pitch_joint,2.4586143493652344,48.4959716796875,14.424622535705566,3.644648313522339,3.644648313522339,0.0,-30.048370361328125,-30.048370361328125,133.0
1791344808.6763752,11520.252684915,6.60300000000054,0.02000000000000668,0.0,0.02913362099934602,right_hip_pitch_joint,-0.01916835457086563,-7.61014461517334,-9.21353530883789,-2.737654685974121,-0.8312631845474243,1.9063915014266968,-552.4061279296875,-133.0,133.0
1791344808.7023332,11520.278566843,6.622000000000546,0.02000000000000668,0.0,0.02622979100124212,left_ankle_pitch_joint,0.4463154077529907,13.564127922058105,8.65483570098877,2.0368058681488037,1.4504187107086182,0.5863871574401855,75.08323669433594,39.90000534057617,39.89999771118164
1791344808.7023332,11520.278609709,6.622000000000546,0.02000000000000668,0.0,0.02622979100124212,right_ankle_pitch_joint,-0.5659804940223694,-10.141297340393066,0.2025611698627472,-0.24530848860740662,-0.24530848860740662,0.0,34.452266693115234,34.452266693115234,39.89999771118164
1791344808.7023332,11520.278618705,6.622000000000546,0.02000000000000668,0.0,0.02622979100124212,left_ankle_roll_joint,-0.13694816827774048,2.56727933883667,-2.4142651557922363,-0.6518515944480896,-0.6518515944480896,0.0,-34.74512481689453,-34.74512481689453,39.89999771118164
1791344808.7023332,11520.278625555,6.622000000000546,0.02000000000000668,0.0,0.02622979100124212,right_ankle_roll_joint,-0.20286943018436432,2.346674919128418,-2.6745004653930664,-0.722115159034729,-0.722115159034729,0.0,-34.67475891113281,-34.67475891113281,39.89999771118164
1791344808.7023332,11520.278632046,6.622000000000546,0.02000000000000668,0.0,0.02622979100124212,left_hip_pitch_joint,2.587010145187378,0.36905720829963684,10.54992389678955,2.5984795093536377,2.5984795093536377,0.0,0.3089168071746826,0.3089168071746826,133.0
1791344808.7023332,11520.278638679,6.622000000000546,0.02000000000000668,0.0,0.02622979100124212,right_hip_pitch_joint,-0.23056039214134216,-12.252192497253418,-4.157357215881348,-1.3724864721298218,-1.169256567955017,0.2032299041748047,-177.7105712890625,-133.0,133.0
1791344808.730326,11520.306559761,6.642000000000553,0.02000000000000668,0.0,0.027475171998958103,left_ankle_pitch_joint,0.7381248474121094,14.651909828186035,0.6394686102867126,-0.12734347581863403,0.4394225478172302,0.5667660236358643,-73.90596771240234,-39.900001525878906,39.89999771118164
1791344808.730326,11520.306607686,6.642000000000553,0.02000000000000668,0.0,0.027475171998958103,right_ankle_pitch_joint,-0.7489738464355469,-7.9140543937683105,4.805488586425781,0.9974820017814636,-0.2818252444267273,1.279307246208191,116.65843200683594,39.89999771118164,39.89999771118164
1791344808.730326,11520.306616808,6.642000000000553,0.02000000000000668,0.0,0.027475171998958103,left_ankle_roll_joint,-0.10514568537473679,0.40164220333099365,-4.9018707275390625,-1.323505163192749,-0.7601045966148376,0.5634005665779114,-73.70403289794922,-39.89999771118164,39.89999771118164
1791344808.730326,11520.306623841,6.642000000000553,0.02000000000000668,0.0,0.027475171998958103,right_ankle_roll_joint,-0.17027628421783447,0.7876002788543701,-4.339376449584961,-1.1716316938400269,-0.815586268901825,0.3560454249382019,-61.262725830078125,-39.89999771118164,39.89999771118164
1791344808.730326,11520.306630459,6.642000000000553,0.02000000000000668,0.0,0.027475171998958103,left_hip_pitch_joint,2.618000030517578,-0.19643530249595642,5.744055271148682,1.3008949756622314,2.0080971717834473,0.7072021961212158,-288.5845031738281,-133.00003051757812,133.0
1791344808.730326,11520.306636997,6.642000000000553,0.02000000000000668,0.0,0.027475171998958103,right_hip_pitch_joint,-0.4341290593147278,-9.324834823608398,0.3980911672115326,-0.1425153911113739,-0.1425153911113739,0.0,120.10401916503906,120.10401916503906,133.0
1791344808.7563505,11520.33258393,6.6620000000005595,0.02000000000000668,0.0,0.027813644001071225,left_ankle_pitch_joint,0.814795196056366,-2.052844524383545,-2.3991847038269043,-0.9477798938751221,0.09847414493560791,1.04625403881073,-102.67523956298828,-39.89999771118164,39.89999771118164
1791344808.7563505,11520.332692187,6.6620000000005595,0.02000000000000668,0.0,0.027813644001071225,right_ankle_pitch_joint,-0.8715147972106934,-2.3424153327941895,8.931228637695312,2.111431837081909,-0.2650752067565918,2.376507043838501,182.49041748046875,39.89999771118164,39.89999771118164
1791344808.7563505,11520.332703694,6.6620000000005595,0.02000000000000668,0.0,0.027813644001071225,left_ankle_roll_joint,0.004448785446584225,5.6179609298706055,-4.289377212524414,-1.1581318378448486,-0.5201022028923035,0.6380296349525452,-78.18177795410156,-39.900001525878906,39.89999771118164
1791344808.7563505,11520.332719667,6.6620000000005595,0.02000000000000668,0.0,0.027813644001071225,right_ankle_roll_joint,-0.16414037346839905,3.0441808700561523,-4.40276575088501,-1.1887468099594116,-0.7530357837677002,0.4357110261917114,-66.04265594482422,-39.89999771118164,39.89999771118164
1791344808.7563505,11520.332727128,6.6620000000005595,0.02000000000000668,0.0,0.027813644001071225,left_hip_pitch_joint,2.531251907348633,-8.658716201782227,2.4132306575775146,0.4015722870826721,1.6905596256256104,1.288987398147583,-416.5772399902344,-133.0,133.0
1791344808.7563505,11520.332734344,6.6620000000005595,0.02000000000000668,0.0,0.027813644001071225,right_hip_pitch_joint,-0.5242675542831421,-0.9130206108093262,3.291752815246582,0.6387733221054077,0.055377304553985596,0.5833960175514221,261.34710693359375,132.99998474121094,133.0
1791344808.7842927,11520.360526097,6.682000000000566,0.02000000000000668,0.0,0.026059963998704916,left_ankle_pitch_joint,0.6774104833602905,-9.378212928771973,-2.099320650100708,-0.8668165802955627,-0.22204476594924927,0.6447718143463135,-78.5863037109375,-39.899993896484375,39.89999771118164
1791344808.7842927,11520.360562782,6.682000000000566,0.02000000000000668,0.0,0.026059963998704916,right_ankle_pitch_joint,-0.8976553678512573,-0.30140161514282227,9.576583862304688,2.285677909851074,-0.24019044637680054,2.5258684158325195,191.4521026611328,39.89999771118164,39.89999771118164
1791344808.7842927,11520.360571571,6.682000000000566,0.02000000000000668,0.0,0.026059963998704916,left_ankle_roll_joint,0.13198089599609375,6.128885269165039,-3.9662630558013916,-1.07089102268219,-0.37979692220687866,0.6910941004753113,-81.36564636230469,-39.89999771118164,39.89999771118164
1791344808.7842927,11520.360578913,6.682000000000566,0.02000000000000668,0.0,0.026059963998704916,right_ankle_roll_joint,-0.12719258666038513,0.6248165369033813,-3.6253373622894287,-0.9788411259651184,-0.7765721082687378,0.20226901769638062,-52.03614044189453,-39.899993896484375,39.89999771118164
1791344808.7842927,11520.360586066,6.682000000000566,0.02000000000000668,0.0,0.026059963998704916,left_hip_pitch_joint,2.3408291339874268,-10.911439895629883,0.8145878314971924,-0.030061274766921997,1.4386990070343018,1.4687602519989014,-456.12725830078125,-132.99998474121094,133.0
1791344808.7842927,11520.36059294,6.682000000000566,0.02000000000000668,0.0,0.026059963998704916,right_hip_pitch_joint,-0.4935474097728729,5.390401363372803,4.502695083618164,0.965727686882019,0.2580089569091797,0.7077187299728394,288.6981201171875,133.0,133.0
1791344808.8114119,11520.387646148,6.702000000000573,0.02000000000000668,0.0,0.027536503001101664,left_ankle_pitch_joint,0.48604801297187805,-10.590476036071777,-1.4261325597763062,-0.6850558519363403,-0.44371384382247925,0.24134200811386108,-54.380516052246094,-39.900001525878906,39.89999771118164
1791344808.8114119,11520.387701374,6.702000000000573,0.02000000000000668,0.0,0.027536503001101664,right_ankle_pitch_joint,-0.886877179145813,1.3541858196258545,7.2374372482299805,1.6541080474853516,-0.18802261352539062,1.8421306610107422,150.42782592773438,39.899993896484375,39.89999771118164
1791344808.8114119,11520.387713411,6.702000000000573,0.02000000000000668,0.0,0.027536503001101664,left_ankle_roll_joint,0.2381100207567215,5.216362476348877,-3.078012704849243,-0.831063449382782,-0.2964808940887451,0.5345825552940369,-71.9749526977539,-39.89999771118164,39.89999771118164
1791344808.8114119,11520.387722047,6.702000000000573,0.02000000000000668,0.0,0.027536503001101664,right_ankle_roll_joint,-0.13603396713733673,-1.453987717628479,-2.8105275630950928,-0.7588424682617188,-0.7588424682617188,0.0,-35.187530517578125,-35.187530517578125,39.89999771118164
1791344808.8114119,11520.387730413,6.702000000000573,0.02000000000000668,0.0,0.027536503001101664,left_hip_pitch_joint,2.031721591949463,-20.892539978027344,0.2763795852661133,-0.1753775179386139,0.857379674911499,1.0327571630477905,-360.20660400390625,-132.99998474121094,133.0
1791344808.8114119,11520.38774995,6.702000000000573,0.02000000000000668,0.0,0.027536503001101664,right_hip_pitch_joint,-0.32461532950401306,11.2144193649292,3.4995222091674805,0.6948710083961487,0.5857778787612915,0.10909312963485718,157.00047302246094,133.0,133.0
1791344808.8314235,11520.407657659,6.721000000000579,0.02000000000000668,0.0,0.027868862000104855,left_ankle_pitch_joint,0.28601589798927307,-11.502639770507812,-0.7221137285232544,-0.49497073888778687,-0.49497073888778687,0.0,-29.605239868164062,-29.605239868164062,39.89999771118164
1791344808.8314235,11520.407778935,6.721000000000579,0.02000000000000668,0.0,0.027868862000104855,right_ankle_pitch_joint,-0.8464281558990479,3.086376905441284,5.077386856079102,1.070894479751587,-0.10426872968673706,1.1751632690429688,110.40979766845703,39.89999771118164,39.89999771118164
1791344808.8314235,11520.407794254,6.721000000000579,0.02000000000000668,0.0,0.027868862000104855,left_ankle_roll_joint,0.3261944353580475,4.593603610992432,-2.013174057006836,-0.5435569882392883,-0.22396539151668549,0.31959158182144165,-59.07549285888672,-39.899993896484375,39.89999771118164
1791344808.8314235,11520.407806829,6.721000000000579,0.02000000000000668,0.0,0.027868862000104855,right_ankle_roll_joint,-0.18078194558620453,-3.3954453468322754,-2.0043632984161377,-0.5411781072616577,-0.5411781072616577,0.0,-16.53059959411621,-16.53059959411621,39.89999771118164
1791344808.8314235,11520.407817982,6.721000000000579,0.02000000000000668,0.0,0.027868862000104855,left_hip_pitch_joint,1.5941616296768188,-26.25252914428711,-0.987328290939331,-0.5165786743164062,0.27363812923431396,0.7902168035507202,-306.8476867675781,-133.0,133.0
1791344808.8314235,11520.407832216,6.721000000000579,0.02000000000000668,0.0,0.027868862000104855,right_hip_pitch_joint,-0.10711385309696198,11.676054954528809,3.895528793334961,0.8017928600311279,0.8017928600311279,0.0,129.90313720703125,129.90313720703125,133.0
1791344808.852276,11520.428509396,6.736000000000584,0.02000000000000668,0.0,0.027868862000104855,left_ankle_pitch_joint,0.08749379217624664,-11.660430908203125,-0.7221137285232544,-0.49497073888778687,-0.49497073888778687,0.0,-17.457225799560547,-17.457225799560547,39.89999771118164
1791344808.852276,11520.428543553,6.736000000000584,0.02000000000000668,0.0,0.027868862000104855,right_ankle_pitch_joint,-0.7793348431587219,4.698811054229736,5.077386856079102,1.070894479751587,0.0031354427337646484,1.0677590370178223,103.96553802490234,39.89999771118164,39.89999771118164
1791344808.852276,11520.428552021,6.736000000000584,0.02000000000000668,0.0,0.027868862000104855,left_ankle_roll_joint,0.39451098442077637,3.3695766925811768,-2.013174057006836,-0.5435569882392883,-0.18624961376190186,0.3573073744773865,-61.33843994140625,-39.900001525878906,39.89999771118164
1791344808.852276,11520.428559523,6.736000000000584,0.02000000000000668,0.0,0.027868862000104855,right_ankle_roll_joint,-0.25161316990852356,-4.7513957023620605,-2.0043632984161377,-0.5411781072616577,-0.5411781072616577,0.0,-10.24680233001709,-10.24680233001709,39.89999771118164
1791344808.852276,11520.42856559,6.736000000000584,0.02000000000000668,0.0,0.027868862000104855,left_hip_pitch_joint,1.1593483686447144,-24.083683013916016,-0.987328290939331,-0.5165786743164062,-0.10202479362487793,0.4145538806915283,-224.20184326171875,-133.0,133.0
1791344808.852276,11520.42857211,6.736000000000584,0.02000000000000668,0.0,0.027868862000104855,right_hip_pitch_joint,0.0716882273554802,10.141204833984375,3.895528793334961,0.8017928600311279,0.8017928600311279,0.0,99.77578735351562,99.77578735351562,133.0
1791344808.8722801,11520.448513637,6.7490000000005885,0.02000000000000668,0.0,0.026189150999925914,left_ankle_pitch_joint,-0.01693904399871826,-11.525468826293945,-0.4685180187225342,-0.4264999032020569,-0.4264999032020569,0.0,-7.28544807434082,-7.28544807434082,39.89999771118164
1791344808.8722801,11520.448547239,6.7490000000005885,0.02000000000000668,0.0,0.026189150999925914,right_ankle_pitch_joint,-0.7331437468528748,5.440553665161133,6.0338897705078125,1.3291501998901367,0.06787005066871643,1.2612801790237427,115.57681274414062,39.89999771118164,39.89999771118164
1791344808.8722801,11520.448557231,6.7490000000005885,0.02000000000000668,0.0,0.026189150999925914,left_ankle_roll_joint,0.4200213551521301,2.3724684715270996,-1.540647029876709,-0.4159747064113617,-0.18566685914993286,0.23030784726142883,-53.718467712402344,-39.89999771118164,39.89999771118164
1791344808.8722801,11520.448564507,6.7490000000005885,0.02000000000000668,0.0,0.026189150999925914,right_ankle_roll_joint,-0.29702267050743103,-5.182078838348389,-0.0220939964056015,-0.005965379066765308,-0.005965379066765308,0.0,25.236557006835938,25.236557006835938,39.89999771118164
1791344808.8722801,11520.448570914,6.7490000000005885,0.02000000000000668,0.0,0.026189150999925914,left_hip_pitch_joint,0.9529547691345215,-21.996444702148438,-2.9660749435424805,-1.0508402585983276,-0.2514936923980713,0.7993465662002563,-308.85626220703125,-133.0,133.0
1791344808.8722801,11520.448577593,6.7490000000005885,0.02000000000000668,0.0,0.026189150999925914,right_hip_pitch_joint,0.16730815172195435,11.437703132629395,5.7401909828186035,1.299851655960083,1.0837910175323486,0.21606063842773438,180.53335571289062,133.00001525878906,133.0
1791344808.8927019,11520.468935852,6.762000000000593,0.02000000000000668,0.0,0.02738035499896796,left_ankle_pitch_joint,-0.19868527352809906,-11.190954208374023,-0.2450105994939804,-0.36615288257598877,-0.36615288257598877,0.0,6.738373756408691,6.738373756408691,39.89999771118164
1791344808.8927019,11520.469014483,6.762000000000593,0.02000000000000668,0.0,0.02738035499896796,right_ankle_pitch_joint,-0.6390663385391235,6.227169036865234,9.659902572631836,2.308173894882202,0.18161290884017944,2.126560926437378,167.49366760253906,39.900001525878906,39.89999771118164
1791344808.8927019,11520.469024695,6.762000000000593,0.02000000000000668,0.0,0.02738035499896796,left_ankle_roll_joint,0.44040432572364807,0.20426598191261292,-1.7247915267944336,-0.46569374203681946,-0.2194889485836029,0.24620479345321655,-54.67228317260742,-39.89999771118164,39.89999771118164
1791344808.8927019,11520.46903177,6.762000000000593,0.02000000000000668,0.0,0.02738035499896796,right_ankle_roll_joint,-0.37861916422843933,-4.977951526641846,2.588257074356079,0.6988294124603271,0.16193202137947083,0.5368974208831787,72.11384582519531,39.89999771118164,39.89999771118164
1791344808.8927019,11520.469038826,6.762000000000593,0.02000000000000668,0.0,0.02738035499896796,left_hip_pitch_joint,0.626851499080658,-19.216575622558594,-4.316688060760498,-1.4155057668685913,-0.5017823576927185,0.9137234091758728,-334.01910400390625,-133.0,133.0
1791344808.8927019,11520.46904633,6.762000000000593,0.02000000000000668,0.0,0.02738035499896796,right_hip_pitch_joint,0.40560370683670044,18.270675659179688,7.662620544433594,1.8189077377319336,1.5084402561187744,0.3104674816131592,201.3028564453125,133.0,133.0
1791344808.9127395,11520.488973207,6.781000000000599,0.02000000000000668,0.0,0.02798390600037237,left_ankle_pitch_joint,-0.41733551025390625,-10.68028450012207,3.912917137145996,0.7564876675605774,-0.019342690706253052,0.7758303880691528,86.44981384277344,39.89999771118164,39.89999771118164
1791344808.9127395,11520.489016995,6.781000000000599,0.02000000000000668,0.0,0.02798390600037237,right_ankle_pitch_joint,-0.5080863237380981,6.764551639556885,9.32943344116211,2.218947172164917,0.32602745294570923,1.8929197788238525,153.47518920898438,39.89999771118164,39.89999771118164
1791344808.9127395,11520.489025879,6.781000000000599,0.02000000000000668,0.0,0.02798390600037237,left_ankle_roll_joint,0.41407811641693115,-2.6962878704071045,-2.358421802520752,-0.6367738842964172,-0.31832900643348694,0.3184448778629303,-59.006690979003906,-39.899993896484375,39.89999771118164
1791344808.9127395,11520.489032893,6.781000000000599,0.02000000000000668,0.0,0.02798390600037237,right_ankle_roll_joint,-0.46798646450042725,-3.7695422172546387,2.466796636581421,0.6660351157188416,0.102774977684021,0.5632601380348206,73.69560241699219,39.89999771118164,39.89999771118164
1791344808.9127395,11520.489047258,6.781000000000599,0.02000000000000668,0.0,0.02798390600037237,left_hip_pitch_joint,0.28405699133872986,-15.278072357177734,-4.249104022979736,-1.3972581624984741,-0.7371630668640137,0.6600950956344604,-278.2209167480469,-133.0,133.0
1791344808.9127395,11520.489054342,6.781000000000599,0.02000000000000668,0.0,0.02798390600037237,right_hip_pitch_joint,0.8729071021080017,27.114465713500977,9.28038501739502,2.255704164505005,2.216938018798828,0.03876614570617676,141.52853393554688,133.0,133.0
1791344808.9332852,11520.509519106,6.796000000000604,0.02000000000000668,0.0,0.02798390600037237,left_ankle_pitch_joint,-0.5613486766815186,-9.900276184082031,3.912917137145996,0.7564876675605774,-0.14385563135147095,0.9003432989120483,93.92059326171875,39.89999771118164,39.89999771118164
1791344808.9332852,11520.50964524,6.796000000000604,0.02000000000000668,0.0,0.02798390600037237,right_ankle_pitch_joint,-0.4142778217792511,6.633899211883545,9.32943344116211,2.218947172164917,0.41656965017318726,1.802377462387085,148.0426483154297,39.900001525878906,39.89999771118164
1791344808.9332852,11520.50965553,6.796000000000604,0.02000000000000668,0.0,0.02798390600037237,left_ankle_roll_joint,0.36373093724250793,-4.319515705108643,-2.358421802520752,-0.6367738842964172,-0.4092569649219513,0.22751691937446594,-53.55101776123047,-39.89999771118164,39.89999771118164
1791344808.9332852,11520.509663228,6.796000000000604,0.02000000000000668,0.0,0.02798390600037237,right_ankle_roll_joint,-0.5022078156471252,-1.0122820138931274,2.466796636581421,0.6660351157188416,0.13748514652252197,0.5285499691963196,71.61299896240234,39.900001525878906,39.89999771118164
1791344808.9332852,11520.509670616,6.796000000000604,0.02000000000000668,0.0,0.02798390600037237,left_hip_pitch_joint,0.09249776601791382,-12.431642532348633,-4.249104022979736,-1.3972581624984741,-0.851092517375946,0.5461656451225281,-253.1564178466797,-133.0,133.0
1791344808.9332852,11520.509677596,6.796000000000604,0.02000000000000668,0.0,0.02798390600037237,right_hip_pitch_joint,1.2627235651016235,27.709827423095703,9.28038501739502,2.255704164505005,2.255704164505005,0.0,52.19676208496094,52.19676208496094,133.0
1791344808.9542427,11520.530476392,6.809000000000609,0.02000000000000668,0.0,0.0260602039998048,left_ankle_pitch_joint,-0.6941477060317993,-9.111383438110352,8.374706268310547,1.9611709117889404,-0.2569323480129242,2.2181031703948975,172.98619079589844,39.89999771118164,39.89999771118164
1791344808.9542427,11520.530509352,6.809000000000609,0.02000000000000668,0.0,0.0260602039998048,right_ankle_pitch_joint,-0.319977730512619,6.96983003616333,6.049280166625977,1.3333055973052979,0.5192679762840271,0.8140376210212708,88.74225616455078,39.899993896484375,39.89999771118164
1791344808.9542427,11520.530517656,6.809000000000609,0.02000000000000668,0.0,0.0260602039998048,left_ankle_roll_joint,0.2940767705440521,-5.5242414474487305,-2.243746757507324,-0.6058116555213928,-0.5090292692184448,0.096782386302948,-45.70694351196289,-39.900001525878906,39.89999771118164
1791344808.9542427,11520.530524577,6.809000000000609,0.02000000000000668,0.0,0.0260602039998048,right_ankle_roll_joint,-0.4895208775997162,2.590177536010742,2.1489667892456055,0.5802210569381714,0.24023351073265076,0.33998754620552063,60.299251556396484,39.89999771118164,39.89999771118164
1791344808.9542427,11520.530531473,6.809000000000609,0.02000000000000668,0.0,0.0260602039998048,left_hip_pitch_joint,-0.04950101301074028,-6.833324909210205,-3.181377410888672,-1.1089719533920288,-0.8404098749160767,0.26856207847595215,-192.08364868164062,-133.0,133.0
1791344808.9542427,11520.530538305,6.809000000000609,0.02000000000000668,0.0,0.0260602039998048,right_hip_pitch_joint,1.6057344675064087,20.210596084594727,9.067523956298828,2.1982314586639404,2.1982314586639404,0.0,9.08575439453125,9.08575439453125,133.0
1791344808.9748504,11520.551084057,6.823000000000613,0.02000000000000668,0.0,0.027500689000589773,left_ankle_pitch_joint,-0.8153794407844543,-8.212060928344727,12.00024700164795,2.9400668144226074,-0.35568103194236755,3.295747756958008,237.6448516845703,39.89999771118164,39.89999771118164
1791344808.9748504,11520.551127613,6.823000000000613,0.02000000000000668,0.0,0.027500689000589773,right_ankle_pitch_joint,-0.21424022316932678,8.207383155822754,2.4841513633728027,0.37072086334228516,0.37072086334228516,0.0,22.786588668823242,22.786588668823242,39.89999771118164
1791344808.9748504,11520.551135952,6.823000000000613,0.02000000000000668,0.0,0.027500689000589773,left_ankle_roll_joint,0.20990081131458282,-6.389522552490234,0.2575674057006836,0.06954320520162582,0.06954320520162582,0.0,1.1628265380859375,1.1628265380859375,39.89999771118164
1791344808.9748504,11520.55114311,6.823000000000613,0.02000000000000668,0.0,0.027500689000589773,right_ankle_roll_joint,-0.4340173006057739,4.862531661987305,2.4879000186920166,0.671733021736145,0.35254591703414917,0.31918710470199585,59.05121994018555,39.89999771118164,39.89999771118164
1791344808.9748504,11520.551149866,6.823000000000613,0.02000000000000668,0.0,0.027500689000589773,left_hip_pitch_joint,-0.09860008955001831,-1.354382872581482,0.02334390953183174,-0.2436971366405487,-0.2436971366405487,0.0,-23.795053482055664,-23.795053482055664,133.0
1791344808.9748504,11520.551156093,6.823000000000613,0.02000000000000668,0.0,0.027500689000589773,right_hip_pitch_joint,1.8000680208206177,8.947663307189941,4.885750770568848,1.0691527128219604,1.4395496845245361,0.3703969717025757,-214.48733520507812,-133.00001525878906,133.0
1791344809.0018651,11520.578098951,6.84200000000062,0.02000000000000668,0.0,0.027035805000195978,left_ankle_pitch_joint,-0.9432021379470825,-5.3861613273620605,17.554832458496094,4.439804553985596,-0.41285622119903564,4.852660655975342,331.0596618652344,39.89999771118164,39.89999771118164
1791344809.0018651,11520.57814108,6.84200000000062,0.02000000000000668,0.0,0.027035805000195978,right_ankle_pitch_joint,-0.04404732584953308,9.652113914489746,-1.4277249574661255,-0.6854857802391052,-0.46774446964263916,0.21774131059646606,-52.9644775390625,-39.900001525878906,39.89999771118164
1791344809.0018651,11520.578150012,6.84200000000062,0.02000000000000668,0.0,0.027035805000195978,left_ankle_roll_joint,0.08323319256305695,-6.449671745300293,2.2412946224212646,0.6051495671272278,0.5869913697242737,0.0181581974029541,40.9894905090332,39.89999771118164,39.89999771118164
1791344809.0018651,11520.578156864,6.84200000000062,0.02000000000000668,0.0,0.027035805000195978,right_ankle_roll_joint,-0.31873267889022827,7.09708309173584,1.0626003742218018,0.2869020998477936,0.2869020998477936,0.0,25.69246482849121,25.69246482849121,39.89999771118164
1791344809.0018651,11520.578163397,6.84200000000062,0.02000000000000668,0.0,0.027035805000195978,left_hip_pitch_joint,-0.07781976461410522,1.4842209815979004,4.5273566246032715,0.972386360168457,0.5672044157981873,0.4051819443702698,222.14004516601562,133.0,133.0
1791344809.0018651,11520.578169772,6.84200000000062,0.02000000000000668,0.0,0.027035805000195978,right_hip_pitch_joint,1.823441505432129,-3.653186559677124,0.12378302216529846,-0.21657858788967133,1.1192636489868164,1.335842251777649,-426.88525390625,-133.00001525878906,133.0
1791344809.0279274,11520.60416128,6.862000000000626,0.02000000000000668,0.0,0.027955622999797924,left_ankle_pitch_joint,-1.020263910293579,-2.908107042312622,21.357290267944336,5.466468334197998,-0.4279665946960449,5.894434928894043,393.56610107421875,39.89999771118164,39.89999771118164
1791344809.0279274,11520.604212257,6.862000000000626,0.02000000000000668,0.0,0.027955622999797924,right_ankle_pitch_joint,0.1303839385509491,8.560379981994629,-4.115155220031738,-1.4110920429229736,-0.320606529712677,1.0904855728149414,-105.32913208007812,-39.89999771118164,39.89999771118164
1791344809.0279274,11520.604221551,6.862000000000626,0.02000000000000668,0.0,0.027955622999797924,left_ankle_roll_joint,-0.01634575054049492,-4.100988864898682,2.688774824142456,0.7259692549705505,0.5461294651031494,0.17983978986740112,50.69038391113281,39.899993896484375,39.89999771118164
1791344809.0279274,11520.604257702,6.862000000000626,0.02000000000000668,0.0,0.027955622999797924,right_ankle_roll_joint,-0.1749170422554016,7.8041558265686035,-0.13931594789028168,-0.03761530667543411,-0.03761530667543411,0.0,-3.4681291580200195,-3.4681291580200195,39.89999771118164
1791344809.0279274,11520.604272076,6.862000000000626,0.02000000000000668,0.0,0.027955622999797924,left_hip_pitch_joint,-0.03641311451792717,1.8642854690551758,8.856468200683594,2.1412465572357178,0.6189764738082886,1.5222700834274292,467.8994445800781,133.0,133.0
1791344809.0279274,11520.60428083,6.862000000000626,0.02000000000000668,0.0,0.027955622999797924,right_hip_pitch_joint,1.6922239065170288,-9.866876602172852,-3.5861740112304688,-1.2182669639587402,0.8185818195343018,2.036848783493042,-581.1068115234375,-133.0,133.0
1791344809.0503178,11520.626551526,6.881000000000633,0.02000000000000668,0.0,0.02902869900026417,left_ankle_pitch_joint,-0.9989181160926819,1.812497615814209,25.430315017700195,6.566184997558594,-0.2886056900024414,6.854790687561035,451.18743896484375,39.89999771118164,39.89999771118164
1791344809.0503178,11520.626606908,6.881000000000633,0.02000000000000668,0.0,0.02902869900026417,right_ankle_pitch_joint,0.2743934988975525,6.596491813659668,-7.622020244598389,-2.357945442199707,-0.2256941795349121,2.132251262664795,-167.8350830078125,-39.89999771118164,39.89999771118164
1791344809.0503178,11520.626615874,6.881000000000633,0.02000000000000668,0.0,0.02902869900026417,left_ankle_roll_joint,0.0021147015504539013,1.8580082654953003,2.3467459678649902,0.6336214542388916,0.6336214542388916,0.0,35.103389739990234,35.103389739990234,39.89999771118164
1791344809.0503178,11520.626623115,6.881000000000633,0.02000000000000668,0.0,0.02902869900026417,right_ankle_roll_joint,-0.031656429171562195,7.1903076171875,-2.0952582359313965,-0.565719723701477,-0.5168986916542053,0.04882103204727173,-42.82925796508789,-39.899993896484375,39.89999771118164
1791344809.0503178,11520.626630188,6.881000000000633,0.02000000000000668,0.0,0.02902869900026417,left_hip_pitch_joint,-0.01358712837100029,0.08923784643411636,12.703557014465332,3.1799604892730713,0.5933921337127686,2.5865683555603027,702.0451049804688,133.0,133.0
1791344809.0503178,11520.626636593,6.881000000000633,0.02000000000000668,0.0,0.02902869900026417,right_hip_pitch_joint,1.4607621431350708,-13.998753547668457,-7.661337852478027,-2.318561315536499,0.47443246841430664,2.7929937839508057,-747.4586181640625,-133.0,133.0
1791344809.070629,11520.646862369,6.897000000000638,0.02000000000000668,0.0,0.02902869900026417,left_ankle_pitch_joint,-0.9576954245567322,3.0246243476867676,25.430315017700195,6.566184997558594,-0.21707981824874878,6.783264636993408,446.8959045410156,39.89999771118164,39.89999771118164
1791344809.070629,11520.646896964,6.897000000000638,0.02000000000000668,0.0,0.02902869900026417,right_ankle_pitch_joint,0.36714550852775574,4.374756336212158,-7.622020244598389,-2.357945442199707,-0.18848556280136108,2.169459819793701,-170.06759643554688,-39.89999771118164,39.89999771118164
1791344809.070629,11520.646904951,6.897000000000638,0.02000000000000668,0.0,0.02902869900026417,left_ankle_roll_joint,0.0451686829328537,3.116429090499878,2.3467459678649902,0.6336214542388916,0.6336214542388916,0.0,30.632522583007812,30.632522583007812,39.89999771118164
1791344809.070629,11520.646911627,6.897000000000638,0.02000000000000668,0.0,0.02902869900026417,right_ankle_roll_joint,0.07793369144201279,5.614667892456055,-2.0952582359313965,-0.565719723701477,-0.4466995894908905,0.11902013421058655,-47.041202545166016,-39.89999771118164,39.89999771118164
1791344809.070629,11520.646917899,6.897000000000638,0.02000000000000668,0.0,0.02902869900026417,left_hip_pitch_joint,-0.07300224900245667,-5.5237717628479,12.703557014465332,3.1799604892730713,0.38089489936828613,2.799065589904785,748.79443359375,133.0,133.0
1791344809.070629,11520.646929508,6.897000000000638,0.02000000000000668,0.0,0.02902869900026417,right_hip_pitch_joint,1.2086032629013062,-14.380539894104004,-7.661337852478027,-2.318561315536499,0.21186131238937378,2.5304226875305176,-689.6929321289062,-133.0,133.0
1791344809.090695,11520.666928492,6.909000000000642,0.02000000000000668,0.0,0.024776156998996157,left_ankle_pitch_joint,-0.9187211990356445,3.9941985607147217,28.69968032836914,7.44891357421875,-0.1538662314414978,7.602779865264893,496.0667724609375,39.89999771118164,39.89999771118164
1791344809.090695,11520.666964328,6.909000000000642,0.02000000000000668,0.0,0.024776156998996157,right_ankle_pitch_joint,0.41093364357948303,3.71174693107605,-9.800166130065918,-2.946044921875,-0.16127264499664307,2.7847723960876465,-206.98634338378906,-39.899993896484375,39.89999771118164
1791344809.090695,11520.666972643,6.909000000000642,0.02000000000000668,0.0,0.024776156998996157,left_ankle_roll_joint,0.08453091233968735,3.89381742477417,1.4885454177856445,0.4019072651863098,0.4019072651863098,0.0,13.201855659484863,13.201855659484863,39.89999771118164
1791344809.090695,11520.666979035,6.909000000000642,0.02000000000000668,0.0,0.024776156998996157,right_ankle_roll_joint,0.13141408562660217,4.248003005981445,-3.9150028228759766,-1.0570508241653442,-0.42738577723503113,0.6296650171279907,-77.67989349365234,-39.89999771118164,39.89999771118164
1791344809.090695,11520.666985116,6.909000000000642,0.02000000000000668,0.0,0.024776156998996157,left_hip_pitch_joint,-0.13019683957099915,-6.11773157119751,14.213438987731934,3.5876286029815674,0.3075013756752014,3.2801272869110107,854.6279296875,133.0,133.0
1791344809.090695,11520.666991459,6.909000000000642,0.02000000000000668,0.0,0.024776156998996157,right_hip_pitch_joint,1.0513783693313599,-15.04394245147705,-8.997915267944336,-2.6794371604919434,0.03654360771179199,2.7159807682037354,-730.5157470703125,-132.99998474121094,133.0
1791344809.1131697,11520.689403531,6.923000000000647,0.02000000000000668,0.0,0.028586102000190294,left_ankle_pitch_joint,-0.853628933429718,5.258457660675049,29.66958236694336,7.710787773132324,-0.05716753005981445,7.767955303192139,505.977294921875,39.89999771118164,39.89999771118164
1791344809.1131697,11520.689448046,6.923000000000647,0.02000000000000668,0.0,0.028586102000190294,right_ankle_pitch_joint,0.4390467405319214,0.4052116870880127,-11.072931289672852,-3.28969144821167,-0.21582293510437012,3.0738685131073,-224.33212280273438,-39.89999771118164,39.89999771118164
1791344809.1131697,11520.689457589,6.923000000000647,0.02000000000000668,0.0,0.028586102000190294,left_ankle_roll_joint,0.14418338239192963,4.577047348022461,2.589907169342041,0.6992749571800232,0.6992749571800232,0.0,26.439922332763672,26.439922332763672,39.89999771118164
1791344809.1131697,11520.689464164,6.923000000000647,0.02000000000000668,0.0,0.028586102000190294,right_ankle_roll_joint,0.17262762784957886,0.8350666761398315,-5.63063383102417,-1.5202711820602417,-0.4714956283569336,1.048775553703308,-102.82653045654297,-39.89999771118164,39.89999771118164
1791344809.1131697,11520.689470736,6.923000000000647,0.02000000000000668,0.0,0.028586102000190294,left_hip_pitch_joint,-0.22310134768486023,-4.2522454261779785,15.404644966125488,3.9092540740966797,0.26547378301620483,3.64378023147583,934.6316528320312,133.0,133.0
1791344809.1131697,11520.689477273,6.923000000000647,0.02000000000000668,0.0,0.028586102000190294,right_hip_pitch_joint,0.813296377658844,-19.962982177734375,-10.070611953735352,-2.9690654277801514,-0.3356940746307373,2.633371353149414,-712.3416748046875,-133.0,133.0
1791344809.1402225,11520.716456334,6.943000000000653,0.02000000000000668,0.0,0.027945780000663945,left_ankle_pitch_joint,-0.7268274426460266,7.337382793426514,22.786901473999023,5.852463245391846,0.12160706520080566,5.730855941772461,383.7513732910156,39.89999771118164,39.89999771118164
1791344809.1402225,11520.716517262,6.943000000000653,0.02000000000000668,0.0,0.027945780000663945,right_ankle_pitch_joint,0.43138885498046875,-1.1933478116989136,-13.124004364013672,-3.8434813022613525,-0.26344478130340576,3.5800366401672363,-254.70216369628906,-39.89999771118164,39.89999771118164
1791344809.1402225,11520.71653875,6.943000000000653,0.02000000000000668,0.0,0.027945780000663945,left_ankle_roll_joint,0.25121748447418213,5.9886603355407715,-0.726503849029541,-0.19615603983402252,-0.19615603983402252,0.0,-35.825401306152344,-35.825401306152344,39.89999771118164
1791344809.1402225,11520.716546897,6.943000000000653,0.02000000000000668,0.0,0.027945780000663945,right_ankle_roll_joint,0.17326155304908752,-0.6385037899017334,-6.776361465454102,-1.8296176195144653,-0.50770103931427,1.3219165802001953,-119.2149887084961,-39.89999771118164,39.89999771118164
1791344809.1402225,11520.716553634,6.943000000000653,0.02000000000000668,0.0,0.027945780000663945,left_hip_pitch_joint,-0.2708323299884796,9.203507423400879,11.42442798614502,2.8345956802368164,0.584717869758606,2.2498779296875,627.9730834960938,133.0,133.0
1791344809.1402225,11520.716560306,6.943000000000653,0.02000000000000668,0.0,0.027945780000663945,right_hip_pitch_joint,0.439868301153183,-10.116801261901855,-8.498513221740723,-2.5445985794067383,-0.44058990478515625,2.104008674621582,-595.8818969726562,-133.0,133.0
1791344809.1673188,11520.743552547,6.96200000000066,0.02000000000000668,0.0,0.027009966999685275,left_ankle_pitch_joint,-0.5671747326850891,8.498799324035645,20.878883361816406,5.337298393249512,0.3102952241897583,5.027003288269043,341.52020263671875,39.89999771118164,39.89999771118164
1791344809.1673188,11520.743594286,6.96200000000066,0.02000000000000668,0.0,0.027009966999685275,right_ankle_pitch_joint,0.3906238377094269,-2.8990371227264404,-13.09504222869873,-3.8356614112854004,-0.34685206413269043,3.48880934715271,-249.22857666015625,-39.899993896484375,39.89999771118164
1791344809.1673188,11520.743603476,6.96200000000066,0.02000000000000668,0.0,0.027009966999685275,left_ankle_roll_joint,0.36128100752830505,4.886974811553955,-2.594597339630127,-0.7005413174629211,-0.18154457211494446,0.5189967155456543,-71.03980255126953,-39.89999771118164,39.89999771118164
1791344809.1673188,11520.74361032,6.96200000000066,0.02000000000000668,0.0,0.027009966999685275,right_ankle_roll_joint,0.1428547501564026,-2.2655558586120605,-7.109109878540039,-1.9194597005844116,-0.5787841081619263,1.3406755924224854,-120.34053802490234,-39.89999771118164,39.89999771118164
1791344809.1673188,11520.743617155,6.96200000000066,0.02000000000000668,0.0,0.027009966999685275,left_hip_pitch_joint,-0.0481770858168602,10.275874137878418,9.49216079711914,2.3128836154937744,0.83661949634552,1.4762641191482544,457.7781066894531,133.0,133.0
1791344809.1673188,11520.74362367,6.96200000000066,0.02000000000000668,0.0,0.027009966999685275,right_hip_pitch_joint,0.21886134147644043,-8.154549598693848,-6.309239387512207,-1.953494668006897,-0.6080809831619263,1.3454136848449707,-428.99102783203125,-133.0,133.0
1791344809.1934192,11520.769653082,6.982000000000666,0.02000000000000668,0.0,0.028094876999603002,left_ankle_pitch_joint,-0.3967497646808624,9.381303787231445,21.109182357788086,5.399479389190674,0.5027827620506287,4.8966965675354,333.7018127441406,39.89999771118164,39.89999771118164
1791344809.1934192,11520.769697067,6.982000000000666,0.02000000000000668,0.0,0.028094876999603002,right_ankle_pitch_joint,0.3151496648788452,-4.910389423370361,-11.813044548034668,-3.4895222187042236,-0.4726100564002991,3.0169122219085693,-220.9147186279297,-39.89999771118164,39.89999771118164
1791344809.1934192,11520.769707044,6.982000000000666,0.02000000000000668,0.0,0.028094876999603002,left_ankle_roll_joint,0.43719127774238586,3.058964490890503,-3.0125410556793213,-0.8133861422538757,-0.15133453905582428,0.6620516180992126,-79.62309265136719,-39.89999771118164,39.89999771118164
1791344809.1934192,11520.769714573,6.982000000000666,0.02000000000000668,0.0,0.028094876999603002,right_ankle_roll_joint,0.08308099955320358,-4.032741069793701,-7.191620349884033,-1.9417375326156616,-0.6827374696731567,1.2590000629425049,-115.43999481201172,-39.89999771118164,39.89999771118164
1791344809.1934192,11520.769730046,6.982000000000666,0.02000000000000668,0.0,0.028094876999603002,left_hip_pitch_joint,0.09821770340204239,7.953701496124268,9.019694328308105,2.1853175163269043,0.9196822643280029,1.2656352519989014,411.43975830078125,132.99998474121094,133.0
1791344809.1934192,11520.769737283,6.982000000000666,0.02000000000000668,0.0,0.028094876999603002,right_hip_pitch_joint,0.23548738658428192,6.4206342697143555,-5.600947856903076,-1.7622560262680054,-0.1939498484134674,1.5683062076568604,-478.02734375,-133.0,133.0
1791344809.220278,11520.796511864,7.002000000000673,0.02000000000000668,0.0,0.02598984799988102,left_ankle_pitch_joint,-0.19859786331653595,10.431658744812012,18.66728973388672,4.74016809463501,0.7271935343742371,4.012974739074707,280.678466796875,39.899993896484375,39.89999771118164
1791344809.220278,11520.796552198,7.002000000000673,0.02000000000000668,0.0,0.02598984799988102,right_ankle_pitch_joint,0.19502858817577362,-6.991958141326904,-11.0737886428833,-3.2899229526519775,-0.6447703242301941,2.6451525688171387,-198.60916137695312,-39.89999771118164,39.89999771118164
1791344809.220278,11520.796560633,7.002000000000673,0.02000000000000668,0.0,0.02598984799988102,left_ankle_roll_joint,0.46652573347091675,-0.3353824019432068,-3.448652744293213,-0.9311362504959106,-0.2068588137626648,0.7242774367332458,-83.35664367675781,-39.89999771118164,39.89999771118164
1791344809.220278,11520.796567443,7.002000000000673,0.02000000000000668,0.0,0.02598984799988102,right_ankle_roll_joint,-0.020310070365667343,-6.217680931091309,-4.989428520202637,-1.3471457958221436,-0.8407520055770874,0.5063937902450562,-70.28362274169922,-39.899993896484375,39.89999771118164
1791344809.220278,11520.796573996,7.002000000000673,0.02000000000000668,0.0,0.02598984799988102,left_hip_pitch_joint,0.3087095022201538,12.50416374206543,7.0361104011535645,1.6497498750686646,1.2542775869369507,0.39547228813171387,220.00389099121094,133.0,133.0
1791344809.220278,11520.796580735,7.002000000000673,0.02000000000000668,0.0,0.02598984799988102,right_hip_pitch_joint,0.4310001730918884,11.509721755981445,-4.726876258850098,-1.5262566804885864,0.14035624265670776,1.6666128635406494,-499.65484619140625,-133.0,133.0
1791344809.248304,11520.824537456,7.02200000000068,0.02000000000000668,0.0,0.02700712600017141,left_ankle_pitch_joint,0.040379978716373444,12.387200355529785,15.782262802124023,3.9612109661102295,1.0150599479675293,2.9461510181427,216.6690673828125,39.899993896484375,39.89999771118164
1791344809.248304,11520.824579433,7.02200000000068,0.02000000000000668,0.0,0.02700712600017141,right_ankle_pitch_joint,0.026207616552710533,-8.853653907775879,-10.44012451171875,-3.1188337802886963,-0.860133707523346,2.258700132369995,-175.4219970703125,-39.900001525878906,39.89999771118164
1791344809.248304,11520.824588381,7.02200000000068,0.02000000000000668,0.0,0.02700712600017141,left_ankle_roll_joint,0.42173799872398376,-3.4849021434783936,-4.689552307128906,-1.2661792039871216,-0.3303845226764679,0.9357947111129761,-96.04767608642578,-39.89999771118164,39.89999771118164
1791344809.248304,11520.824595106,7.02200000000068,0.02000000000000668,0.0,0.02700712600017141,right_ankle_roll_joint,-0.18033085763454437,-8.992297172546387,-1.76798415184021,-0.4773557484149933,-0.4773557484149933,0.0,-4.333049774169922,-4.333049774169922,39.89999771118164
1791344809.248304,11520.824601306,7.02200000000068,0.02000000000000668,0.0,0.02700712600017141,left_hip_pitch_joint,0.6164816617965698,17.53818702697754,6.737712383270264,1.5691823959350586,1.5691823959350586,0.0,104.36503601074219,104.36503601074219,133.0
1791344809.248304,11520.824607676,7.02200000000068,0.02000000000000668,0.0,0.02700712600017141,right_hip_pitch_joint,0.6414646506309509,7.109914302825928,-4.773882865905762,-1.5389484167099,0.23082593083381653,1.769774317741394,-522.350341796875,-133.0,133.0
1791344809.2743335,11520.850566908,7.042000000000686,0.02000000000000668,0.0,0.0279801030010276,left_ankle_pitch_joint,0.29716452956199646,14.622118949890137,9.983150482177734,2.3954508304595947,1.3277175426483154,1.0677332878112793,103.96400451660156,39.900001525878906,39.89999771118164
1791344809.2743335,11520.850614845,7.042000000000686,0.02000000000000668,0.0,0.0279801030010276,right_ankle_pitch_joint,-0.14799746870994568,-9.182633399963379,-8.48790454864502,-2.5917341709136963,-1.0425631999969482,1.549170970916748,-132.85025024414062,-39.899993896484375,39.89999771118164
1791344809.2743335,11520.850624063,7.042000000000686,0.02000000000000668,0.0,0.0279801030010276,left_ankle_roll_joint,0.3354943096637726,-5.3367509841918945,-4.875863075256348,-1.3164831399917603,-0.46292442083358765,0.8535587191581726,-91.11351776123047,-39.89999771118164,39.89999771118164
1791344809.2743335,11520.850631415,7.042000000000686,0.02000000000000668,0.0,0.0279801030010276,right_ankle_roll_joint,-0.3586106598377228,-9.477816581726074,-0.9822736978530884,-0.26521390676498413,-0.26521390676498413,0.0,19.82052993774414,19.82052993774414,39.89999771118164
1791344809.2743335,11520.850638497,7.042000000000686,0.02000000000000668,0.0,0.0279801030010276,left_hip_pitch_joint,0.9943823218345642,19.781858444213867,6.072813034057617,1.3896596431732178,1.3896596431732178,0.0,-31.730133056640625,-31.730133056640625,133.0
1791344809.2743335,11520.850645494,7.042000000000686,0.02000000000000668,0.0,0.0279801030010276,right_hip_pitch_joint,0.7609958648681641,5.11732292175293,-4.685723781585693,-1.5151454210281372,0.2960137128829956,1.8111591339111328,-531.4550170898438,-133.00001525878906,133.0
1791344809.2947776,11520.871011871,7.061000000000693,0.02000000000000668,0.0,0.026988963998519466,left_ankle_pitch_joint,0.5842915773391724,17.368064880371094,4.223056793212891,0.8402253985404968,0.8402253985404968,0.0,-10.696067810058594,-10.696067810058594,39.89999771118164
1791344809.2947776,11520.871070751,7.061000000000693,0.02000000000000668,0.0,0.026988963998519466,right_ankle_pitch_joint,-0.30874982476234436,-8.67349624633789,-5.920231342315674,-1.8984625339508057,-1.190587043762207,0.7078754901885986,-82.37252044677734,-39.899993896484375,39.89999771118164
1791344809.2947776,11520.871080511,7.061000000000693,0.02000000000000668,0.0,0.026988963998519466,left_ankle_roll_joint,0.22774185240268707,-6.476498603820801,-5.045997619628906,-1.3624193668365479,-0.5991706252098083,0.7632487416267395,-85.69493103027344,-39.89999771118164,39.89999771118164
1791344809.2947776,11520.871087793,7.061000000000693,0.02000000000000668,0.0,0.026988963998519466,right_ankle_roll_joint,-0.5095775127410889,-6.121874809265137,-1.0457435846328735,-0.2823507785797119,-0.2823507785797119,0.0,22.816415786743164,22.816415786743164,39.89999771118164
1791344809.2947776,11520.871093957,7.061000000000693,0.02000000000000668,0.0,0.026988963998519466,left_hip_pitch_joint,1.2991890907287598,13.869424819946289,6.112847328186035,1.4004688262939453,1.4004688262939453,0.0,-60.93501281738281,-60.93501281738281,133.0
1791344809.2947776,11520.871100622,7.061000000000693,0.02000000000000668,0.0,0.026988963998519466,right_hip_pitch_joint,0.8082224130630493,0.4272523522377014,-3.2622156143188477,-1.13079833984375,0.21532928943634033,1.3461276292800903,-429.1480712890625,-133.0,133.0
1791344809.3152683,11520.891501728,7.075000000000697,0.02000000000000668,0.0,0.026988963998519466,left_ankle_pitch_joint,0.7791053056716919,9.249629020690918,4.223056793212891,0.8402253985404968,0.8402253985404968,0.0,-10.207237243652344,-10.207237243652344,39.89999771118164
1791344809.3152683,11520.891540032,7.075000000000697,0.02000000000000668,0.0,0.026988963998519466,right_ankle_pitch_joint,-0.4544612467288971,-9.649897575378418,-5.920231342315674,-1.8984625339508057,-1.3607087135314941,0.5377538204193115,-72.16522979736328,-39.90000534057617,39.89999771118164
1791344809.3152683,11520.891549001,7.075000000000697,0.02000000000000668,0.0,0.026988963998519466,left_ankle_roll_joint,0.03631904721260071,-13.069117546081543,-5.045997619628906,-1.3624193668365479,-0.9554088115692139,0.407010555267334,-64.32062530517578,-39.899993896484375,39.89999771118164
1791344809.3152683,11520.891556119,7.075000000000697,0.02000000000000668,0.0,0.026988963998519466,right_ankle_roll_joint,-0.5480135679244995,0.9695071578025818,-1.0457435846328735,-0.2823507785797119,-0.2823507785797119,0.0,14.485507011413574,14.485507011413574,39.89999771118164
1791344809.3152683,11520.891568648,7.075000000000697,0.02000000000000668,0.0,0.026988963998519466,left_hip_pitch_joint,1.4745115041732788,8.538814544677734,6.112847328186035,1.4004688262939453,1.4004688262939453,0.0,-67.52227783203125,-67.52227783203125,133.0
1791344809.3152683,11520.891575338,7.075000000000697,0.02000000000000668,0.0,0.026988963998519466,right_hip_pitch_joint,0.7873190641403198,-2.414844036102295,-3.2622156143188477,-1.13079833984375,0.11691427230834961,1.2477126121520996,-407.49676513671875,-133.0,133.0
1791344809.3352754,11520.911508983,7.087000000000701,0.02000000000000668,0.0,0.026989414000127,left_ankle_pitch_joint,0.7923914790153503,-7.952889919281006,-0.08959011733531952,-0.32418933510780334,-0.07143068313598633,0.252758651971817,-55.065513610839844,-39.899993896484375,39.89999771118164
1791344809.3352754,11520.911539609,7.087000000000701,0.02000000000000668,0.0,0.026989414000127,right_ankle_pitch_joint,-0.5520301461219788,-7.609407424926758,-1.4246387481689453,-0.6846524477005005,-0.6846524477005005,0.0,3.456772804260254,3.456772804260254,39.89999771118164
1791344809.3352754,11520.91154858,7.087000000000701,0.02000000000000668,0.0,0.026989414000127,left_ankle_roll_joint,-0.07691838592290878,-3.9002506732940674,-4.1796875,-1.1285157203674316,-0.8394246101379395,0.2890911102294922,-57.24546432495117,-39.89999771118164,39.89999771118164
1791344809.3352754,11520.911555699,7.087000000000701,0.02000000000000668,0.0,0.026989414000127,right_ankle_roll_joint,-0.4699614942073822,8.066308975219727,-3.1807925701141357,-0.858814001083374,-0.858814001083374,0.0,-35.43061447143555,-35.43061447143555,39.89999771118164
1791344809.3352754,11520.911561944,7.087000000000701,0.02000000000000668,0.0,0.026989414000127,left_hip_pitch_joint,1.5505518913269043,4.06486701965332,4.362414836883545,0.9278520345687866,1.0568664073944092,0.12901437282562256,-161.3831787109375,-133.00001525878906,133.0
1791344809.3352754,11520.911568653,7.087000000000701,0.02000000000000668,0.0,0.026989414000127,right_hip_pitch_joint,0.7520660758018494,-3.2183804512023926,-0.5422430038452148,-0.3964056372642517,0.059746623039245605,0.4561522603034973,-233.35348510742188,-132.99998474121094,133.0
1791344809.3574383,11520.933671592,7.102000000000706,0.02000000000000668,0.0,0.030599972000345588,left_ankle_pitch_joint,0.6494776010513306,-11.41564655303955,-1.6672837734222412,-0.750166654586792,-0.3009135127067566,0.4492531418800354,-66.85517883300781,-39.89999771118164,39.89999771118164
1791344809.3574383,11520.933752133,7.102000000000706,0.02000000000000668,0.0,0.030599972000345588,right_ankle_pitch_joint,-0.653294563293457,-6.84270715713501,2.915071487426758,0.487069308757782,-0.1593622863292694,0.646431565284729,78.68589782714844,39.89999771118164,39.89999771118164
1791344809.3574383,11520.933762139,7.102000000000706,0.02000000000000668,0.0,0.030599972000345588,left_ankle_roll_joint,-0.14243948459625244,-5.435615539550781,-4.6298956871032715,-1.2500718832015991,-0.9433298110961914,0.3067420721054077,-58.30452346801758,-39.89999771118164,39.89999771118164
1791344809.3574383,11520.93376958,7.102000000000706,0.02000000000000668,0.0,0.030599972000345588,right_ankle_roll_joint,-0.36540427803993225,6.921888828277588,-5.734378814697266,-1.5482823848724365,-0.8573570251464844,0.6909253597259521,-81.35552215576172,-39.89999771118164,39.89999771118164
1791344809.3574383,11520.933776394,7.102000000000706,0.02000000000000668,0.0,0.030599972000345588,left_hip_pitch_joint,1.5647369623184204,-1.4338529109954834,0.8317935466766357,-0.025415733456611633,0.9210864305496216,0.946502149105072,-341.2304992675781,-133.0,133.0
1791344809.3574383,11520.933783478,7.102000000000706,0.02000000000000668,0.0,0.030599972000345588,right_hip_pitch_joint,0.6942225694656372,-5.592320442199707,4.042941093444824,0.8415940999984741,0.8415940999984741,0.0,65.97566223144531,65.97566223144531,133.0
1791344809.3775527,11520.95378801,7.121000000000713,0.02000000000000668,0.0,0.024998662000143668,left_ankle_pitch_joint,0.40728867053985596,-12.730067253112793,-1.577455997467041,-0.7259131669998169,-0.5759629607200623,0.14995020627975464,-48.897010803222656,-39.89999771118164,39.89999771118164
1791344809.3775527,11520.953888985,7.121000000000713,0.02000000000000668,0.0,0.024998662000143668,right_ankle_pitch_joint,-0.7664955258369446,-4.497781276702881,6.153038501739502,1.3613204956054688,-0.2139400839805603,1.5752606391906738,134.41563415527344,39.900001525878906,39.89999771118164
1791344809.3775527,11520.953899124,7.121000000000713,0.02000000000000668,0.0,0.024998662000143668,left_ankle_roll_joint,-0.27717456221580505,-8.055419921875,-2.4990148544311523,-0.6747340559959412,-0.6747340559959412,0.0,-11.770439147949219,-11.770439147949219,39.89999771118164
1791344809.3775527,11520.953909418,7.121000000000713,0.02000000000000668,0.0,0.024998662000143668,right_ankle_roll_joint,-0.2504441738128662,4.6367950439453125,-7.039581298828125,-1.9006869792938232,-0.7995242476463318,1.1011626720428467,-105.96976470947266,-39.89999771118164,39.89999771118164
1791344809.3775527,11520.953916333,7.121000000000713,0.02000000000000668,0.0,0.024998662000143668,left_hip_pitch_joint,1.4668992757797241,-7.468803405761719,-3.227480888366699,-1.121419906616211,0.6586591601371765,1.7800791263580322,-524.617431640625,-133.0,133.0
1791344809.3775527,11520.953923089,7.121000000000713,0.02000000000000668,0.0,0.024998662000143668,right_hip_pitch_joint,0.5849102139472961,-6.370967864990234,8.313406944274902,1.9946198463439941,1.0157020092010498,0.9789178371429443,348.3619384765625,133.0,133.0
1791344809.397898,11520.974131632,7.135000000000717,0.02000000000000668,0.0,0.024998662000143668,left_ankle_pitch_joint,0.22419600188732147,-13.21685791015625,-1.577455997467041,-0.7259131669998169,-0.7259131669998169,0.0,-37.1812629699707,-37.1812629699707,39.89999771118164
1791344809.397898,11520.974166843,7.135000000000717,0.02000000000000668,0.0,0.024998662000143668,right_ankle_pitch_joint,-0.8174659013748169,-2.9191935062408447,6.153038501739502,1.3613204956054688,-0.22544580698013306,1.586766242980957,135.10595703125,39.89999771118164,39.89999771118164
1791344809.397898,11520.974175624,7.135000000000717,0.02000000000000668,0.0,0.024998662000143668,left_ankle_roll_joint,-0.40110069513320923,-9.501070022583008,-2.4990148544311523,-0.6747340559959412,-0.6747340559959412,0.0,-2.166396141052246,-2.166396141052246,39.89999771118164
1791344809.397898,11520.974182295,7.135000000000717,0.02000000000000668,0.0,0.024998662000143668,right_ankle_roll_joint,-0.19757764041423798,3.042707681655884,-7.039581298828125,-1.9006869792938232,-0.7865099310874939,1.1141769886016846,-106.75062561035156,-39.89999771118164,39.89999771118164
1791344809.397898,11520.974188749,7.135000000000717,0.02000000000000668,0.0,0.024998662000143668,left_hip_pitch_joint,1.3485472202301025,-9.03657054901123,-3.227480888366699,-1.121419906616211,0.497549831867218,1.6189696788787842,-489.17333984375,-133.0,133.0
1791344809.397898,11520.974195102,7.135000000000717,0.02000000000000668,0.0,0.024998662000143668,right_hip_pitch_joint,0.4778170883655548,-8.731478691101074,8.313406944274902,1.9946198463439941,0.8442312479019165,1.1503885984420776,386.08551025390625,132.99998474121094,133.0
1791344809.4179637,11520.994197182,7.148000000000722,0.02000000000000668,0.0,0.027099857999928645,left_ankle_pitch_joint,0.06744685024023056,-12.586845397949219,-1.216342568397522,-0.6284124851226807,-0.6284124851226807,0.0,-22.871292114257812,-22.871292114257812,39.89999771118164
1791344809.4179637,11520.994223216,7.148000000000722,0.02000000000000668,0.0,0.027099857999928645,right_ankle_pitch_joint,-0.8445923328399658,-1.7179652452468872,8.363838195800781,1.9582364559173584,-0.2225414514541626,2.1807780265808105,170.74667358398438,39.89999771118164,39.89999771118164
1791344809.4179637,11520.994231352,7.148000000000722,0.02000000000000668,0.0,0.027099857999928645,left_ankle_roll_joint,-0.515340268611908,-8.537760734558105,-0.3342756927013397,-0.09025444090366364,-0.09025444090366364,0.0,38.311790466308594,38.311790466308594,39.89999771118164
1791344809.4179637,11520.994241196,7.148000000000722,0.02000000000000668,0.0,0.027099857999928645,right_ankle_roll_joint,-0.16955214738845825,1.7457886934280396,-6.796841144561768,-1.8351471424102783,-0.7909073829650879,1.0442397594451904,-102.55438232421875,-39.89999771118164,39.89999771118164
1791344809.4179637,11520.994247859,7.148000000000722,0.02000000000000668,0.0,0.027099857999928645,left_hip_pitch_joint,1.2376877069473267,-9.412688255310059,-6.026617050170898,-1.87718665599823,0.37643253803253174,2.2536191940307617,-628.7962036132812,-133.0,133.0
1791344809.4179637,11520.994254003,7.148000000000722,0.02000000000000668,0.0,0.027099857999928645,right_hip_pitch_joint,0.36445847153663635,-9.729018211364746,10.809123992919922,2.668463706970215,0.7036670446395874,1.9647966623306274,565.2552490234375,133.0,133.0
1791344809.439925,11521.016158611,7.1620000000007265,0.02000000000000668,0.0,0.02730111900018528,left_ankle_pitch_joint,-0.11407572776079178,-12.024515151977539,-2.1913440227508545,-0.8916628956794739,-0.8916628956794739,0.0,-28.618457794189453,-28.618457794189453,39.89999771118164
1791344809.439925,11521.016197749,7.1620000000007265,0.02000000000000668,0.0,0.02730111900018528,right_ankle_pitch_joint,-0.8592883944511414,-0.34412699937820435,9.170613288879395,2.176065683364868,-0.20289158821105957,2.3789572715759277,182.63743591308594,39.89999771118164,39.89999771118164
1791344809.439925,11521.016205705,7.1620000000007265,0.02000000000000668,0.0,0.02730111900018528,left_ankle_roll_joint,-0.5837151408195496,-0.5042675137519836,-0.41872212290763855,-0.11305497586727142,-0.11305497586727142,0.0,28.996009826660156,28.996009826660156,39.89999771118164
1791344809.439925,11521.016212036,7.1620000000007265,0.02000000000000668,0.0,0.02730111900018528,right_ankle_roll_joint,-0.15590068697929382,0.17831094563007355,-5.131293296813965,-1.3854492902755737,-0.8164428472518921,0.5690064430236816,-74.04037475585938,-39.899993896484375,39.89999771118164
1791344809.439925,11521.016218668,7.1620000000007265,0.02000000000000668,0.0,0.02730111900018528,left_hip_pitch_joint,1.097654938697815,-9.290754318237305,-7.400967121124268,-2.2482612133026123,0.2397252917289734,2.4879865646362305,-680.3570556640625,-133.0,133.0
1791344809.439925,11521.016225234,7.1620000000007265,0.02000000000000668,0.0,0.02730111900018528,right_hip_pitch_joint,0.23147234320640564,-7.398076057434082,11.635997772216797,2.8917195796966553,0.6342520713806152,2.25746750831604,629.642822265625,133.0,133.0
1791344809.465923,11521.042157077,7.182000000000733,0.02000000000000668,0.0,0.027654539999275585,left_ankle_pitch_joint,-0.36709558963775635,-14.71823787689209,-1.6431115865707397,-0.7436401844024658,-0.7436401844024658,0.0,-0.51531982421875,-0.51531982421875,39.89999771118164
1791344809.465923,11521.042202889,7.182000000000733,0.02000000000000668,0.0,0.027654539999275585,right_ankle_pitch_joint,-0.8486172556877136,1.4022475481033325,8.374298095703125,1.9610605239868164,-0.14856112003326416,2.109621524810791,166.477294921875,39.89999771118164,39.89999771118164
1791344809.465923,11521.042212711,7.182000000000733,0.02000000000000668,0.0,0.027654539999275585,left_ankle_roll_joint,-0.4996086657047272,7.649427890777588,-2.5159926414489746,-0.6793180108070374,-0.6793180108070374,0.0,-22.256702423095703,-22.256702423095703,39.89999771118164
1791344809.465923,11521.042219797,7.182000000000733,0.02000000000000668,0.0,0.027654539999275585,right_ankle_roll_joint,-0.1726076453924179,-1.8563966751098633,-4.143369674682617,-1.1187098026275635,-0.8840175271034241,0.2346922755241394,-53.98153305053711,-39.89999771118164,39.89999771118164
1791344809.465923,11521.042226341,7.182000000000733,0.02000000000000668,0.0,0.027654539999275585,left_hip_pitch_joint,0.9129467606544495,-10.068130493164062,-6.953320503234863,-2.127396583557129,0.0338158905506134,2.16121244430542,-608.466796875,-133.0,133.0
1791344809.465923,11521.042243562,7.182000000000733,0.02000000000000668,0.0,0.027654539999275585,right_hip_pitch_joint,0.16711996495723724,1.131610631942749,10.979629516601562,2.7145001888275146,0.8025274276733398,1.9119727611541748,553.6339721679688,132.99998474121094,133.0
1791344809.4952743,11521.07150797,7.20200000000074,0.02000000000000668,0.0,0.026000305000707158,left_ankle_pitch_joint,-0.6805582642555237,-14.472822189331055,-0.11612366139888763,-0.33135339617729187,-0.3773788511753082,0.04602545499801636,42.661521911621094,39.89999771118164,39.89999771118164
1791344809.4952743,11521.07155708,7.20200000000074,0.02000000000000668,0.0,0.026000305000707158,right_ankle_pitch_joint,-0.7953568696975708,3.6339354515075684,6.901969909667969,1.5635318756103516,-0.03950858116149902,1.6030404567718506,136.08242797851562,39.899993896484375,39.89999771118164
1791344809.4952743,11521.071565766,7.20200000000074,0.02000000000000668,0.0,0.026000305000707158,left_ankle_roll_joint,-0.3387252688407898,7.23708963394165,-4.266931056976318,-1.152071475982666,-0.8227980136871338,0.3292734622955322,-59.656410217285156,-39.900001525878906,39.89999771118164
1791344809.4952743,11521.071572616,7.20200000000074,0.02000000000000668,0.0,0.026000305000707158,right_ankle_roll_joint,-0.23780356347560883,-4.240390777587891,-3.8458168506622314,-1.0383706092834473,-1.0088132619857788,0.029557347297668457,-41.673439025878906,-39.899993896484375,39.89999771118164
1791344809.4952743,11521.071579368,7.20200000000074,0.02000000000000668,0.0,0.026000305000707158,left_hip_pitch_joint,0.738689124584198,-3.6550304889678955,-5.647796154022217,-1.7749049663543701,0.03446108102798462,1.80936598777771,-531.060546875,-133.0,133.0
1791344809.4952743,11521.07158746,7.20200000000074,0.02000000000000668,0.0,0.026000305000707158,right_hip_pitch_joint,0.3382956087589264,14.914103507995605,8.197585105895996,1.963348150253296,1.3495893478393555,0.6137588024139404,268.0269470214844,133.00001525878906,133.0
1791344809.5223303,11521.098564413,7.2220000000007465,0.02000000000000668,0.0,0.02909890900082246,left_ankle_pitch_joint,-0.8897978663444519,-7.728459358215332,1.1085268259048462,-0.0006977617740631104,-0.4180094003677368,0.4173116385936737,64.93869018554688,39.89999771118164,39.89999771118164
1791344809.5223303,11521.098611034,7.2220000000007465,0.02000000000000668,0.0,0.02909890900082246,right_ankle_pitch_joint,-0.6934894919395447,6.266241550445557,5.467554569244385,1.1762397289276123,0.1281665563583374,1.048073172569275,102.78439331054688,39.900001525878906,39.89999771118164
1791344809.5223303,11521.098619579,7.2220000000007465,0.02000000000000668,0.0,0.02909890900082246,left_ankle_roll_joint,-0.15089726448059082,9.08557415008545,-5.406529903411865,-1.4597631692886353,-0.5887578725814819,0.8710052967071533,-92.16030883789062,-39.89999771118164,39.89999771118164
1791344809.5223303,11521.098626521,7.2220000000007465,0.02000000000000668,0.0,0.02909890900082246,right_ankle_roll_joint,-0.33847734332084656,-5.992473602294922,-2.7968456745147705,-0.7551483511924744,-0.7551483511924744,0.0,-16.011550903320312,-16.011550903320312,39.89999771118164
1791344809.5223303,11521.09863297,7.2220000000007465,0.02000000000000668,0.0,0.02909890900082246,left_hip_pitch_joint,0.6596489548683167,-3.8571133613586426,-3.3779945373535156,-1.1620585918426514,-0.05009055137634277,1.1119680404663086,-377.6329650878906,-133.0,133.0
1791344809.5223303,11521.09863922,7.2220000000007465,0.02000000000000668,0.0,0.02909890900082246,right_hip_pitch_joint,0.7111049890518188,21.290542602539062,5.45131778717041,1.221855878829956,1.221855878829956,0.0,-15.378059387207031,-15.378059387207031,133.0
1791344809.5454698,11521.121703298,7.241000000000753,0.02000000000000668,0.0,0.030940918999476708,left_ankle_pitch_joint,-0.9906032085418701,-4.325355529785156,3.1783692836761475,0.5581597089767456,-0.4337371587753296,0.9918968677520752,99.41380310058594,39.89999771118164,39.89999771118164
1791344809.5454698,11521.121745219,7.241000000000753,0.02000000000000668,0.0,0.030940918999476708,right_ankle_pitch_joint,-0.5720546245574951,7.821398735046387,2.732804775238037,0.43785732984542847,0.288480281829834,0.14937704801559448,48.86262130737305,39.89999771118164,39.89999771118164
1791344809.5454698,11521.121761481,7.241000000000753,0.02000000000000668,0.0,0.030940918999476708,left_ankle_roll_joint,-0.02247353084385395,6.069869518280029,-6.654910087585449,-1.7968257665634155,-0.5357267260551453,1.261099100112915,-115.56593322753906,-39.89999771118164,39.89999771118164
1791344809.5454698,11521.121768998,7.241000000000753,0.02000000000000668,0.0,0.030940918999476708,right_ankle_roll_joint,-0.4526574909687042,-7.292727470397949,-1.6409211158752441,-0.44304871559143066,-0.44304871559143066,0.0,11.515617370605469,11.515617370605469,39.89999771118164
1791344809.5454698,11521.121775345,7.241000000000753,0.02000000000000668,0.0,0.030940918999476708,left_hip_pitch_joint,0.5928757190704346,-3.9796435832977295,-0.5849806666374207,-0.40794479846954346,-0.12020552158355713,0.28773927688598633,-196.30264282226562,-133.0,133.0
1791344809.5454698,11521.121781385,7.241000000000753,0.02000000000000668,0.0,0.030940918999476708,right_hip_pitch_joint,1.026982069015503,15.661739349365234,3.1848130226135254,0.6098995208740234,0.8495749235153198,0.2396754026412964,-185.72860717773438,-133.0,133.0
1791344809.5660582,11521.142292125,7.2550000000007575,0.02000000000000668,0.0,0.030940918999476708,left_ankle_pitch_joint,-1.0021263360977173,1.3199121952056885,3.1783692836761475,0.5581597089767456,-0.3041285276412964,0.862288236618042,91.63729858398438,39.89999771118164,39.89999771118164
1791344809.5660582,11521.142329295,7.2550000000007575,0.02000000000000668,0.0,0.030940918999476708,right_ankle_pitch_joint,-0.44845569133758545,7.245327472686768,2.732804775238037,0.43785732984542847,0.397677481174469,0.04017984867095947,42.310787200927734,39.89999771118164,39.89999771118164
1791344809.5660582,11521.142337286,7.2550000000007575,0.02000000000000668,0.0,0.030940918999476708,left_ankle_roll_joint,0.0032352646812796593,-1.0079048871994019,-6.654910087585449,-1.7968257665634155,-0.6869623064994812,1.109863519668579,-106.49180603027344,-39.89999771118164,39.89999771118164
1791344809.5660582,11521.142344585,7.2550000000007575,0.02000000000000668,0.0,0.030940918999476708,right_ankle_roll_joint,-0.5582348108291626,-5.256726264953613,-1.6409211158752441,-0.44304871559143066,-0.44304871559143066,0.0,14.796255111694336,14.796255111694336,39.89999771118164
1791344809.5660582,11521.142351245,7.2550000000007575,0.02000000000000668,0.0,0.030940918999476708,left_hip_pitch_joint,0.5307578444480896,-3.5967249870300293,-0.5849806666374207,-0.40794479846954346,-0.17188012599945068,0.23606467247009277,-184.93423461914062,-133.0,133.0
1791344809.5660582,11521.142357411,7.2550000000007575,0.02000000000000668,0.0,0.030940918999476708,right_hip_pitch_joint,1.227504849433899,9.791542053222656,3.1848130226135254,0.6098995208740234,0.8900014162063599,0.2801018953323364,-194.62242126464844,-133.0,133.0
1791344809.5860767,11521.162310364,7.269000000000762,0.02000000000000668,0.0,0.027207139999518404,left_ankle_pitch_joint,-0.9781990051269531,2.107865571975708,5.72001314163208,1.244403600692749,-0.2605023980140686,1.5049059391021729,130.19435119628906,39.900001525878906,39.89999771118164
1791344809.5860767,11521.162341428,7.269000000000762,0.02000000000000668,0.0,0.027207139999518404,right_ankle_pitch_joint,-0.3595837652683258,5.241377353668213,-1.3357864618301392,-0.6606624126434326,-0.6606624126434326,0.0,-25.92678451538086,-25.92678451538086,39.89999771118164
1791344809.5860767,11521.162349561,7.269000000000762,0.02000000000000668,0.0,0.027207139999518404,left_ankle_roll_joint,-0.01860341988503933,-2.0866074562072754,-7.296271800994873,-1.9699934720993042,-0.7357685565948486,1.2342249155044556,-113.9534912109375,-39.89999771118164,39.89999771118164
1791344809.5860767,11521.162356838,7.269000000000762,0.02000000000000668,0.0,0.027207139999518404,right_ankle_roll_joint,-0.5973724722862244,-0.008878326043486595,-0.2178364247083664,-0.058815836906433105,-0.058815836906433105,0.0,32.32671356201172,32.32671356201172,39.89999771118164
1791344809.5860767,11521.162366299,7.269000000000762,0.02000000000000668,0.0,0.027207139999518404,left_hip_pitch_joint,0.5017620921134949,-0.534909188747406,1.0951231718063354,0.04568326473236084,0.04568326473236084,0.0,-97.12788391113281,-97.12788391113281,133.0
1791344809.5860767,11521.162372745,7.269000000000762,0.02000000000000668,0.0,0.027207139999518404,right_hip_pitch_joint,1.3088833093643188,3.3064968585968018,1.6352033615112305,0.19150492548942566,0.7945151329040527,0.6030101776123047,-265.6622314453125,-132.99996948242188,133.0
1791344809.6071885,11521.18342292,7.2820000000007665,0.02000000000000668,0.0,0.026313223999750335,left_ankle_pitch_joint,-0.9469409584999084,3.096665143966675,10.2316312789917,2.462540626525879,-0.20452439785003662,2.667065143585205,199.92388916015625,39.89999771118164,39.89999771118164
1791344809.6071885,11521.183470037,7.2820000000007665,0.02000000000000668,0.0,0.026313223999750335,right_ankle_pitch_joint,-0.3081403374671936,3.7302119731903076,-3.089538097381592,-1.1341753005981445,-0.8798850178718567,0.25429028272628784,-55.15741729736328,-39.89999771118164,39.89999771118164
1791344809.6071885,11521.183479042,7.2820000000007665,0.02000000000000668,0.0,0.026313223999750335,left_ankle_roll_joint,-0.05082637816667557,-3.2504541873931885,-6.712772846221924,-1.8124487400054932,-0.7970877289772034,1.0153610706329346,-100.82166290283203,-39.89999771118164,39.89999771118164
1791344809.6071885,11521.18348581,7.2820000000007665,0.02000000000000668,0.0,0.026313223999750335,right_ankle_roll_joint,-0.5615183115005493,5.380661487579346,1.0096865892410278,0.2726154029369354,0.23799818754196167,0.034617215394973755,41.97703170776367,39.89999771118164,39.89999771118164
1791344809.6071885,11521.183492518,7.2820000000007665,0.02000000000000668,0.0,0.026313223999750335,left_hip_pitch_joint,0.5046687126159668,0.34085172414779663,2.2152018547058105,0.3481045365333557,0.3481045365333557,0.0,-36.489227294921875,-36.489227294921875,133.0
1791344809.6071885,11521.183499431,7.2820000000007665,0.02000000000000668,0.0,0.026313223999750335,right_hip_pitch_joint,1.326744556427002,0.017579389736056328,0.1335257589817047,-0.21394804120063782,0.7226784825325012,0.9366265535354614,-339.0578308105469,-133.0,133.0
1791344809.6277297,11521.203964304,7.301000000000773,0.02000000000000668,0.0,0.028759745000570547,left_ankle_pitch_joint,-0.8618139028549194,5.492594242095947,12.187061309814453,2.990506649017334,-0.05949908494949341,3.0500056743621826,222.9003448486328,39.89999771118164,39.89999771118164
1791344809.6277297,11521.204020751,7.301000000000773,0.02000000000000668,0.0,0.028759745000570547,right_ankle_pitch_joint,-0.24314135313034058,3.0718436241149902,-3.5173404216766357,-1.2496819496154785,-0.8313452005386353,0.41833674907684326,-65.00019836425781,-39.89999771118164,39.89999771118164
1791344809.6277297,11521.20402941,7.301000000000773,0.02000000000000668,0.0,0.028759745000570547,left_ankle_roll_joint,-0.1397433578968048,-5.628809928894043,-4.672138214111328,-1.2614773511886597,-0.9454635381698608,0.31601381301879883,-58.86082458496094,-39.89999771118164,39.89999771118164
1791344809.6277297,11521.204035891,7.301000000000773,0.02000000000000668,0.0,0.028759745000570547,right_ankle_roll_joint,-0.3967321217060089,9.674151420593262,0.2741931676864624,0.07403215765953064,0.07403215765953064,0.0,13.734630584716797,13.734630584716797,39.89999771118164
1791344809.6277297,11521.204042761,7.301000000000773,0.02000000000000668,0.0,0.028759745000570547,left_hip_pitch_joint,0.5022359490394592,-0.7911717891693115,4.527135848999023,0.9723267555236816,0.9723267555236816,0.0,108.16700744628906,108.16700744628906,133.0
1791344809.6277297,11521.204049745,7.301000000000773,0.02000000000000668,0.0,0.028759745000570547,right_hip_pitch_joint,1.2848188877105713,-3.8630387783050537,-1.6890565156936646,-0.7060452699661255,0.5749177932739258,1.2809630632400513,-414.8118896484375,-133.0,133.0
1791344809.6481392,11521.224372889,7.316000000000778,0.02000000000000668,0.0,0.028759745000570547,left_ankle_pitch_joint,-0.7697792649269104,7.573421478271484,12.187061309814453,2.990506649017334,0.08455628156661987,2.9059503078460693,214.25701904296875,39.900001525878906,39.89999771118164
1791344809.6481392,11521.224413818,7.316000000000778,0.02000000000000668,0.0,0.028759745000570547,right_ankle_pitch_joint,-0.20311522483825684,2.6699812412261963,-3.5173404216766357,-1.2496819496154785,-0.8013656735420227,0.4483162760734558,-66.7989730834961,-39.89999771118164,39.89999771118164
1791344809.6481392,11521.224422693,7.316000000000778,0.02000000000000668,0.0,0.028759745000570547,left_ankle_roll_joint,-0.2325289100408554,-7.514040470123291,-4.672138214111328,-1.2614773511886597,-1.0853798389434814,0.17609751224517822,-50.465843200683594,-39.899993896484375,39.89999771118164
1791344809.6481392,11521.224429743,7.316000000000778,0.02000000000000668,0.0,0.028759745000570547,right_ankle_roll_joint,-0.256458044052124,10.189075469970703,0.2741931676864624,0.07403215765953064,0.07403215765953064,0.0,4.545799255371094,4.545799255371094,39.89999771118164
1791344809.6481392,11521.224436379,7.316000000000778,0.02000000000000668,0.0,0.028759745000570547,left_hip_pitch_joint,0.5111712217330933,1.8304522037506104,4.527135848999023,0.9723267555236816,0.9723267555236816,0.0,90.47150421142578,90.47150421142578,133.0
1791344809.6481392,11521.224442977,7.316000000000778,0.02000000000000668,0.0,0.028759745000570547,right_hip_pitch_joint,1.2165974378585815,-5.647099494934082,-1.6890565156936646,-0.7060452699661255,0.45804017782211304,1.1640853881835938,-389.0987854003906,-133.0,133.0
1791344809.6690888,11521.245322154,7.329000000000782,0.02000000000000668,0.0,0.02589965500010294,left_ankle_pitch_joint,-0.6488227844238281,9.461374282836914,12.950153350830078,3.1965415477752686,0.25271153450012207,2.9438300132751465,216.52980041503906,39.89999771118164,39.89999771118164
1791344809.6690888,11521.245352627,7.329000000000782,0.02000000000000668,0.0,0.02589965500010294,right_ankle_pitch_joint,-0.17125855386257172,1.9098018407821655,-3.722778797149658,-1.3051502704620361,-0.7885134816169739,0.5166367888450623,-70.89820098876953,-39.89999771118164,39.89999771118164
1791344809.6690888,11521.24536109,7.329000000000782,0.02000000000000668,0.0,0.02589965500010294,left_ankle_roll_joint,-0.35060837864875793,-9.011054992675781,-2.487027406692505,-0.6714974045753479,-0.6714974045753479,0.0,-5.736759185791016,-5.736759185791016,39.89999771118164
1791344809.6690888,11521.245368153,7.329000000000782,0.02000000000000668,0.0,0.02589965500010294,right_ankle_roll_joint,-0.11429391801357269,9.906452178955078,-0.8492060899734497,-0.22928565740585327,-0.22928565740585327,0.0,-21.75918197631836,-21.75918197631836,39.89999771118164
1791344809.6690888,11521.245374052,7.329000000000782,0.02000000000000668,0.0,0.02589965500010294,left_hip_pitch_joint,0.5416135191917419,2.753544807434082,7.224361419677734,1.7005776166915894,1.2212556600570679,0.4793219566345215,238.45083618164062,133.0,133.0
1791344809.6690888,11521.245380427,7.329000000000782,0.02000000000000668,0.0,0.02589965500010294,right_hip_pitch_joint,1.1252353191375732,-7.120296955108643,-4.270868301391602,-1.4031344652175903,0.32649993896484375,1.729634404182434,-513.5195922851562,-133.0,133.0
1791344809.6903148,11521.266549378,7.342000000000787,0.02000000000000668,0.0,0.028036354000505526,left_ankle_pitch_joint,-0.5181058049201965,10.37869930267334,13.64747142791748,3.384817361831665,0.4063616394996643,2.9784557819366455,218.60733032226562,39.900001525878906,39.89999771118164
1791344809.6903148,11521.266612098,7.342000000000787,0.02000000000000668,0.0,0.028036354000505526,right_ankle_pitch_joint,-0.15314532816410065,0.9346473217010498,-3.738335371017456,-1.3093504905700684,-0.7947791218757629,0.5145713686943054,-70.77428436279297,-39.89999771118164,39.89999771118164
1791344809.6903148,11521.266621551,7.342000000000787,0.02000000000000668,0.0,0.028036354000505526,left_ankle_roll_joint,-0.4726879894733429,-9.523841857910156,0.6460037231445312,0.1744210124015808,-0.04578408598899841,0.22020509839057922,53.1123046875,39.89999771118164,39.89999771118164
1791344809.6903148,11521.266638341,7.342000000000787,0.02000000000000668,0.0,0.028036354000505526,right_ankle_roll_joint,0.008554410189390182,9.020668983459473,-1.9683645963668823,-0.5314584374427795,-0.4309288263320923,0.10052961111068726,-45.93177795410156,-39.89999771118164,39.89999771118164
1791344809.6903148,11521.266645708,7.342000000000787,0.02000000000000668,0.0,0.028036354000505526,left_hip_pitch_joint,0.5786373019218445,2.6803648471832275,11.039010047912598,2.7305328845977783,1.2562836408615112,1.474249243736267,457.3348388671875,133.00001525878906,133.0
1791344809.6903148,11521.266652807,7.342000000000787,0.02000000000000668,0.0,0.028036354000505526,right_hip_pitch_joint,1.0220661163330078,-8.687621116638184,-7.388664245605469,-2.2449393272399902,0.18058550357818604,2.4255247116088867,-666.615478515625,-133.0,133.0
1791344809.7174704,11521.29370407,7.362000000000793,0.02000000000000668,0.0,0.027138372999615967,left_ankle_pitch_joint,-0.3402143716812134,8.217215538024902,16.647123336791992,4.194723129272461,0.5302159786224365,3.6645071506500244,259.7704162597656,39.900001525878906,39.89999771118164
1791344809.7174704,11521.293805545,7.362000000000793,0.02000000000000668,0.0,0.027138372999615967,right_ankle_pitch_joint,-0.15272562205791473,-0.8017335534095764,-4.098471164703369,-1.4065873622894287,-0.8377689123153687,0.5688184499740601,-74.02910614013672,-39.89999771118164,39.89999771118164
1791344809.7174704,11521.293815957,7.362000000000793,0.02000000000000668,0.0,0.027138372999615967,left_ankle_roll_joint,-0.5937827229499817,-2.4437971115112305,1.1596064567565918,0.31309375166893005,0.010122299194335938,0.3029714524745941,58.07828140258789,39.89999771118164,39.89999771118164
1791344809.7174704,11521.293823101,7.362000000000793,0.02000000000000668,0.0,0.027138372999615967,right_ankle_roll_joint,0.15946243703365326,6.958184242248535,-2.20546293258667,-0.5954750180244446,-0.3315829038619995,0.26389211416244507,-55.73352813720703,-39.89999771118164,39.89999771118164
1791344809.7174704,11521.293829426,7.362000000000793,0.02000000000000668,0.0,0.027138372999615967,left_hip_pitch_joint,0.6260430216789246,2.268580436706543,14.346921920776367,3.623669147491455,1.2924587726593018,2.3312103748321533,645.8662109375,132.99998474121094,133.0
1791344809.7174704,11521.293836475,7.362000000000793,0.02000000000000668,0.0,0.027138372999615967,right_hip_pitch_joint,0.8209103345870972,-12.36038589477539,-10.115900039672852,-2.981293201446533,-0.12073659896850586,2.8605566024780273,-762.322509765625,-133.0,133.0
1791344809.7375462,11521.31378053,7.380000000000799,0.02000000000000668,0.0,0.027138372999615967,left_ankle_pitch_joint,-0.20811808109283447,7.983953952789307,16.647123336791992,4.194723129272461,0.6564807891845703,3.5382423400878906,252.1945343017578,39.900001525878906,39.89999771118164
1791344809.7375462,11521.313827515,7.380000000000799,0.02000000000000668,0.0,0.027138372999615967,right_ankle_pitch_joint,-0.17995882034301758,-2.2658157348632812,-4.098471164703369,-1.4065873622894287,-0.901604175567627,0.5049831867218018,-70.19898986816406,-39.89999771118164,39.89999771118164
1791344809.7375462,11521.313836778,7.380000000000799,0.02000000000000668,0.0,0.027138372999615967,left_ankle_roll_joint,-0.554490864276886,6.336253643035889,1.1596064567565918,0.31309375166893005,0.26891541481018066,0.04417833685874939,42.550697326660156,39.89999771118164,39.89999771118164
1791344809.7375462,11521.313843805,7.380000000000799,0.02000000000000668,0.0,0.027138372999615967,right_ankle_roll_joint,0.26127785444259644,5.141291618347168,-2.20546293258667,-0.5954750180244446,-0.2751898169517517,0.32028520107269287,-59.11711120605469,-39.89999771118164,39.89999771118164
1791344809.7375462,11521.31385039,7.380000000000799,0.02000000000000668,0.0,0.027138372999615967,left_hip_pitch_joint,0.6441265344619751,3.8606061935424805,14.346921920776367,3.623669147491455,1.3539612293243408,2.2697079181671143,632.3357543945312,133.0,133.0
1791344809.7375462,11521.313870459,7.380000000000799,0.02000000000000668,0.0,0.027138372999615967,right_hip_pitch_joint,0.5874102711677551,-13.549199104309082,-10.115900039672852,-2.981293201446533,-0.38665878772735596,2.594634532928467,-703.819580078125,-133.0,133.0
1791344809.7575803,11521.333813994,7.392000000000803,0.02000000000000668,0.0,0.03033632999904512,left_ankle_pitch_joint,-0.08282477408647537,10.021943092346191,17.827695846557617,4.513477802276611,0.8327237963676453,3.6807539463043213,260.7452087402344,39.900001525878906,39.89999771118164
1791344809.7575803,11521.333844648,7.392000000000803,0.02000000000000668,0.0,0.03033632999904512,right_ankle_pitch_joint,-0.22010500729084015,-3.3833250999450684,-5.805880069732666,-1.8675878047943115,-0.9696880578994751,0.8978997468948364,-93.77397918701172,-39.899993896484375,39.89999771118164
1791344809.7575803,11521.333853047,7.392000000000803,0.02000000000000668,0.0,0.03033632999904512,left_ankle_roll_joint,-0.4392130970954895,8.828876495361328,-0.3485660254955292,-0.094112828373909,-0.094112828373909,0.0,7.462701797485352,7.462701797485352,39.89999771118164
1791344809.7575803,11521.333859998,7.392000000000803,0.02000000000000668,0.0,0.03033632999904512,right_ankle_roll_joint,0.3213600814342499,3.5310909748077393,-2.616461992263794,-0.7064447402954102,-0.2553626596927643,0.4510820806026459,-66.96492767333984,-39.900001525878906,39.89999771118164
1791344809.7575803,11521.33386628,7.392000000000803,0.02000000000000668,0.0,0.03033632999904512,left_hip_pitch_joint,0.7176033854484558,5.809167861938477,14.00090217590332,3.5302436351776123,1.4805806875228882,2.0496630668640137,583.9258422851562,133.0,133.0
1791344809.7575803,11521.333872993,7.392000000000803,0.02000000000000668,0.0,0.03033632999904512,right_hip_pitch_joint,0.3729758858680725,-17.32604217529297,-8.898139953613281,-2.6524977684020996,-0.7040980458259583,1.9483997821807861,-561.64794921875,-133.00001525878906,133.0
1791344809.7785466,11521.354781119,7.406000000000808,0.02000000000000668,0.0,0.02793164100148715,left_ankle_pitch_joint,0.07294145971536636,12.085823059082031,17.70816993713379,4.481205940246582,1.0400869846343994,3.4411189556121826,246.3671417236328,39.899993896484375,39.89999771118164
1791344809.7785466,11521.354828907,7.406000000000808,0.02000000000000668,0.0,0.02793164100148715,right_ankle_pitch_joint,-0.27591338753700256,-4.50075101852417,-6.7716383934021,-2.128342390060425,-1.0534319877624512,1.0749104022979736,-104.39461517333984,-39.899993896484375,39.89999771118164
1791344809.7785466,11521.354847179,7.406000000000808,0.02000000000000668,0.0,0.02793164100148715,left_ankle_roll_joint,-0.3169815242290497,8.344551086425781,-2.4196114540100098,-0.65329509973526,-0.65329509973526,0.0,-32.695640563964844,-32.695640563964844,39.89999771118164
1791344809.7785466,11521.354862,7.406000000000808,0.02000000000000668,0.0,0.02793164100148715,right_ankle_roll_joint,0.3584790527820587,1.8821842670440674,-3.0951473712921143,-0.8356898427009583,-0.2594663202762604,0.5762234926223755,-74.47341918945312,-39.89999771118164,39.89999771118164
1791344809.7785466,11521.354869409,7.406000000000808,0.02000000000000668,0.0,0.02793164100148715,left_hip_pitch_joint,0.8035060167312622,6.427937030792236,12.902170181274414,3.233586072921753,1.583358883857727,1.6502271890640259,496.04998779296875,133.0,133.0
1791344809.7785466,11521.354876471,7.406000000000808,0.02000000000000668,0.0,0.02793164100148715,right_hip_pitch_joint,0.10553903877735138,-20.528257369995117,-7.162285327911377,-2.183817148208618,-1.0588679313659668,1.1249492168426514,-380.48883056640625,-133.00001525878906,133.0
1791344809.8015664,11521.377800285,7.422000000000813,0.02000000000000668,0.0,0.027047591998780263,left_ankle_pitch_joint,0.2814953029155731,13.84667682647705,13.673622131347656,3.391878128051758,1.2926621437072754,2.0992159843444824,165.8529510498047,39.899993896484375,39.89999771118164
1791344809.8015664,11521.377842349,7.422000000000813,0.02000000000000668,0.0,0.027047591998780263,right_ankle_pitch_joint,-0.3594406545162201,-5.872186660766602,-6.125167369842529,-1.9537951946258545,-1.1712453365325928,0.7825498580932617,-86.85298919677734,-39.89999771118164,39.89999771118164
1791344809.8015664,11521.377858646,7.422000000000813,0.02000000000000668,0.0,0.027047591998780263,left_ankle_roll_joint,-0.20032578706741333,6.311945915222168,-3.2803478240966797,-0.8856939673423767,-0.7075270414352417,0.178166925907135,-50.59000778198242,-39.899993896484375,39.89999771118164
1791344809.8015664,11521.377866431,7.422000000000813,0.02000000000000668,0.0,0.027047591998780263,right_ankle_roll_joint,0.3729155361652374,0.040976207703351974,-3.284301996231079,-0.8867615461349487,-0.2910600006580353,0.5957015752792358,-75.64208221435547,-39.899993896484375,39.89999771118164
1791344809.8015664,11521.377873326,7.422000000000813,0.02000000000000668,0.0,0.027047591998780263,left_hip_pitch_joint,0.9286354780197144,9.10608196258545,9.891827583312988,2.4207935333251953,1.7815284729003906,0.6392650604248047,273.6383056640625,132.99996948242188,133.0
1791344809.8015664,11521.377880376,7.422000000000813,0.02000000000000668,0.0,0.027047591998780263,right_hip_pitch_joint,-0.21805733442306519,-19.40224266052246,-5.460292816162109,-1.7242791652679443,-1.351754903793335,0.3725242614746094,-214.955322265625,-133.0,133.0
1791344809.8275692,11521.403802882,7.44200000000082,0.02000000000000668,0.0,0.026954271001159213,left_ankle_pitch_joint,0.5627862811088562,15.794700622558594,5.566348075866699,1.2029139995574951,1.2029139995574951,0.0,14.71561050415039,14.71561050415039,39.89999771118164
1791344809.8275692,11521.40386642,7.44200000000082,0.02000000000000668,0.0,0.026954271001159213,right_ankle_pitch_joint,-0.48707959055900574,-7.496344566345215,-5.34254789352417,-1.742487907409668,-1.3394882678985596,0.4029996395111084,-64.0799789428711,-39.900001525878906,39.89999771118164
1791344809.8275692,11521.403879313,7.44200000000082,0.02000000000000668,0.0,0.026954271001159213,left_ankle_roll_joint,-0.10486947000026703,3.8315281867980957,-4.652688980102539,-1.2562260627746582,-0.6740812659263611,0.5821447968482971,-74.82868957519531,-39.89999771118164,39.89999771118164
1791344809.8275692,11521.403888293,7.44200000000082,0.02000000000000668,0.0,0.026954271001159213,right_ankle_roll_joint,0.3519142270088196,-2.20324969291687,-1.8787665367126465,-0.5072669982910156,-0.368166983127594,0.13910001516342163,-48.24599838256836,-39.89999771118164,39.89999771118164
1791344809.8275692,11521.403896641,7.44200000000082,0.02000000000000668,0.0,0.026954271001159213,left_hip_pitch_joint,1.1395145654678345,13.787177085876465,5.752974987030029,1.3033033609390259,1.3033033609390259,0.0,-46.68952560424805,-46.68952560424805,133.0
1791344809.8275692,11521.403905493,7.44200000000082,0.02000000000000668,0.0,0.026954271001159213,right_hip_pitch_joint,-0.5691768527030945,-18.45819091796875,-3.6328189373016357,-1.2308611869812012,-1.2308611869812012,0.0,-34.8214111328125,-34.8214111328125,133.0
1791344809.8566725,11521.432906515,7.462000000000827,0.02000000000000668,0.0,0.026188779000221984,left_ankle_pitch_joint,0.8436251282691956,6.511030673980713,-1.5457242727279663,-0.7173455953598022,0.3414009213447571,1.058746576309204,-103.42479705810547,-39.900001525878906,39.89999771118164
1791344809.8566725,11521.432981331,7.462000000000827,0.02000000000000668,0.0,0.026188779000221984,right_ankle_pitch_joint,-0.6570873260498047,-9.648137092590332,-1.956276774406433,-0.8281947374343872,-0.8281947374343872,0.0,4.205760955810547,4.205760955810547,39.89999771118164
1791344809.8566725,11521.432993132,7.462000000000827,0.02000000000000668,0.0,0.026188779000221984,left_ankle_roll_joint,-0.03981083258986473,6.846225261688232,-4.325930595397949,-1.1680012941360474,-0.5336551666259766,0.6343461275100708,-77.96076965332031,-39.89999771118164,39.89999771118164
1791344809.8566725,11521.433008282,7.462000000000827,0.02000000000000668,0.0,0.026188779000221984,right_ankle_roll_joint,0.28111132979393005,-4.741379261016846,0.5527613162994385,0.14924556016921997,0.14924556016921997,0.0,-0.7998771667480469,-0.7998771667480469,39.89999771118164
1791344809.8566725,11521.43303365,7.462000000000827,0.02000000000000668,0.0,0.026188779000221984,left_hip_pitch_joint,1.3995914459228516,12.189925193786621,3.4243834018707275,0.6745835542678833,1.1274985074996948,0.4529149532318115,-232.64129638671875,-133.0,133.0
1791344809.8566725,11521.433043184,7.462000000000827,0.02000000000000668,0.0,0.026188779000221984,right_hip_pitch_joint,-0.888733983039856,-11.006607055664062,-1.0548371076583862,-0.5348060131072998,-0.5843687057495117,0.049562692642211914,143.90379333496094,133.0,133.0
1791344809.877133,11521.453366566,7.481000000000833,0.02000000000000668,0.0,0.029637860998263932,left_ankle_pitch_joint,0.7855343818664551,-9.070344924926758,-3.6365103721618652,-1.2818578481674194,-0.10622429847717285,1.1756335496902466,-110.43802642822266,-39.900001525878906,39.89999771118164
1791344809.877133,11521.453431451,7.481000000000833,0.02000000000000668,0.0,0.029637860998263932,right_ankle_pitch_joint,-0.8385607600212097,-8.966567993164062,2.760331153869629,0.4452894330024719,-0.397724986076355,0.8430144190788269,90.48086547851562,39.89999771118164,39.89999771118164
1791344809.877133,11521.453447784,7.481000000000833,0.02000000000000668,0.0,0.029637860998263932,left_ankle_roll_joint,0.013871545903384686,0.7466595768928528,-3.524087429046631,-0.9515036344528198,-0.6324619054794312,0.31904172897338867,-59.042503356933594,-39.899993896484375,39.89999771118164
1791344809.877133,11521.453455987,7.481000000000833,0.02000000000000668,0.0,0.029637860998263932,right_ankle_roll_joint,0.1888001412153244,-4.656752109527588,-0.39264655113220215,-0.10601457208395004,-0.10601457208395004,0.0,-10.703754425048828,-10.703754425048828,39.89999771118164
1791344809.877133,11521.453464662,7.481000000000833,0.02000000000000668,0.0,0.029637860998263932,left_hip_pitch_joint,1.5777432918548584,5.307937145233154,3.1095447540283203,0.5895771384239197,1.11795973777771,0.5283825993537903,-249.2441864013672,-133.0,133.0
1791344809.877133,11521.453471655,7.481000000000833,0.02000000000000668,0.0,0.029637860998263932,right_hip_pitch_joint,-0.9628809690475464,1.2316349744796753,-0.08128038048744202,-0.2719457149505615,-0.32474541664123535,0.05279970169067383,144.61593627929688,133.0,133.0
1791344809.8979297,11521.474163499,7.496000000000838,0.02000000000000668,0.0,0.029637860998263932,left_ankle_pitch_joint,0.6099739670753479,-11.75843334197998,-3.6365103721618652,-1.2818578481674194,-0.34898680448532104,0.9328710436820984,-95.87226104736328,-39.89999771118164,39.89999771118164
1791344809.8979297,11521.47419704,7.496000000000838,0.02000000000000668,0.0,0.029637860998263932,right_ankle_pitch_joint,-0.9478855133056641,-4.804121017456055,2.760331153869629,0.4452894330024719,-0.4029885530471802,0.8482779860496521,90.79667663574219,39.89999771118164,39.89999771118164
1791344809.8979297,11521.474205139,7.496000000000838,0.02000000000000668,0.0,0.029637860998263932,left_ankle_roll_joint,0.01777663826942444,-0.2943969964981079,-3.524087429046631,-0.9515036344528198,-0.654583215713501,0.29692041873931885,-57.71521759033203,-39.899993896484375,39.89999771118164
1791344809.8979297,11521.474212069,7.496000000000838,0.02000000000000668,0.0,0.029637860998263932,right_ankle_roll_joint,0.09380709379911423,-6.749924659729004,-0.39264655113220215,-0.10601457208395004,-0.10601457208395004,0.0,-1.8644123077392578,-1.8644123077392578,39.89999771118164
1791344809.8979297,11521.474218458,7.496000000000838,0.02000000000000668,0.0,0.029637860998263932,left_hip_pitch_joint,1.5928003787994385,-3.222412586212158,3.1095447540283203,0.5895771384239197,0.9003709554672241,0.31079381704330444,-201.3746337890625,-133.0,133.0
1791344809.8979297,11521.474224648,7.496000000000838,0.02000000000000668,0.0,0.029637860998263932,right_hip_pitch_joint,-0.8806338310241699,8.296246528625488,-0.08128038048744202,-0.2719457149505615,-0.2719457149505615,0.0,84.1339111328125,84.1339111328125,133.0
1791344809.919567,11521.495800371,7.511000000000843,0.02000000000000668,0.0,0.02674459000081697,left_ankle_pitch_joint,0.437971293926239,-12.832789421081543,-2.9233126640319824,-1.08929443359375,-0.5478484034538269,0.5414460301399231,-72.38676452636719,-39.89999771118164,39.89999771118164
1791344809.919567,11521.495834309,7.511000000000843,0.02000000000000668,0.0,0.02674459000081697,right_ankle_pitch_joint,-0.9991288781166077,-2.5451204776763916,5.50405740737915,1.1860954761505127,-0.3977569341659546,1.5838524103164673,134.93115234375,39.89999771118164,39.89999771118164
1791344809.919567,11521.495842602,7.511000000000843,0.02000000000000668,0.0,0.02674459000081697,left_ankle_roll_joint,0.006936194375157356,-0.9947081804275513,-0.7071722149848938,-0.19093650579452515,-0.19093650579452515,0.0,-10.38029956817627,-10.38029956817627,39.89999771118164
1791344809.919567,11521.495849633,7.511000000000843,0.02000000000000668,0.0,0.02674459000081697,right_ankle_roll_joint,0.004092749208211899,-6.261512279510498,-3.007673978805542,-0.8120719790458679,-0.8120719790458679,0.0,-39.577613830566406,-39.577613830566406,39.89999771118164
1791344809.919567,11521.495856089,7.511000000000843,0.02000000000000668,0.0,0.02674459000081697,left_hip_pitch_joint,1.4962999820709229,-8.996685981750488,1.8517180681228638,0.2499639093875885,0.6463903784751892,0.3964264690876007,-220.2138214111328,-133.0,133.0
1791344809.919567,11521.495862542,7.511000000000843,0.02000000000000668,0.0,0.02674459000081697,right_hip_pitch_joint,-0.7429993748664856,10.77855396270752,1.1393972635269165,0.05763727426528931,0.05763727426528931,0.0,111.46873474121094,111.46873474121094,133.0
1791344809.9395812,11521.515815251,7.523000000000847,0.02000000000000668,0.0,0.026372325999545865,left_ankle_pitch_joint,0.26316526532173157,-13.951709747314453,-2.8489296436309814,-1.0692110061645508,-0.750627338886261,0.3185836672782898,-59.01500701904297,-39.899993896484375,39.89999771118164
1791344809.9395812,11521.515868423,7.523000000000847,0.02000000000000668,0.0,0.026372325999545865,right_ankle_pitch_joint,-0.9856409430503845,2.3791134357452393,6.900120735168457,1.563032627105713,-0.2611631751060486,1.8241958618164062,149.35174560546875,39.899993896484375,39.89999771118164
1791344809.9395812,11521.515877345,7.523000000000847,0.02000000000000668,0.0,0.026372325999545865,left_ankle_roll_joint,-0.0078055644407868385,-1.263759970664978,1.0749781131744385,0.29024410247802734,0.29024410247802734,0.0,19.77861976623535,19.77861976623535,39.89999771118164
1791344809.9395812,11521.515884265,7.523000000000847,0.02000000000000668,0.0,0.026372325999545865,right_ankle_roll_joint,-0.03559011593461037,-2.528258800506592,-4.380506992340088,-1.1827369928359985,-0.7637965679168701,0.4189404249191284,-65.03642272949219,-39.89999771118164,39.89999771118164
1791344809.9395812,11521.515890821,7.523000000000847,0.02000000000000668,0.0,0.026372325999545865,left_hip_pitch_joint,1.3676085472106934,-10.433451652526855,-0.588019847869873,-0.40876537561416626,0.4785144329071045,0.8872798085212708,-328.2015380859375,-133.0,133.0
1791344809.9395812,11521.515897489,7.523000000000847,0.02000000000000668,0.0,0.026372325999545865,right_hip_pitch_joint,-0.6026384830474854,10.65481185913086,3.573211908340454,0.7147672772407532,0.29249268770217896,0.4222745895385742,225.900390625,133.0,133.0
1791344809.9656448,11521.541878148,7.542000000000853,0.02000000000000668,0.0,0.028057057001205976,left_ankle_pitch_joint,-0.017999080941081047,-15.546558380126953,-3.3099780082702637,-1.1936941146850586,-1.0716629028320312,0.12203121185302734,-47.22186279296875,-39.899993896484375,39.89999771118164
1791344809.9656448,11521.541921613,7.542000000000853,0.02000000000000668,0.0,0.028057057001205976,right_ankle_pitch_joint,-0.9223542809486389,4.333645820617676,8.000245094299316,1.8600664138793945,-0.14901316165924072,2.0090794563293457,160.44476318359375,39.89999771118164,39.89999771118164
1791344809.9656448,11521.541930899,7.542000000000853,0.02000000000000668,0.0,0.028057057001205976,left_ankle_roll_joint,-0.021672170609235764,-0.2463523894548416,2.0258665084838867,0.5469839572906494,0.5469839572906494,0.0,34.48889923095703,34.48889923095703,39.89999771118164
1791344809.9656448,11521.541946539,7.542000000000853,0.02000000000000668,0.0,0.028057057001205976,right_ankle_roll_joint,-0.10477408766746521,-4.741292476654053,-2.5445668697357178,-0.6870330572128296,-0.6870330572128296,0.0,-27.823596954345703,-27.823596954345703,39.89999771118164
1791344809.9656448,11521.541953637,7.542000000000853,0.02000000000000668,0.0,0.028057057001205976,left_hip_pitch_joint,1.1800694465637207,-8.89148998260498,-3.1106882095336914,-1.0898858308792114,0.33302879333496094,1.4229146242141724,-446.04119873046875,-133.0,133.0
1791344809.9656448,11521.54196046,7.542000000000853,0.02000000000000668,0.0,0.028057057001205976,right_hip_pitch_joint,-0.38737884163856506,12.709762573242188,5.285018444061279,1.176954984664917,0.5637965202331543,0.6131584644317627,267.8948669433594,133.0,133.0
1791344809.9925807,11521.568814114,7.56200000000086,0.02000000000000668,0.0,0.027111503999549313,left_ankle_pitch_joint,-0.32710155844688416,-16.791170120239258,-2.688441276550293,-1.025879144668579,-1.025879144668579,0.0,-16.739898681640625,-16.739898681640625,39.89999771118164
1791344809.9925807,11521.568860167,7.56200000000086,0.02000000000000668,0.0,0.027111503999549313,right_ankle_pitch_joint,-0.8165504336357117,6.732165336608887,8.731010437011719,2.057373046875,0.016753673553466797,2.040619373321533,162.337158203125,39.89999771118164,39.89999771118164
1791344809.9925807,11521.568869724,7.56200000000086,0.02000000000000668,0.0,0.027111503999549313,left_ankle_roll_joint,-0.00839713029563427,1.5786991119384766,2.1664068698883057,0.584929883480072,0.584929883480072,0.0,33.231571197509766,33.231571197509766,39.89999771118164
1791344809.9925807,11521.568876736,7.56200000000086,0.02000000000000668,0.0,0.027111503999549313,right_ankle_roll_joint,-0.21547384560108185,-6.756876468658447,-1.4092646837234497,-0.38050147891044617,-0.38050147891044617,0.0,0.2336568832397461,0.2336568832397461,39.89999771118164
1791344809.9925807,11521.568883099,7.56200000000086,0.02000000000000668,0.0,0.027111503999549313,left_hip_pitch_joint,1.0436168909072876,-6.043554782867432,-4.662032604217529,-1.5087488889694214,0.2742472290992737,1.7829961776733398,-525.2590942382812,-133.0,133.0
1791344809.9925807,11521.568889723,7.56200000000086,0.02000000000000668,0.0,0.027111503999549313,right_hip_pitch_joint,-0.08170785009860992,19.890892028808594,6.747084617614746,1.5717129707336426,1.0653164386749268,0.5063965320587158,244.40721130371094,132.99998474121094,133.0
1791344810.0126405,11521.588874556,7.581000000000866,0.02000000000000668,0.0,0.02735765800025547,left_ankle_pitch_joint,-0.6423279047012329,-15.938263893127441,0.3369535207748413,-0.20902255177497864,-0.3757845461368561,0.16676199436187744,49.90571594238281,39.89999771118164,39.89999771118164
1791344810.0126405,11521.588928359,7.581000000000866,0.02000000000000668,0.0,0.02735765800025547,right_ankle_pitch_joint,-0.67018723487854,8.43950080871582,9.426315307617188,2.245105266571045,0.20580023527145386,2.0393049716949463,162.25830078125,39.89999771118164,39.89999771118164
1791344810.0126405,11521.588937595,7.581000000000866,0.02000000000000668,0.0,0.02735765800025547,left_ankle_roll_joint,0.03824876248836517,3.050175666809082,0.7339515686035156,0.19816693663597107,0.19816693663597107,0.0,5.019827365875244,5.019827365875244,39.89999771118164
1791344810.0126405,11521.588944478,7.581000000000866,0.02000000000000668,0.0,0.02735765800025547,right_ankle_roll_joint,-0.35390859842300415,-7.602488040924072,-0.6225976347923279,-0.16810137033462524,-0.16810137033462524,0.0,22.552165985107422,22.552165985107422,39.89999771118164
1791344810.0126405,11521.588950932,7.581000000000866,0.02000000000000668,0.0,0.02735765800025547,left_hip_pitch_joint,0.9266378879547119,-6.797603130340576,-5.726035118103027,-1.7960295677185059,0.1367032527923584,1.9327328205108643,-558.201171875,-133.0,133.0
1791344810.0126405,11521.588957637,7.581000000000866,0.02000000000000668,0.0,0.02735765800025547,right_hip_pitch_joint,0.4029226303100586,30.622089385986328,9.729194641113281,2.376882553100586,1.842616081237793,0.534266471862793,250.53863525390625,133.0,133.0
1791344810.0335171,11521.609750479,7.594000000000871,0.02000000000000668,0.0,0.02735765800025547,left_ankle_pitch_joint,-0.8326765894889832,-13.100729942321777,0.3369535207748413,-0.20902255177497864,-0.4951948821544647,0.2861723303794861,57.070335388183594,39.89999771118164,39.89999771118164
1791344810.0335171,11521.609808579,7.594000000000871,0.02000000000000668,0.0,0.02735765800025547,right_ankle_pitch_joint,-0.5562043786048889,8.924222946166992,9.426315307617188,2.245105266571045,0.3319011330604553,1.9132041931152344,154.69224548339844,39.89999771118164,39.89999771118164
1791344810.0335171,11521.609819139,7.594000000000871,0.02000000000000668,0.0,0.02735765800025547,left_ankle_roll_joint,0.07555124908685684,2.332221508026123,0.7339515686035156,0.19816693663597107,0.19816693663597107,0.0,3.8586089611053467,3.8586089611053467,39.89999771118164
1791344810.0335171,11521.609826525,7.594000000000871,0.02000000000000668,0.0,0.02735765800025547,right_ankle_roll_joint,-0.4529664218425751,-7.512255668640137,-0.6225976347923279,-0.16810137033462524,-0.16810137033462524,0.0,28.360286712646484,28.360286712646484,39.89999771118164
1791344810.0335171,11521.609833053,7.594000000000871,0.02000000000000668,0.0,0.02735765800025547,left_hip_pitch_joint,0.8323558568954468,-7.784135341644287,-5.726035118103027,-1.7960295677185059,0.01551586389541626,1.8115453720092773,-531.5399780273438,-133.0,133.0
1791344810.0335171,11521.609839426,7.594000000000871,0.02000000000000668,0.0,0.02735765800025547,right_hip_pitch_joint,0.8297452926635742,33.91732406616211,9.729194641113281,2.376882553100586,2.3593087196350098,0.017573833465576172,136.86627197265625,133.00003051757812,133.0
1791344810.0536902,11521.629924668,7.607000000000875,0.02000000000000668,0.0,0.02753032699911273,left_ankle_pitch_joint,-0.9643877148628235,-4.843874454498291,5.2371978759765625,1.1140434741973877,-0.42048460245132446,1.5345280170440674,131.9716796875,39.89999771118164,39.89999771118164
1791344810.0536902,11521.629969605,7.607000000000875,0.02000000000000668,0.0,0.02753032699911273,right_ankle_pitch_joint,-0.4354378879070282,8.158413887023926,8.0305814743042,1.8682570457458496,0.43352240324020386,1.434734582901001,125.98406982421875,39.899993896484375,39.89999771118164
1791344810.0536902,11521.629980341,7.607000000000875,0.02000000000000668,0.0,0.02753032699911273,left_ankle_roll_joint,0.06150326877832413,-5.910383701324463,-1.637986660003662,-0.4422564208507538,-0.4422564208507538,0.0,-21.360004425048828,-21.360004425048828,39.89999771118164
1791344810.0536902,11521.629989306,7.607000000000875,0.02000000000000668,0.0,0.02753032699911273,right_ankle_roll_joint,-0.5426598787307739,-4.915363311767578,-0.5810831189155579,-0.15689244866371155,-0.15689244866371155,0.0,30.51909065246582,30.51909065246582,39.89999771118164
1791344810.0536902,11521.629997396,7.607000000000875,0.02000000000000668,0.0,0.02753032699911273,left_hip_pitch_joint,0.6961499452590942,-11.503417015075684,-5.126905918121338,-1.6342647075653076,-0.2221251130104065,1.412139654159546,-443.67071533203125,-133.0,133.0
1791344810.0536902,11521.630019803,7.607000000000875,0.02000000000000668,0.0,0.02753032699911273,right_hip_pitch_joint,1.3215079307556152,35.99740982055664,12.030586242675781,2.998258352279663,2.9078009128570557,0.09045743942260742,152.900634765625,133.0,133.0
1791344810.0755758,11521.651810177,7.62300000000088,0.02000000000000668,0.0,0.02803538300031505,left_ankle_pitch_joint,-1.018616795539856,0.8271493911743164,8.625946044921875,2.029005527496338,-0.33293813467025757,2.3619437217712402,181.61660766601562,39.89999771118164,39.89999771118164
1791344810.0755758,11521.651867854,7.62300000000088,0.02000000000000668,0.0,0.02803538300031505,right_ankle_pitch_joint,-0.3221989870071411,7.186097621917725,5.904654026031494,1.2942566871643066,0.5224534273147583,0.7718032598495483,86.20819854736328,39.900001525878906,39.89999771118164
1791344810.0755758,11521.651877558,7.62300000000088,0.02000000000000668,0.0,0.02803538300031505,left_ankle_roll_joint,-0.019474299624562263,-0.7112742066383362,-3.425724506378174,-0.9249456524848938,-0.7022561430931091,0.22268950939178467,-53.26136779785156,-39.89999771118164,39.89999771118164
1791344810.0755758,11521.651893019,7.62300000000088,0.02000000000000668,0.0,0.02803538300031505,right_ankle_roll_joint,-0.5742704272270203,0.6726688146591187,-0.8208506107330322,-0.22162967920303345,-0.22162967920303345,0.0,20.149442672729492,20.149442672729492,39.89999771118164
1791344810.0755758,11521.651900811,7.62300000000088,0.02000000000000668,0.0,0.02803538300031505,left_hip_pitch_joint,0.49538785219192505,-15.133349418640137,-3.5558948516845703,-1.2100915908813477,-0.521885335445404,0.6882062554359436,-284.4053955078125,-133.0,133.0
1791344810.0755758,11521.651907705,7.62300000000088,0.02000000000000668,0.0,0.02803538300031505,right_hip_pitch_joint,1.8582829236984253,33.52792739868164,11.968999862670898,2.9816300868988037,2.9816300868988037,0.0,45.96881103515625,45.96881103515625,133.0
1791344810.1016726,11521.67790734,7.642000000000887,0.02000000000000668,0.0,0.025944380000510137,left_ankle_pitch_joint,-0.9930264353752136,1.9127976894378662,10.833714485168457,2.625102996826172,-0.28020650148391724,2.9053094387054443,214.21856689453125,39.89999771118164,39.89999771118164
1791344810.1016726,11521.677950088,7.642000000000887,0.02000000000000668,0.0,0.025944380000510137,right_ankle_pitch_joint,-0.1784125566482544,8.480584144592285,0.5773681998252869,-0.14411059021949768,-0.14411059021949768,0.0,-10.662758827209473,-10.662758827209473,39.89999771118164
1791344810.1016726,11521.677959894,7.642000000000887,0.02000000000000668,0.0,0.025944380000510137,left_ankle_roll_joint,-0.04800180345773697,-2.3432202339172363,-2.3375039100646973,-0.6311261057853699,-0.6311261057853699,0.0,-31.472627639770508,-31.472627639770508,39.89999771118164
1791344810.1016726,11521.677967471,7.642000000000887,0.02000000000000668,0.0,0.025944380000510137,right_ankle_roll_joint,-0.4934508502483368,6.6899919509887695,0.44741714000701904,0.1208026334643364,0.1208026334643364,0.0,26.820220947265625,26.820220947265625,39.89999771118164
1791344810.1016726,11521.677974658,7.642000000000887,0.02000000000000668,0.0,0.025944380000510137,left_hip_pitch_joint,0.20959050953388214,-11.5628080368042,-1.2196555137634277,-0.579306960105896,-0.579306960105896,0.0,-104.18058776855469,-104.18058776855469,133.0
1791344810.1016726,11521.677981933,7.642000000000887,0.02000000000000668,0.0,0.025944380000510137,right_hip_pitch_joint,2.353386402130127,19.954050064086914,9.387320518493652,2.284576654434204,2.2930424213409424,0.008465766906738281,-134.86244201660156,-132.99998474121094,133.0
1791344810.12957,11521.705803385,7.662000000000893,0.02000000000000668,0.0,0.02696520499921462,left_ankle_pitch_joint,-0.9363185167312622,3.808375835418701,15.360841751098633,3.8474276065826416,-0.1761091947555542,4.023536682128906,281.3122253417969,39.89999771118164,39.89999771118164
1791344810.12957,11521.705845837,7.662000000000893,0.02000000000000668,0.0,0.02696520499921462,right_ankle_pitch_joint,0.0036248487886041403,9.444341659545898,-4.50916051864624,-1.5174734592437744,-0.4252665936946869,1.0922068357467651,-105.43240356445312,-39.89999771118164,39.89999771118164
1791344810.12957,11521.705854774,7.662000000000893,0.02000000000000668,0.0,0.02696520499921462,left_ankle_roll_joint,-0.11324900388717651,-4.135498046875,0.29616519808769226,0.07996460795402527,0.07996460795402527,0.0,17.796062469482422,17.796062469482422,39.89999771118164
1791344810.12957,11521.7058616,7.662000000000893,0.02000000000000668,0.0,0.02696520499921462,right_ankle_roll_joint,-0.3431103825569153,7.95290994644165,0.01743580400943756,0.0047076670452952385,0.0047076670452952385,0.0,8.939718246459961,8.939718246459961,39.89999771118164
1791344810.12957,11521.705868165,7.662000000000893,0.02000000000000668,0.0,0.02696520499921462,left_hip_pitch_joint,-0.006103903520852327,-11.236777305603027,2.587336301803589,0.448580801486969,0.291983962059021,0.156596839427948,167.4512939453125,133.0,133.0
1791344810.12957,11521.705874712,7.662000000000893,0.02000000000000668,0.0,0.02696520499921462,right_hip_pitch_joint,2.584684371948242,5.074657917022705,4.631330490112305,1.0004593133926392,2.1185386180877686,1.1180793046951294,-378.9774475097656,-133.00001525878906,133.0
1791344810.156567,11521.732801433,7.6820000000009,0.02000000000000668,0.0,0.02802985699963756,left_ankle_pitch_joint,-0.8353928327560425,5.667428493499756,19.14885139465332,4.870189666748047,-0.02870720624923706,4.89889669418335,333.8338317871094,39.899993896484375,39.89999771118164
1791344810.156567,11521.732853533,7.6820000000009,0.02000000000000668,0.0,0.02802985699963756,right_ankle_pitch_joint,0.19214336574077606,8.360706329345703,-8.958246231079102,-2.718726634979248,-0.26383891701698303,2.454887628555298,-187.19326782226562,-39.899993896484375,39.89999771118164
1791344810.156567,11521.73286226,7.6820000000009,0.02000000000000668,0.0,0.02802985699963756,left_ankle_roll_joint,-0.20603428781032562,-4.481005668640137,2.3123443126678467,0.6243329644203186,0.3469405174255371,0.2773924469947815,56.54354476928711,39.89999771118164,39.89999771118164
1791344810.156567,11521.732868882,7.6820000000009,0.02000000000000668,0.0,0.02802985699963756,right_ankle_roll_joint,-0.18016713857650757,7.451128959655762,0.7885247468948364,0.21290169656276703,0.21290169656276703,0.0,12.407438278198242,12.407438278198242,39.89999771118164
1791344810.156567,11521.732875548,7.6820000000009,0.02000000000000668,0.0,0.02802985699963756,left_hip_pitch_joint,-0.14413325488567352,-4.234279155731201,5.88344144821167,1.3385292291641235,0.3449319005012512,0.9935973286628723,351.5914001464844,133.00001525878906,133.0
1791344810.156567,11521.732881497,7.6820000000009,0.02000000000000668,0.0,0.02802985699963756,right_hip_pitch_joint,2.5845394134521484,-4.748671531677246,0.26352259516716003,-0.17884889245033264,1.850484848022461,2.0293338298797607,-579.4534301757812,-132.99996948242188,133.0
1791344810.183784,11521.760017362,7.702000000000907,0.02000000000000668,0.0,0.0270429910015082,left_ankle_pitch_joint,-0.7165312767028809,6.7441606521606445,22.626649856567383,5.809195518493652,0.1170727014541626,5.692122936248779,381.4273681640625,39.89999771118164,39.89999771118164
1791344810.183784,11521.760068152,7.702000000000907,0.02000000000000668,0.0,0.0270429910015082,right_ankle_pitch_joint,0.332874059677124,6.327622413635254,-10.856094360351562,-3.2311456203460693,-0.17393535375595093,3.0572102069854736,-223.33262634277344,-39.900001525878906,39.89999771118164
1791344810.183784,11521.76007819,7.702000000000907,0.02000000000000668,0.0,0.0270429910015082,left_ankle_roll_joint,-0.2821481227874756,-3.480365037918091,2.4831302165985107,0.6704452037811279,0.295842707157135,0.3746024966239929,62.37614822387695,39.89999771118164,39.89999771118164
1791344810.183784,11521.760085836,7.702000000000907,0.02000000000000668,0.0,0.0270429910015082,right_ankle_roll_joint,-0.04094228148460388,7.041285991668701,-0.11689625680446625,-0.03156198933720589,-0.03156198933720589,0.0,-9.99911117553711,-9.99911117553711,39.89999771118164
1791344810.183784,11521.760092789,7.702000000000907,0.02000000000000668,0.0,0.0270429910015082,left_hip_pitch_joint,-0.20088469982147217,-1.7398149967193604,9.318570137023926,2.2660140991210938,0.3562113046646118,1.909802794456482,553.1566772460938,133.00001525878906,133.0
1791344810.183784,11521.760100006,7.702000000000907,0.02000000000000668,0.0,0.0270429910015082,right_hip_pitch_joint,2.438102960586548,-9.115099906921387,-3.6347780227661133,-1.231390118598938,1.5849637985229492,2.8163537979125977,-752.597900390625,-133.00001525878906,133.0
1791344810.212643,11521.78887659,7.7220000000009135,0.02000000000000668,0.0,0.026945182999043027,left_ankle_pitch_joint,-0.5714184045791626,7.708725929260254,26.303197860717773,6.801863670349121,0.28629976511001587,6.51556396484375,430.8338317871094,39.900001525878906,39.89999771118164
1791344810.212643,11521.788915324,7.7220000000009135,0.02000000000000668,0.0,0.026945182999043027,right_ankle_pitch_joint,0.4349444806575775,3.8733620643615723,-12.683512687683105,-3.724548578262329,-0.13322144746780396,3.59132719039917,-255.37962341308594,-39.89999771118164,39.89999771118164
1791344810.212643,11521.788932494,7.7220000000009135,0.02000000000000668,0.0,0.026945182999043027,left_ankle_roll_joint,-0.3360404074192047,-1.8781296014785767,0.6808571815490723,0.18383145332336426,0.18383145332336426,0.0,34.00950622558594,34.00950622558594,39.89999771118164
1791344810.212643,11521.788940467,7.7220000000009135,0.02000000000000668,0.0,0.026945182999043027,right_ankle_roll_joint,0.0923430472612381,6.046954154968262,-0.978338360786438,-0.26415136456489563,-0.26415136456489563,0.0,-30.46009635925293,-30.46009635925293,39.89999771118164
1791344810.212643,11521.788947539,7.7220000000009135,0.02000000000000668,0.0,0.026945182999043027,left_hip_pitch_joint,-0.23164978623390198,-4.054745674133301,12.203868865966797,3.0450446605682373,0.2623116970062256,2.7827329635620117,745.2012939453125,133.0,133.0
1791344810.212643,11521.78895405,7.7220000000009135,0.02000000000000668,0.0,0.026945182999043027,right_hip_pitch_joint,2.2491343021392822,-9.971951484680176,-6.9660162925720215,-2.130824565887451,1.372626543045044,3.503451108932495,-903.75927734375,-133.0,133.0
1791344810.2406695,11521.816903637,7.74200000000092,0.02000000000000668,0.0,0.029022729000644176,left_ankle_pitch_joint,-0.40452882647514343,8.9638032913208,26.78347396850586,6.931538105010986,0.48456621170043945,6.446971893310547,426.7182922363281,39.89999771118164,39.89999771118164
1791344810.2406695,11521.817007554,7.74200000000092,0.02000000000000668,0.0,0.029022729000644176,right_ankle_pitch_joint,0.4946707785129547,1.8816698789596558,-13.533469200134277,-3.9540367126464844,-0.1232873797416687,3.830749273300171,-269.7449645996094,-39.89999771118164,39.89999771118164
1791344810.2406695,11521.817018626,7.74200000000092,0.02000000000000668,0.0,0.029022729000644176,left_ankle_roll_joint,-0.3563530147075653,-0.16188642382621765,-0.762794017791748,-0.2059543877840042,-0.2059543877840042,0.0,9.266746520996094,9.266746520996094,39.89999771118164
1791344810.2406695,11521.817025868,7.74200000000092,0.02000000000000668,0.0,0.029022729000644176,right_ankle_roll_joint,0.1644883155822754,1.5018001794815063,-1.5597108602523804,-0.4211219549179077,-0.4211219549179077,0.0,-37.38931655883789,-37.38931655883789,39.89999771118164
1791344810.2406695,11521.817033828,7.74200000000092,0.02000000000000668,0.0,0.029022729000644176,left_hip_pitch_joint,-0.3108576536178589,-3.339202642440796,13.698332786560059,3.44854998588562,0.20261865854263306,3.245931386947632,847.1048583984375,133.0,133.0
1791344810.2406695,11521.817041426,7.74200000000092,0.02000000000000668,0.0,0.029022729000644176,right_hip_pitch_joint,2.081717014312744,-6.866389274597168,-8.956439018249512,-2.668238639831543,1.28990638256073,3.9581451416015625,-1003.7918701171875,-133.0,133.0
1791344810.2685688,11521.844802349,7.763000000000927,0.02000000000000668,0.0,0.027999361000183853,left_ankle_pitch_joint,-0.1868491768836975,10.76254940032959,26.21006965637207,6.776719093322754,0.7472144961357117,6.029504776000977,401.6702575683594,39.899993896484375,39.89999771118164
1791344810.2685688,11521.844841241,7.763000000000927,0.02000000000000668,0.0,0.027999361000183853,right_ankle_pitch_joint,0.5096303224563599,-0.3128117322921753,-14.511269569396973,-4.218042850494385,-0.16318994760513306,4.0548529624938965,-283.191162109375,-39.89999771118164,39.89999771118164
1791344810.2685688,11521.844849555,7.763000000000927,0.02000000000000668,0.0,0.027999361000183853,left_ankle_roll_joint,-0.3501078486442566,0.6072412133216858,-2.244744300842285,-0.6060810089111328,-0.6060810089111328,0.0,-16.269250869750977,-16.269250869750977,39.89999771118164
1791344810.2685688,11521.844856599,7.763000000000927,0.02000000000000668,0.0,0.027999361000183853,right_ankle_roll_joint,0.15638133883476257,-1.7554999589920044,-1.9933115243911743,-0.5381941199302673,-0.5381941199302673,0.0,-39.04127502441406,-39.04127502441406,39.89999771118164
1791344810.2685688,11521.844862388,7.763000000000927,0.02000000000000668,0.0,0.027999361000183853,left_hip_pitch_joint,-0.3935474157333374,-2.7417843341827393,14.87984561920166,3.7675585746765137,0.13622212409973145,3.6313364505767822,931.89404296875,133.0,133.0
1791344810.2685688,11521.844877992,7.763000000000927,0.02000000000000668,0.0,0.027999361000183853,right_hip_pitch_joint,1.9278209209442139,-6.114133834838867,-10.55019474029541,-3.098552703857422,1.1565264463424683,4.25507926940918,-1069.117431640625,-132.99998474121094,133.0
1791344810.2955663,11521.871799836,7.7820000000009335,0.02000000000000668,0.0,0.027016455998818856,left_ankle_pitch_joint,0.03287679702043533,12.220582962036133,22.768680572509766,5.847543716430664,1.0033912658691406,4.844152450561523,330.54913330078125,39.899993896484375,39.89999771118164
1791344810.2955663,11521.871842516,7.7820000000009335,0.02000000000000668,0.0,0.027016455998818856,right_ankle_pitch_joint,0.48938411474227905,-1.7813031673431396,-13.366706848144531,-3.909010887145996,-0.22014844417572021,3.6888623237609863,-261.23175048828125,-39.89999771118164,39.89999771118164
1791344810.2955663,11521.871851328,7.7820000000009335,0.02000000000000668,0.0,0.027016455998818856,left_ankle_roll_joint,-0.3456296920776367,-0.026797793805599213,-2.3151955604553223,-0.6251028180122375,-0.6251028180122375,0.0,-16.72818946838379,-16.72818946838379,39.89999771118164
1791344810.2955663,11521.871858113,7.7820000000009335,0.02000000000000668,0.0,0.027016455998818856,right_ankle_roll_joint,0.10680526494979858,-3.4145238399505615,-2.671712636947632,-0.7213624119758606,-0.6435577869415283,0.07780462503433228,-44.568275451660156,-39.89999771118164,39.89999771118164
1791344810.2955663,11521.871864576,7.7820000000009335,0.02000000000000668,0.0,0.027016455998818856,left_hip_pitch_joint,-0.257946252822876,14.813241004943848,13.74219036102295,3.4603915214538574,0.7505967617034912,2.709794759750366,729.1548461914062,133.0,133.0
1791344810.2955663,11521.871871112,7.7820000000009335,0.02000000000000668,0.0,0.027016455998818856,right_hip_pitch_joint,1.8803422451019287,-2.2250919342041016,-10.163228988647461,-2.9940719604492188,1.2151124477386475,4.209184646606445,-1059.0206298828125,-133.0,133.0
1791344810.3226588,11521.898892928,7.80200000000094,0.02000000000000668,0.0,0.028024081000694423,left_ankle_pitch_joint,0.2771446108818054,13.387572288513184,25.63692855834961,6.6219706535339355,1.2768337726593018,5.345136642456055,360.60821533203125,39.899993896484375,39.89999771118164
1791344810.3226588,11521.89894988,7.80200000000094,0.02000000000000668,0.0,0.028024081000694423,right_ankle_pitch_joint,0.437441885471344,-3.5000693798065186,-10.948932647705078,-3.256211996078491,-0.3150597810745239,2.9411520957946777,-216.36912536621094,-39.89999771118164,39.89999771118164
1791344810.3226588,11521.898958911,7.80200000000094,0.02000000000000668,0.0,0.028024081000694423,left_ankle_roll_joint,-0.3509368896484375,-0.47886189818382263,-0.2550801932811737,-0.06887165457010269,-0.06887165457010269,0.0,17.6422061920166,17.6422061920166,39.89999771118164
1791344810.3226588,11521.898965592,7.80200000000094,0.02000000000000668,0.0,0.028024081000694423,right_ankle_roll_joint,0.019480973482131958,-6.309052467346191,-1.712391972541809,-0.46234583854675293,-0.46234583854675293,0.0,-19.446029663085938,-19.446029663085938,39.89999771118164
1791344810.3226588,11521.898971871,7.80200000000094,0.02000000000000668,0.0,0.028024081000694423,left_hip_pitch_joint,0.12550686299800873,24.12210464477539,15.99783992767334,4.0694169998168945,1.3879280090332031,2.6814889907836914,722.9276123046875,133.0,133.0
1791344810.3226588,11521.898978026,7.80200000000094,0.02000000000000668,0.0,0.028024081000694423,right_hip_pitch_joint,1.768092155456543,-9.634288787841797,-11.140623092651367,-3.2579684257507324,0.9007933139801025,4.158761978149414,-1047.927490234375,-133.0,133.0
1791344810.3496418,11521.925875167,7.822000000000947,0.02000000000000668,0.0,0.027026337998904637,left_ankle_pitch_joint,0.5239161252975464,8.775979995727539,29.644006729125977,7.703882217407227,1.408315658569336,6.295566558837891,417.6340026855469,39.900001525878906,39.89999771118164
1791344810.3496418,11521.925922515,7.822000000000947,0.02000000000000668,0.0,0.027026337998904637,right_ankle_pitch_joint,0.33333414793014526,-6.310163497924805,-9.939248085021973,-2.9835970401763916,-0.4894198775291443,2.4941771030426025,-189.55062866210938,-39.89999771118164,39.89999771118164
1791344810.3496418,11521.925930971,7.822000000000947,0.02000000000000668,0.0,0.027026337998904637,left_ankle_roll_joint,-0.2921876311302185,7.790665149688721,0.05272772163152695,0.014236485585570335,0.014236485585570335,0.0,6.699448585510254,6.699448585510254,39.89999771118164
1791344810.3496418,11521.925937366,7.822000000000947,0.02000000000000668,0.0,0.027026337998904637,right_ankle_roll_joint,-0.14326415956020355,-8.606252670288086,-1.313836693763733,-0.3547359108924866,-0.3547359108924866,0.0,0.22107410430908203,0.22107410430908203,39.89999771118164
1791344810.3496418,11521.925943799,7.822000000000947,0.02000000000000668,0.0,0.027026337998904637,left_hip_pitch_joint,0.6821186542510986,26.43021583557129,18.902328491210938,4.853629112243652,2.0074880123138428,2.8461410999298096,759.1510620117188,132.99996948242188,133.0
1791344810.3496418,11521.925949699,7.822000000000947,0.02000000000000668,0.0,0.027026337998904637,right_hip_pitch_joint,1.4984039068222046,-15.083420753479004,-13.579927444458008,-3.9165804386138916,0.48249244689941406,4.399072647094727,-1100.7960205078125,-133.0,133.0
1791344810.3738027,11521.9500372,7.841000000000953,0.02000000000000668,0.0,0.031550923000395414,left_ankle_pitch_joint,0.6948310732841492,9.356311798095703,26.919736862182617,6.968328952789307,1.5937387943267822,5.374589920043945,362.37542724609375,39.899993896484375,39.89999771118164
1791344810.3738027,11521.950107417,7.841000000000953,0.02000000000000668,0.0,0.031550923000395414,right_ankle_pitch_joint,0.20168529450893402,-8.02725601196289,-9.179136276245117,-2.778366804122925,-0.6639961004257202,2.114370822906494,-166.76223754882812,-39.900001525878906,39.89999771118164
1791344810.3738027,11521.950117337,7.841000000000953,0.02000000000000668,0.0,0.031550923000395414,left_ankle_roll_joint,-0.15203945338726044,7.699029922485352,1.0166239738464355,0.2744884788990021,0.2744884788990021,0.0,14.043129920959473,14.043129920959473,39.89999771118164
1791344810.3738027,11521.950125008,7.841000000000953,0.02000000000000668,0.0,0.031550923000395414,right_ankle_roll_joint,-0.3015613853931427,-8.867774963378906,-0.5831021070480347,-0.15743757784366608,-0.15743757784366608,0.0,21.9490909576416,21.9490909576416,39.89999771118164
1791344810.3738027,11521.95013216,7.841000000000953,0.02000000000000668,0.0,0.031550923000395414,left_hip_pitch_joint,1.1391890048980713,24.203876495361328,20.133169174194336,5.185956001281738,2.4038400650024414,2.782115936279297,745.0655517578125,132.99996948242188,133.0
1791344810.3738027,11521.950138816,7.841000000000953,0.02000000000000668,0.0,0.031550923000395414,right_hip_pitch_joint,1.2111244201660156,-16.850419998168945,-14.015228271484375,-4.034111976623535,0.14702200889587402,4.181134223937988,-1052.8494873046875,-133.0,133.0
1791344810.3940983,11521.970331815,7.859000000000959,0.02000000000000668,0.0,0.031550923000395414,left_ankle_pitch_joint,0.8233490586280823,3.6007983684539795,26.919736862182617,6.968328952789307,1.578368902206421,5.389960289001465,363.297607421875,39.899993896484375,39.89999771118164
1791344810.3940983,11521.970373178,7.859000000000959,0.02000000000000668,0.0,0.031550923000395414,right_ankle_pitch_joint,0.04021286219358444,-8.653162956237793,-9.179136276245117,-2.778366804122925,-0.8411161303520203,1.9372506141662598,-156.13504028320312,-39.89999771118164,39.89999771118164
1791344810.3940983,11521.970382641,7.859000000000959,0.02000000000000668,0.0,0.031550923000395414,left_ankle_roll_joint,-0.0006712062167935073,8.346887588500977,1.0166239738464355,0.2744884788990021,0.2744884788990021,0.0,3.9892492294311523,3.9892492294311523,39.89999771118164
1791344810.3940983,11521.970390095,7.859000000000959,0.02000000000000668,0.0,0.031550923000395414,right_ankle_roll_joint,-0.46449050307273865,-8.08195972442627,-0.5831021070480347,-0.15743757784366608,-0.15743757784366608,0.0,30.546113967895508,30.546113967895508,39.89999771118164
1791344810.3940983,11521.970403012,7.859000000000959,0.02000000000000668,0.0,0.031550923000395414,left_hip_pitch_joint,1.5565354824066162,19.01947784423828,20.133169174194336,5.185956001281738,2.6797938346862793,2.506162166595459,684.3556518554688,132.99996948242188,133.0
1791344810.3940983,11521.970409991,7.859000000000959,0.02000000000000668,0.0,0.031550923000395414,right_hip_pitch_joint,0.9152430891990662,-11.031888961791992,-14.015228271484375,-4.034111976623535,0.009828031063079834,4.04394006729126,-1022.6668090820312,-132.99998474121094,133.0
1791344810.4151123,11521.991345604,7.871000000000963,0.02000000000000668,0.0,0.023031059999993886,left_ankle_pitch_joint,0.7967081665992737,-5.8968987464904785,17.563894271850586,4.442251682281494,1.3142857551574707,3.1279659271240234,227.57797241210938,39.900001525878906,39.89999771118164
1791344810.4151123,11521.9913749,7.871000000000963,0.02000000000000668,0.0,0.023031059999993886,right_ankle_pitch_joint,-0.05289533734321594,-8.408615112304688,-8.530024528503418,-2.603106737136841,-0.928110659122467,1.6749961376190186,-140.39974975585938,-39.899993896484375,39.89999771118164
1791344810.4151123,11521.991383386,7.871000000000963,0.02000000000000668,0.0,0.023031059999993886,left_ankle_roll_joint,0.045650746673345566,1.7238706350326538,-0.3873715102672577,-0.10459031164646149,-0.10459031164646149,0.0,-11.600269317626953,-11.600269317626953,39.89999771118164
1791344810.4151123,11521.991389965,7.871000000000963,0.02000000000000668,0.0,0.023031059999993886,right_ankle_roll_joint,-0.5350916981697083,-4.699695587158203,-1.4709773063659668,-0.39716389775276184,-0.39716389775276184,0.0,15.325211524963379,15.325211524963379,39.89999771118164
1791344810.4151123,11521.991396,7.871000000000963,0.02000000000000668,0.0,0.023031059999993886,left_hip_pitch_joint,1.717997670173645,11.559287071228027,15.108139991760254,3.829197883605957,2.637796401977539,1.191401481628418,395.1083679199219,133.0,133.0
1791344810.4151123,11521.991402382,7.871000000000963,0.02000000000000668,0.0,0.023031059999993886,right_hip_pitch_joint,0.763142466545105,-15.603315353393555,-9.928013801574707,-2.9305639266967773,-0.26694798469543457,2.6636159420013428,-718.9955444335938,-133.00001525878906,133.0
1791344810.4360769,11522.012310379,7.886000000000968,0.02000000000000668,0.0,0.02896004000103858,left_ankle_pitch_joint,0.7154898047447205,-7.219677448272705,14.556512832641602,3.630258560180664,1.199997901916504,2.43026065826416,185.71563720703125,39.900001525878906,39.89999771118164
1791344810.4360769,11522.012353719,7.886000000000968,0.02000000000000668,0.0,0.02896004000103858,right_ankle_pitch_joint,-0.15768857300281525,-9.139026641845703,-5.311436176300049,-1.7340879440307617,-1.051164150238037,0.6829237937927246,-80.87541961669922,-39.899993896484375,39.89999771118164
1791344810.4360769,11522.012362655,7.886000000000968,0.02000000000000668,0.0,0.02896004000103858,left_ankle_roll_joint,0.061991721391677856,1.0657309293746948,-0.9914093017578125,-0.2676805257797241,-0.2676805257797241,0.0,-21.378931045532227,-21.378931045532227,39.89999771118164
1791344810.4360769,11522.012370111,7.886000000000968,0.02000000000000668,0.0,0.02896004000103858,right_ankle_roll_joint,-0.5586556196212769,0.4209345877170563,-1.0824309587478638,-0.2922563850879669,-0.2922563850879669,0.0,15.35255241394043,15.35255241394043,39.89999771118164
1791344810.4360769,11522.012377072,7.886000000000968,0.02000000000000668,0.0,0.02896004000103858,left_hip_pitch_joint,1.8410786390304565,10.050530433654785,12.104025840759277,3.018087148666382,2.7197296619415283,0.2983574867248535,198.638671875,133.00003051757812,133.0
1791344810.4360769,11522.012384307,7.886000000000968,0.02000000000000668,0.0,0.02896004000103858,right_hip_pitch_joint,0.5728206634521484,-15.189419746398926,-7.2412614822387695,-2.2051405906677246,-0.4459817409515381,1.7591588497161865,-520.0149536132812,-133.00001525878906,133.0
1791344810.4601219,11522.036355506,7.902000000000974,0.02000000000000668,0.0,0.02601462500024354,left_ankle_pitch_joint,0.5818511843681335,-5.584928035736084,9.501798629760742,2.2654857635498047,1.1072280406951904,1.1582577228546143,109.39546203613281,39.900001525878906,39.89999771118164
1791344810.4601219,11522.036432246,7.902000000000974,0.02000000000000668,0.0,0.02601462500024354,right_ankle_pitch_joint,-0.36837923526763916,-11.894046783447266,-2.5643696784973145,-0.9923798441886902,-0.9923798441886902,0.0,-19.598966598510742,-19.598966598510742,39.89999771118164
1791344810.4601219,11522.036483393,7.902000000000974,0.02000000000000668,0.0,0.02601462500024354,left_ankle_roll_joint,0.06910444796085358,-0.2826780676841736,-2.6283042430877686,-0.7096421718597412,-0.6029624938964844,0.10667967796325684,-46.300777435302734,-39.89999771118164,39.89999771118164
1791344810.4601219,11522.036497262,7.902000000000974,0.02000000000000668,0.0,0.02601462500024354,right_ankle_roll_joint,-0.4781932830810547,6.244384765625,-0.7395910024642944,-0.199689581990242,-0.199689581990242,0.0,7.343645095825195,7.343645095825195,39.89999771118164
1791344810.4601219,11522.036505113,7.902000000000974,0.02000000000000668,0.0,0.02601462500024354,left_hip_pitch_joint,2.0598700046539307,10.703763008117676,7.95718240737915,1.8984394073486328,1.8984394073486328,0.0,-99.73731231689453,-99.73731231689453,133.0
1791344810.4601219,11522.036512345,7.902000000000974,0.02000000000000668,0.0,0.02601462500024354,right_hip_pitch_joint,0.2962333858013153,-14.57220458984375,-4.580882549285889,-1.4868383407592773,-0.7057358026504517,0.7811025381088257,-304.8425598144531,-133.0,133.0
1791344810.486176,11522.062409465,7.923000000000981,0.02000000000000668,0.0,0.027123103998746956,left_ankle_pitch_joint,0.49498751759529114,-3.3149192333221436,5.944263935089111,1.3049514293670654,1.0771145820617676,0.22783684730529785,53.570213317871094,39.90000534057617,39.89999771118164
1791344810.486176,11522.062542231,7.923000000000981,0.02000000000000668,0.0,0.027123103998746956,right_ankle_pitch_joint,-0.6191580295562744,-12.834142684936523,1.7427064180374146,0.17053073644638062,-0.2750116288661957,0.4455423653125763,66.63253784179688,39.89999771118164,39.89999771118164
1791344810.486176,11522.062552107,7.923000000000981,0.02000000000000668,0.0,0.027123103998746956,left_ankle_roll_joint,0.04328015819191933,-2.215531349182129,-3.8439412117004395,-1.0378642082214355,-0.6771080493927002,0.36075615882873535,-61.54536437988281,-39.89999771118164,39.89999771118164
1791344810.486176,11522.06255993,7.923000000000981,0.02000000000000668,0.0,0.027123103998746956,right_ankle_roll_joint,-0.3424866795539856,7.162277698516846,-0.9474129676818848,-0.2558014988899231,-0.2558014988899231,0.0,-5.542305946350098,-5.542305946350098,39.89999771118164
1791344810.486176,11522.062566785,7.923000000000981,0.02000000000000668,0.0,0.027123103998746956,left_hip_pitch_joint,2.1696207523345947,1.4401236772537231,5.1050333976745605,1.128359079360962,1.6043514013290405,0.4759923219680786,-237.71832275390625,-133.0,133.0
1791344810.486176,11522.062573798,7.923000000000981,0.02000000000000668,0.0,0.027123103998746956,right_hip_pitch_joint,-0.08924257755279541,-22.029584884643555,-1.6526528596878052,-0.6962162852287292,-0.6962162852287292,0.0,-1.3567047119140625,-1.3567047119140625,133.0
1791344810.5133317,11522.089565364,7.943000000000987,0.02000000000000668,0.0,0.025848637000308372,left_ankle_pitch_joint,0.45042961835861206,-1.2983163595199585,1.31051504611969,0.0538390576839447,0.0538390576839447,0.0,-21.847957611083984,-21.847957611083984,39.89999771118164
1791344810.5133317,11522.089614413,7.943000000000987,0.02000000000000668,0.0,0.025848637000308372,right_ankle_pitch_joint,-0.8432045578956604,-8.367252349853516,4.016477108001709,0.7844488024711609,-0.38738590478897095,1.1718347072601318,110.2100830078125,39.89999771118164,39.89999771118164
1791344810.5133317,11522.089623613,7.943000000000987,0.02000000000000668,0.0,0.025848637000308372,left_ankle_roll_joint,-0.01977144181728363,-3.9807705879211426,-3.479794502258301,-0.9395445585250854,-0.7842907309532166,0.1552538275718689,-49.21522903442383,-39.89999771118164,39.89999771118164
1791344810.5133317,11522.089640281,7.943000000000987,0.02000000000000668,0.0,0.025848637000308372,right_ankle_roll_joint,-0.19103407859802246,9.3124361038208,-0.3559011220932007,-0.0960933044552803,-0.0960933044552803,0.0,-8.272208213806152,-8.272208213806152,39.89999771118164
1791344810.5133317,11522.089646685,7.943000000000987,0.02000000000000668,0.0,0.025848637000308372,left_hip_pitch_joint,2.135746717453003,-3.9528656005859375,3.849071741104126,0.7892494201660156,1.4233957529067993,0.6341463327407837,-272.51220703125,-133.00001525878906,133.0
1791344810.5133317,11522.08965299,7.943000000000987,0.02000000000000668,0.0,0.025848637000308372,right_hip_pitch_joint,-0.5347066521644592,-20.699995040893555,-1.0967257022857666,-0.5461159944534302,-0.5461159944534302,0.0,121.68991088867188,121.68991088867188,133.0
1791344810.5403826,11522.116616237,7.962000000000994,0.02000000000000668,0.0,0.028397086000040872,left_ankle_pitch_joint,0.41472864151000977,-2.5743727684020996,-1.8357113599777222,-0.7956421375274658,-0.3146306872367859,0.48101145029067993,-68.76068878173828,-39.89999771118164,39.89999771118164
1791344810.5403826,11522.116684927,7.962000000000994,0.02000000000000668,0.0,0.028397086000040872,right_ankle_pitch_joint,-0.9705382585525513,-5.029903888702393,2.7139551639556885,0.43276792764663696,-0.43128591775894165,0.8640538454055786,91.74322509765625,39.89999771118164,39.89999771118164
1791344810.5403826,11522.116694258,7.962000000000994,0.02000000000000668,0.0,0.028397086000040872,left_ankle_roll_joint,-0.11156903952360153,-5.632257461547852,-2.9339990615844727,-0.7921797633171082,-0.7921797633171082,0.0,-32.38825607299805,-32.38825607299805,39.89999771118164
1791344810.5403826,11522.116701039,7.962000000000994,0.02000000000000668,0.0,0.028397086000040872,right_ankle_roll_joint,-0.031231505796313286,7.451757907867432,1.2334455251693726,0.3330303132534027,0.3330303132534027,0.0,10.678071975708008,10.678071975708008,39.89999771118164
1791344810.5403826,11522.116707226,7.962000000000994,0.02000000000000668,0.0,0.028397086000040872,left_hip_pitch_joint,2.0628864765167236,-4.184335708618164,3.515958070755005,0.6993086934089661,1.3442227840423584,0.6449140906333923,-274.881103515625,-133.0,133.0
1791344810.5403826,11522.116713583,7.962000000000994,0.02000000000000668,0.0,0.028397086000040872,right_hip_pitch_joint,-0.8350705504417419,-11.629290580749512,-1.204209327697754,-0.5751365423202515,-0.5751365423202515,0.0,126.96122741699219,126.96122741699219,133.0
1791344810.5673397,11522.143573573,7.982000000001,0.02000000000000668,0.0,0.02683200899991789,left_ankle_pitch_joint,0.33932697772979736,-4.90641975402832,-1.9259302616119385,-0.8200011849403381,-0.4483335018157959,0.37166768312454224,-62.2000617980957,-39.89999771118164,39.89999771118164
1791344810.5673397,11522.14363683,7.982000000001,0.02000000000000668,0.0,0.02683200899991789,right_ankle_pitch_joint,-0.9939344525337219,1.5632425546646118,2.2364823818206787,0.3038502335548401,-0.28985345363616943,0.5937036871910095,75.522216796875,39.89999771118164,39.89999771118164
1791344810.5673397,11522.143647155,7.982000000001,0.02000000000000668,0.0,0.02683200899991789,left_ankle_roll_joint,-0.24159841239452362,-7.255431175231934,-3.2551417350769043,-0.8788883090019226,-0.8788883090019226,0.0,-27.354246139526367,-27.354246139526367,39.89999771118164
1791344810.5673397,11522.143654542,7.982000000001,0.02000000000000668,0.0,0.02683200899991789,right_ankle_roll_joint,0.0451325960457325,1.4353967905044556,1.395899772644043,0.37689295411109924,0.37689295411109924,0.0,17.752525329589844,17.752525329589844,39.89999771118164
1791344810.5673397,11522.143661591,7.982000000001,0.02000000000000668,0.0,0.02683200899991789,left_hip_pitch_joint,1.94782555103302,-7.332568645477295,2.6786725521087646,0.4732416272163391,1.1433007717132568,0.6700591444969177,-280.41302490234375,-133.0000457763672,133.0
1791344810.5673397,11522.143667853,7.982000000001,0.02000000000000668,0.0,0.02683200899991789,right_hip_pitch_joint,-0.9966774582862854,-4.079186916351318,-0.062374379485845566,-0.2668410837650299,-0.5033825635910034,0.2365414798259735,185.03912353515625,133.0,133.0
1791344810.594386,11522.170620256,8.002000000001004,0.020000000000004903,0.0,0.026976462000675383,left_ankle_pitch_joint,0.2131163626909256,-6.843270778656006,-2.361537456512451,-0.937615156173706,-0.6229653358459473,0.3146498203277588,-58.77898406982422,-39.899993896484375,39.89999771118164
1791344810.594386,11522.170680008,8.002000000001004,0.020000000000004903,0.0,0.026976462000675383,right_ankle_pitch_joint,-0.9583596587181091,1.7165625095367432,3.768045425415039,0.7173722386360168,-0.2504456043243408,0.9678178429603577,97.96907043457031,39.89999771118164,39.89999771118164
1791344810.594386,11522.170691335,8.002000000001004,0.020000000000004903,0.0,0.026976462000675383,left_ankle_roll_joint,-0.41359490156173706,-9.03969955444336,-2.874983310699463,-0.7762455344200134,-0.7762455344200134,0.0,-8.199487686157227,-8.199487686157227,39.89999771118164
1791344810.594386,11522.17070019,8.002000000001004,0.020000000000004903,0.0,0.026976462000675383,right_ankle_roll_joint,0.07835903763771057,1.7026618719100952,-0.12489388883113861,-0.03372135013341904,-0.03372135013341904,0.0,-9.278816223144531,-9.278816223144531,39.89999771118164
1791344810.594386,11522.170708131,8.002000000001004,0.020000000000004903,0.0,0.026976462000675383,left_hip_pitch_joint,1.726405382156372,-14.340376853942871,1.0452070236206055,0.03220590949058533,0.7307587265968323,0.6985528469085693,-286.6816101074219,-133.0,133.0
1791344810.594386,11522.170716547,8.002000000001004,0.020000000000004903,0.0,0.026976462000675383,right_hip_pitch_joint,-0.8871791362762451,11.835914611816406,1.1981475353240967,0.07349985837936401,0.04016399383544922,0.033335864543914795,140.33389282226562,133.0,133.0
1791344810.6150951,11522.191329243,8.021000000000994,0.019999999999988916,0.0,0.028025919998981408,left_ankle_pitch_joint,0.1000223159790039,-6.938051223754883,-2.660306930541992,-1.0182828903198242,-0.7384289503097534,0.2798539400100708,-56.69123458862305,-39.89999771118164,39.89999771118164
1791344810.6150951,11522.191390522,8.021000000000994,0.019999999999988916,0.0,0.028025919998981408,right_ankle_pitch_joint,-0.9302113652229309,2.1403679847717285,3.504922389984131,0.6463290452957153,-0.21170222759246826,0.8580312728881836,91.38188171386719,39.89999771118164,39.89999771118164
1791344810.6150951,11522.191399967,8.021000000000994,0.019999999999988916,0.0,0.028025919998981408,left_ankle_roll_joint,-0.5511031150817871,-7.0203657150268555,-1.9313123226165771,-0.5214543342590332,-0.5214543342590332,0.0,12.30947494506836,12.30947494506836,39.89999771118164
1791344810.6150951,11522.191407245,8.021000000000994,0.019999999999988916,0.0,0.028025919998981408,right_ankle_roll_joint,0.10377854108810425,1.5511165857315063,-1.387891173362732,-0.3747306168079376,-0.3747306168079376,0.0,-31.0372257232666,-31.0372257232666,39.89999771118164
1791344810.6150951,11522.191413446,8.021000000000994,0.019999999999988916,0.0,0.028025919998981408,left_hip_pitch_joint,1.4160937070846558,-24.34375762939453,-0.5006167888641357,-0.3851665258407593,0.14762747287750244,0.5327939987182617,-250.21470642089844,-133.00001525878906,133.0
1791344810.6150951,11522.191420309,8.021000000000994,0.019999999999988916,0.0,0.028025919998981408,right_hip_pitch_joint,-0.6541092991828918,15.550932884216309,0.9092684984207153,-0.004497498273849487,-0.004497498273849487,0.0,49.60900115966797,49.60900115966797,133.0
1791344810.635339,11522.211572352,8.035000000000986,0.019999999999988916,0.0,0.028025919998981408,left_ankle_pitch_joint,-0.01447342149913311,-6.753102779388428,-2.660306930541992,-1.0182828903198242,-0.8483009934425354,0.16998189687728882,-50.098915100097656,-39.89999771118164,39.89999771118164
1791344810.635339,11522.211613144,8.035000000000986,0.019999999999988916,0.0,0.028025919998981408,right_ankle_pitch_joint,-0.8849200010299683,3.084733247756958,3.504922389984131,0.6463290452957153,-0.1428017020225525,0.7891307473182678,87.24784088134766,39.900001525878906,39.89999771118164
1791344810.635339,11522.211629547,8.035000000000986,0.019999999999988916,0.0,0.028025919998981408,left_ankle_roll_joint,-0.6030498743057251,0.9665128588676453,-1.9313123226165771,-0.5214543342590332,-0.5214543342590332,0.0,3.445963144302368,3.445963144302368,39.89999771118164
1791344810.635339,11522.211636961,8.035000000000986,0.019999999999988916,0.0,0.028025919998981408,right_ankle_roll_joint,0.12555477023124695,0.8487976789474487,-1.387891173362732,-0.3747306168079376,-0.3747306168079376,0.0,-31.290321350097656,-31.290321350097656,39.89999771118164
1791344810.635339,11522.211643082,8.035000000000986,0.019999999999988916,0.0,0.028025919998981408,left_hip_pitch_joint,0.9054911136627197,-33.877193450927734,-0.5006167888641357,-0.3851665258407593,-0.3851665258407593,0.0,-80.6815185546875,-80.6815185546875,133.0
1791344810.635339,11522.21164892,8.035000000000986,0.019999999999988916,0.0,0.028025919998981408,right_hip_pitch_joint,-0.41626617312431335,11.627205848693848,0.9092684984207153,-0.004497498273849487,-0.004497498273849487,0.0,20.82587432861328,20.82587432861328,133.0
1791344810.6553466,11522.231580193,8.049000000000978,0.019999999999988916,0.0,0.0269928030011215,left_ankle_pitch_joint,-0.10791938751935959,-7.573737621307373,-0.25325101613998413,-0.36837780475616455,-0.36837780475616455,0.0,-4.266898155212402,-4.266898155212402,39.89999771118164
1791344810.6553466,11522.23160577,8.049000000000978,0.019999999999988916,0.0,0.0269928030011215,right_ankle_pitch_joint,-0.8395682573318481,3.880343198776245,1.6730784177780151,0.1517311930656433,-0.0775597095489502,0.2292909026145935,53.65745162963867,39.89999771118164,39.89999771118164
1791344810.6553466,11522.23161353,8.049000000000978,0.019999999999988916,0.0,0.0269928030011215,left_ankle_roll_joint,-0.5497322082519531,6.290612697601318,-2.636622428894043,-0.7118880748748779,-0.7118880748748779,0.0,-19.165271759033203,-19.165271759033203,39.89999771118164
1791344810.6553466,11522.231619892,8.049000000000978,0.019999999999988916,0.0,0.0269928030011215,right_ankle_roll_joint,0.13133059442043304,0.10960123687982559,-1.156238317489624,-0.3121843636035919,-0.3121843636035919,0.0,-26.775299072265625,-26.775299072265625,39.89999771118164
1791344810.6553466,11522.231626049,8.049000000000978,0.019999999999988916,0.0,0.0269928030011215,left_hip_pitch_joint,0.4678093492984772,-32.398433685302734,-1.0387834310531616,-0.5304715633392334,-0.5304715633392334,0.0,-25.231201171875,-25.231201171875,133.0
1791344810.6553466,11522.231632807,8.049000000000978,0.019999999999988916,0.0,0.0269928030011215,right_hip_pitch_joint,-0.29348623752593994,7.913990020751953,1.0543766021728516,0.03468170762062073,0.03468170762062073,0.0,24.71300506591797,24.71300506591797,133.0
1791344810.675397,11522.251631082,8.062000000000971,0.019999999999988916,0.0,0.026179913000305532,left_ankle_pitch_joint,-0.21014003455638885,-8.07600212097168,0.6898053884506226,-0.11375254392623901,-0.11375254392623901,0.0,17.897253036499023,17.897253036499023,39.89999771118164
1791344810.675397,11522.251680082,8.062000000000971,0.019999999999988916,0.0,0.026179913000305532,right_ankle_pitch_joint,-0.7822548151016235,4.899466037750244,8.075018882751465,1.8802552223205566,0.0052318572998046875,1.875023365020752,152.40139770507812,39.900001525878906,39.89999771118164
1791344810.675397,11522.251689085,8.062000000000971,0.019999999999988916,0.0,0.026179913000305532,left_ankle_roll_joint,-0.4551112949848175,7.464770317077637,-3.3786768913269043,-0.9122427701950073,-0.9122427701950073,0.0,-38.62504577636719,-38.62504577636719,39.89999771118164
1791344810.675397,11522.251695737,8.062000000000971,0.019999999999988916,0.0,0.026179913000305532,right_ankle_roll_joint,0.1278304159641266,-0.6108140349388123,1.2188167572021484,0.3290805518627167,0.3290805518627167,0.0,12.991229057312012,12.991229057312012,39.89999771118164
1791344810.675397,11522.251701957,8.062000000000971,0.019999999999988916,0.0,0.026179913000305532,left_hip_pitch_joint,0.08888376504182816,-25.986526489257812,-2.8543238639831543,-1.020667552947998,-1.020667552947998,0.0,-88.18212890625,-88.18212890625,133.0
1791344810.675397,11522.251721137,8.062000000000971,0.019999999999988916,0.0,0.026179913000305532,right_hip_pitch_joint,-0.18620440363883972,8.809613227844238,3.466966390609741,0.6860809922218323,0.6586031913757324,0.027477800846099854,139.04510498046875,133.0,133.0
1791344810.7023938,11522.278627118,8.08200000000096,0.019999999999988916,0.0,0.026777904999107704,left_ankle_pitch_joint,-0.36469900608062744,-7.2019500732421875,3.8551769256591797,0.7408978343009949,0.12025219202041626,0.6206456422805786,77.13873291015625,39.89999771118164,39.89999771118164
1791344810.7023938,11522.278678512,8.08200000000096,0.019999999999988916,0.0,0.026777904999107704,right_ankle_pitch_joint,-0.6629014015197754,6.988176345825195,11.975176811218262,2.933297872543335,0.17680299282073975,2.7564949989318848,205.28968811035156,39.89999771118164,39.89999771118164
1791344810.7023938,11522.278687131,8.08200000000096,0.019999999999988916,0.0,0.026777904999107704,left_ankle_roll_joint,-0.32370030879974365,5.6309494972229,-2.9509925842285156,-0.7967680096626282,-0.7967680096626282,0.0,-36.83048629760742,-36.83048629760742,39.89999771118164
1791344810.7023938,11522.278694422,8.08200000000096,0.019999999999988916,0.0,0.026777904999107704,right_ankle_roll_joint,0.12267602235078812,0.21785221993923187,1.6196448802947998,0.43730413913726807,0.43730413913726807,0.0,18.5509090423584,18.5509090423584,39.89999771118164
1791344810.7023938,11522.278700455,8.08200000000096,0.019999999999988916,0.0,0.026777904999107704,left_hip_pitch_joint,-0.3554842174053192,-18.564598083496094,-3.2333312034606934,-1.1229994297027588,-1.1229994297027588,0.0,-57.46574401855469,-57.46574401855469,133.0
1791344810.7023938,11522.278706678,8.08200000000096,0.019999999999988916,0.0,0.026777904999107704,right_hip_pitch_joint,0.05081487074494362,14.348740577697754,5.2016425132751465,1.1544435024261475,1.046689510345459,0.10775399208068848,156.70584106445312,132.99996948242188,133.0
1791344810.7231119,11522.29934569,8.10000000000095,0.019999999999988916,0.0,0.026777904999107704,left_ankle_pitch_joint,-0.4824370741844177,-5.203373908996582,3.8551769256591797,0.7408978343009949,0.05247855186462402,0.6884192824363708,81.20515441894531,39.89999771118164,39.89999771118164
1791344810.7231119,11522.299407768,8.10000000000095,0.019999999999988916,0.0,0.026777904999107704,right_ankle_pitch_joint,-0.5100046396255493,8.99968433380127,11.975176811218262,2.933297872543335,0.3799874186515808,2.5533103942871094,193.0986328125,39.89999771118164,39.89999771118164
1791344810.7231119,11522.299418994,8.10000000000095,0.019999999999988916,0.0,0.026777904999107704,left_ankle_roll_joint,-0.2372872233390808,3.5373318195343018,-2.9509925842285156,-0.7967680096626282,-0.7967680096626282,0.0,-38.874847412109375,-38.874847412109375,39.89999771118164
1791344810.7231119,11522.299427308,8.10000000000095,0.019999999999988916,0.0,0.026777904999107704,right_ankle_roll_joint,0.13728542625904083,1.2233864068984985,1.6196448802947998,0.43730413913726807,0.43730413913726807,0.0,16.166044235229492,16.166044235229492,39.89999771118164
1791344810.7231119,11522.299435236,8.10000000000095,0.019999999999988916,0.0,0.026777904999107704,left_hip_pitch_joint,-0.6190391182899475,-9.654557228088379,-3.2333312034606934,-1.1229994297027588,-1.1229994297027588,0.0,-52.94392395019531,-52.94392395019531,133.0
1791344810.7231119,11522.29944305,8.10000000000095,0.019999999999988916,0.0,0.026777904999107704,right_hip_pitch_joint,0.39510980248451233,20.08258628845215,5.2016425132751465,1.1544435024261475,1.1544435024261475,0.0,46.55790710449219,46.55790710449219,133.0
1791344810.7435002,11522.31973446,8.116000000000941,0.019999999999988916,0.0,0.02944663699963712,left_ankle_pitch_joint,-0.5433574318885803,-3.6183831691741943,7.053889274597168,1.6045501232147217,0.031182944774627686,1.5733671188354492,134.30203247070312,39.89999771118164,39.89999771118164
1791344810.7435002,11522.319792824,8.116000000000941,0.019999999999988916,0.0,0.02944663699963712,right_ankle_pitch_joint,-0.37391355633735657,10.321057319641113,9.082012176513672,2.1521434783935547,0.549112856388092,1.6030306816101074,136.0818328857422,39.900001525878906,39.89999771118164
1791344810.7435002,11522.319820863,8.116000000000941,0.019999999999988916,0.0,0.02944663699963712,left_ankle_roll_joint,-0.19739927351474762,2.3353898525238037,-1.7065939903259277,-0.46078038215637207,-0.46078038215637207,0.0,-19.305952072143555,-19.305952072143555,39.89999771118164
1791344810.7435002,11522.319829677,8.116000000000941,0.019999999999988916,0.0,0.02944663699963712,right_ankle_roll_joint,0.15656836330890656,1.4264434576034546,1.1729156970977783,0.3166872560977936,0.3166872560977936,0.0,7.467468738555908,7.467468738555908,39.89999771118164
1791344810.7435002,11522.319836341,8.116000000000941,0.019999999999988916,0.0,0.02944663699963712,left_hip_pitch_joint,-0.7046326398849487,-3.1797211170196533,-0.4265190362930298,-0.36516013741493225,-0.36516013741493225,0.0,93.76228332519531,93.76228332519531,133.0
1791344810.7435002,11522.319842856,8.116000000000941,0.019999999999988916,0.0,0.02944663699963712,right_hip_pitch_joint,0.6076781749725342,9.587556838989258,2.130784749984741,0.32531189918518066,0.32531189918518066,0.0,-119.64591979980469,-119.64591979980469,133.0
1791344810.7653806,11522.341614108,8.131000000000933,0.019999999999988916,0.0,0.024621045000458253,left_ankle_pitch_joint,-0.5887343287467957,-1.8848541975021362,11.045150756835938,2.6821908950805664,0.029144287109375,2.6530466079711914,199.0828094482422,39.89999771118164,39.89999771118164
1791344810.7653806,11522.341650255,8.131000000000933,0.019999999999988916,0.0,0.024621045000458253,right_ankle_pitch_joint,-0.18533331155776978,11.73615550994873,4.730997085571289,0.9773692488670349,0.7730705142021179,0.204298734664917,52.157920837402344,39.89999771118164,39.89999771118164
1791344810.7653806,11522.341659177,8.131000000000933,0.019999999999988916,0.0,0.024621045000458253,left_ankle_roll_joint,-0.16657353937625885,1.7286125421524048,0.43432655930519104,0.11726817488670349,0.11726817488670349,0.0,14.437585830688477,14.437585830688477,39.89999771118164
1791344810.7653806,11522.34166668,8.131000000000933,0.019999999999988916,0.0,0.024621045000458253,right_ankle_roll_joint,0.18078258633613586,1.287359595298767,0.4483470916748047,0.12105371803045273,0.12105371803045273,0.0,-5.514771461486816,-5.514771461486816,39.89999771118164
1791344810.7653806,11522.34167371,8.131000000000933,0.019999999999988916,0.0,0.024621045000458253,left_hip_pitch_joint,-0.710253894329071,2.0521888732910156,2.372008800506592,0.390442430973053,-0.04973959922790527,0.44018203020095825,229.84005737304688,133.0,133.0
1791344810.7653806,11522.341680921,8.131000000000933,0.019999999999988916,0.0,0.024621045000458253,right_hip_pitch_joint,0.6735379099845886,-0.2137175351381302,-1.424835443496704,-0.6347055435180664,0.06316381692886353,0.6978693604469299,-286.53125,-133.0,133.0
1791344810.78545,11522.361683495,8.144000000000926,0.019999999999988916,0.0,0.028024572999129305,left_ankle_pitch_joint,-0.6049533486366272,-0.7162141799926758,11.019336700439453,2.6752209663391113,0.04214125871658325,2.633079767227173,197.88478088378906,39.89999771118164,39.89999771118164
1791344810.78545,11522.361728756,8.144000000000926,0.019999999999988916,0.0,0.028024572999129305,right_ankle_pitch_joint,-0.026113757863640785,12.552464485168457,0.27736034989356995,-0.2251127064228058,-0.2251127064228058,0.0,-30.768634796142578,-30.768634796142578,39.89999771118164
1791344810.78545,11522.361738094,8.144000000000926,0.019999999999988916,0.0,0.028024572999129305,left_ankle_roll_joint,-0.14287947118282318,1.9636167287826538,2.3144519329071045,0.624902069568634,0.5712108016014099,0.05369126796722412,43.12146759033203,39.899993896484375,39.89999771118164
1791344810.78545,11522.361745322,8.144000000000926,0.019999999999988916,0.0,0.028024572999129305,right_ankle_roll_joint,0.1955733746290207,0.991987943649292,0.06981463730335236,0.018849952146410942,0.018849952146410942,0.0,-12.091386795043945,-12.091386795043945,39.89999771118164
1791344810.78545,11522.361759872,8.144000000000926,0.019999999999988916,0.0,0.028024572999129305,left_hip_pitch_joint,-0.6701666116714478,3.381850004196167,4.348147869110107,0.9240000247955322,0.026611149311065674,0.8973888754844666,330.4255676269531,133.0,133.0
1791344810.78545,11522.361766472,8.144000000000926,0.019999999999988916,0.0,0.028024572999129305,right_hip_pitch_joint,0.6356326341629028,-5.1413350105285645,-2.497621536254883,-0.9243578314781189,-0.10913103818893433,0.8152267932891846,-312.349853515625,-133.0,133.0
1791344810.8106194,11522.38685337,8.162000000000916,0.019999999999988916,0.0,0.026033572999949683,left_ankle_pitch_joint,-0.6050589680671692,0.6478980779647827,14.4137544631958,3.5917139053344727,0.076138436794281,3.515575408935547,250.83453369140625,39.89999771118164,39.89999771118164
1791344810.8106194,11522.38690784,8.162000000000916,0.019999999999988916,0.0,0.026033572999949683,right_ankle_pitch_joint,0.17384199798107147,11.01669979095459,-4.619260787963867,-1.5472004413604736,-0.21574047207832336,1.3314599990844727,-119.78759002685547,-39.899993896484375,39.89999771118164
1791344810.8106194,11522.386916931,8.162000000000916,0.019999999999988916,0.0,0.026033572999949683,left_ankle_roll_joint,-0.0959823727607727,3.476923704147339,1.9983587265014648,0.5395568609237671,0.5395568609237671,0.0,32.916969299316406,32.916969299316406,39.89999771118164
1791344810.8106194,11522.386924208,8.162000000000916,0.019999999999988916,0.0,0.026033572999949683,right_ankle_roll_joint,0.2076248675584793,0.4815595746040344,-0.8099452257156372,-0.21868522465229034,-0.21868522465229034,0.0,-26.300945281982422,-26.300945281982422,39.89999771118164
1791344810.8106194,11522.386930426,8.162000000000916,0.019999999999988916,0.0,0.026033572999949683,left_hip_pitch_joint,-0.6360319256782532,0.633381724357605,6.064091205596924,1.387304663658142,-0.014212429523468018,1.4015171527862549,441.3337707519531,133.0,133.0
1791344810.8106194,11522.386937265,8.162000000000916,0.019999999999988916,0.0,0.026033572999949683,right_hip_pitch_joint,0.49501869082450867,-10.449284553527832,-4.089261054992676,-1.3541005849838257,-0.3945072293281555,0.9595933556556702,-344.11053466796875,-132.99998474121094,133.0
1791344810.837463,11522.413696344,8.182000000000905,0.019999999999988916,0.0,0.027009876001102384,left_ankle_pitch_joint,-0.5409409403800964,5.207008361816406,15.290021896362305,3.828305959701538,0.254234254360199,3.5740716457366943,254.34429931640625,39.89999771118164,39.89999771118164
1791344810.837463,11522.413735886,8.182000000000905,0.019999999999988916,0.0,0.027009876001102384,right_ankle_pitch_joint,0.3831845223903656,9.058707237243652,-7.227477073669434,-2.2514188289642334,-0.05534780025482178,2.196071147918701,-171.6642608642578,-39.900001525878906,39.89999771118164
1791344810.837463,11522.413744647,8.182000000000905,0.019999999999988916,0.0,0.027009876001102384,left_ankle_roll_joint,-0.024211347103118896,3.355729341506958,1.5251567363739014,0.4117923378944397,0.4117923378944397,0.0,21.12662696838379,21.12662696838379,39.89999771118164
1791344810.837463,11522.413751355,8.182000000000905,0.019999999999988916,0.0,0.027009876001102384,right_ankle_roll_joint,0.20617914199829102,-0.5724326968193054,-2.286529541015625,-0.6173629760742188,-0.4731316566467285,0.14423131942749023,-48.55387878417969,-39.89999771118164,39.89999771118164
1791344810.837463,11522.41375818,8.182000000000905,0.019999999999988916,0.0,0.027009876001102384,left_hip_pitch_joint,-0.6711141467094421,-3.3950278759002686,6.690568447113037,1.5564535856246948,-0.159160315990448,1.715613842010498,510.43505859375,133.00001525878906,133.0
1791344810.837463,11522.413764358,8.182000000000905,0.019999999999988916,0.0,0.027009876001102384,right_hip_pitch_joint,0.2545100152492523,-12.536824226379395,-4.545602798461914,-1.4773128032684326,-0.6919488310813904,0.7853639721870422,-305.78009033203125,-133.0,133.0
1791344810.865473,11522.44170688,8.202000000000893,0.019999999999988916,0.0,0.026933495999401202,left_ankle_pitch_joint,-0.4227055609226227,6.822275161743164,15.337913513183594,3.8412368297576904,0.4128512740135193,3.4283854961395264,245.60311889648438,39.89999771118164,39.89999771118164
1791344810.865473,11522.441769387,8.202000000000893,0.019999999999988916,0.0,0.026933495999401202,right_ankle_pitch_joint,0.5469541549682617,7.433004856109619,-11.007070541381836,-3.27190899848938,0.06777933239936829,3.339688301086426,-240.2812957763672,-39.89999771118164,39.89999771118164
1791344810.865473,11522.441782732,8.202000000000893,0.019999999999988916,0.0,0.026933495999401202,left_ankle_roll_joint,0.049944669008255005,4.021844387054443,0.49936535954475403,0.13482865691184998,0.13482865691184998,0.0,-0.9397268295288086,-0.9397268295288086,39.89999771118164
1791344810.865473,11522.441792509,8.202000000000893,0.019999999999988916,0.0,0.026933495999401202,right_ankle_roll_joint,0.17923031747341156,-2.0512843132019043,-5.9772868156433105,-1.6138675212860107,-0.5370517373085022,1.0768158435821533,-104.50894165039062,-39.89999771118164,39.89999771118164
1791344810.865473,11522.441801235,8.202000000000893,0.019999999999988916,0.0,0.026933495999401202,left_hip_pitch_joint,-0.7025235295295715,0.790378212928772,5.832198619842529,1.3246936798095703,-0.07642233371734619,1.4011160135269165,441.2454833984375,133.0,133.0
1791344810.865473,11522.441809478,8.202000000000893,0.019999999999988916,0.0,0.026933495999401202,right_hip_pitch_joint,-0.016697371378540993,-13.738714218139648,-4.008045196533203,-1.3321722745895386,-0.9959349632263184,0.3362373113632202,-206.97219848632812,-133.0,133.0
1791344810.893534,11522.469768867,8.222000000000882,0.019999999999988916,0.0,0.028130134000093676,left_ankle_pitch_joint,-0.27450916171073914,8.677424430847168,13.279550552368164,3.2854788303375244,0.6074263453483582,2.6780524253845215,200.5831298828125,39.899993896484375,39.89999771118164
1791344810.893534,11522.469867786,8.222000000000882,0.019999999999988916,0.0,0.028130134000093676,right_ankle_pitch_joint,0.6692891120910645,4.940732479095459,-14.369744300842285,-4.179831027984619,0.12780743837356567,4.307638645172119,-298.3583068847656,-39.89999771118164,39.89999771118164
1791344810.893534,11522.469878089,8.222000000000882,0.019999999999988916,0.0,0.028130134000093676,left_ankle_roll_joint,0.12334679067134857,3.6369824409484863,-0.8622733354568481,-0.23281380534172058,-0.23281380534172058,0.0,-26.82510757446289,-26.82510757446289,39.89999771118164
1791344810.893534,11522.469888147,8.222000000000882,0.019999999999988916,0.0,0.028130134000093676,right_ankle_roll_joint,0.12628379464149475,-3.3971307277679443,-8.952614784240723,-2.417206048965454,-0.6236444711685181,1.793561577796936,-147.51368713378906,-39.89999771118164,39.89999771118164
1791344810.893534,11522.4698952,8.222000000000882,0.019999999999988916,0.0,0.028130134000093676,left_hip_pitch_joint,-0.6706604361534119,2.151688575744629,5.011581897735596,1.103127121925354,-0.00743257999420166,1.1105597019195557,377.3231201171875,133.0,133.0
1791344810.893534,11522.46990183,8.222000000000882,0.019999999999988916,0.0,0.028130134000093676,right_hip_pitch_joint,-0.2598436176776886,-6.647284507751465,-3.6077587604522705,-1.2240948677062988,-1.0456786155700684,0.17841625213623047,-172.2515869140625,-133.0,133.0
1791344810.9204266,11522.496659903,8.242000000000871,0.019999999999988916,0.0,0.027871442000105162,left_ankle_pitch_joint,-0.08080372214317322,10.552191734313965,10.825175285339355,2.6227974891662598,0.8480010628700256,1.774796485900879,146.3877716064453,39.900001525878906,39.89999771118164
1791344810.9204266,11522.496701284,8.242000000000871,0.019999999999988916,0.0,0.027871442000105162,right_ankle_pitch_joint,0.7023786902427673,-1.4964869022369385,-15.058247566223145,-4.365727424621582,-3.349781036376953e-05,4.365694046020508,-301.8416442871094,-39.89999771118164,39.89999771118164
1791344810.9204266,11522.496711609,8.242000000000871,0.019999999999988916,0.0,0.027871442000105162,left_ankle_roll_joint,0.1775037944316864,1.7648643255233765,0.17540243268013,0.04735865816473961,0.04735865816473961,0.0,-10.456005096435547,-10.456005096435547,39.89999771118164
1791344810.9204266,11522.49672596,8.242000000000871,0.019999999999988916,0.0,0.027871442000105162,right_ankle_roll_joint,0.04244200140237808,-4.932814121246338,-7.558885097503662,-2.0408990383148193,-0.745878279209137,1.2950208187103271,-117.60124206542969,-39.899993896484375,39.89999771118164
1791344810.9204266,11522.496732744,8.242000000000871,0.019999999999988916,0.0,0.027871442000105162,left_hip_pitch_joint,-0.624301552772522,3.670029401779175,4.711005687713623,1.021971583366394,0.08033561706542969,0.9416359663009644,340.159912109375,133.0,133.0
1791344810.9204266,11522.496739312,8.242000000000871,0.019999999999988916,0.0,0.027871442000105162,right_hip_pitch_joint,-0.2746916711330414,3.35113525390625,-5.252638339996338,-1.6682124137878418,-0.7878425121307373,0.8803699016571045,-326.6813659667969,-133.0,133.0
1791344810.9485075,11522.524741158,8.26200000000086,0.019999999999988916,0.0,0.026328887001000112,left_ankle_pitch_joint,0.16181249916553497,12.43582534790039,7.518664836883545,1.7300395965576172,1.1377081871032715,0.5923314094543457,75.43988037109375,39.900001525878906,39.89999771118164
1791344810.9485075,11522.524828759,8.26200000000086,0.019999999999988916,0.0,0.026328887001000112,right_ankle_pitch_joint,0.6115379333496094,-6.104031085968018,-14.357593536376953,-4.176550388336182,-0.20606285333633423,3.970487594604492,-278.1292724609375,-39.89999771118164,39.89999771118164
1791344810.9485075,11522.524845499,8.26200000000086,0.019999999999988916,0.0,0.026328887001000112,left_ankle_roll_joint,0.20134222507476807,0.6695802807807922,0.5478286743164062,0.14791375398635864,0.14791375398635864,0.0,-4.210078716278076,-4.210078716278076,39.89999771118164
1791344810.9485075,11522.524853997,8.26200000000086,0.019999999999988916,0.0,0.026328887001000112,right_ankle_roll_joint,-0.08252067118883133,-6.839166164398193,-5.548357009887695,-1.498056411743164,-0.918499767780304,0.5795566439628601,-74.67339324951172,-39.899993896484375,39.89999771118164
1791344810.9485075,11522.524861853,8.26200000000086,0.019999999999988916,0.0,0.026328887001000112,left_hip_pitch_joint,-0.5332000851631165,5.383852481842041,3.7891876697540283,0.7730807065963745,0.21817773580551147,0.554902970790863,255.0786590576172,133.0,133.0
1791344810.9485075,11522.524868454,8.26200000000086,0.019999999999988916,0.0,0.026328887001000112,right_hip_pitch_joint,-0.177353173494339,5.9950103759765625,-4.793205738067627,-1.5441656112670898,-0.6183983683586121,0.9257672429084778,-336.6687927246094,-133.0,133.0
1791344810.9745147,11522.55074812,8.28200000000085,0.019999999999988916,0.0,0.028759510998497717,left_ankle_pitch_joint,0.4133262634277344,13.959826469421387,4.319931983947754,0.8663817048072815,0.8663817048072815,0.0,6.243587493896484,6.243587493896484,39.89999771118164
1791344810.9745147,11522.550784762,8.28200000000085,0.019999999999988916,0.0,0.028759510998497717,right_ankle_pitch_joint,0.4745691418647766,-8.193924903869629,-13.582383155822754,-3.9672434329986572,-0.3952789902687073,3.5719645023345947,-254.21786499023438,-39.900001525878906,39.89999771118164
1791344810.9745147,11522.550794346,8.28200000000085,0.019999999999988916,0.0,0.028759510998497717,left_ankle_roll_joint,0.20892880856990814,0.15967337787151337,-0.2350899875164032,-0.06347429752349854,-0.06347429752349854,0.0,-16.583696365356445,-16.583696365356445,39.89999771118164
1791344810.9745147,11522.550801337,8.28200000000085,0.019999999999988916,0.0,0.028759510998497717,right_ankle_roll_joint,-0.23085719347000122,-8.77425765991211,-3.715561866760254,-1.0032017230987549,-1.0032017230987549,0.0,-33.179283142089844,-33.179283142089844,39.89999771118164
1791344810.9745147,11522.550808057,8.28200000000085,0.019999999999988916,0.0,0.028759510998497717,left_hip_pitch_joint,-0.4154174327850342,6.984714984893799,2.4147989749908447,0.40199577808380127,0.3796202540397644,0.022375524044036865,137.922607421875,133.0,133.0
1791344810.9745147,11522.550814817,8.28200000000085,0.019999999999988916,0.0,0.028759510998497717,right_hip_pitch_joint,-0.06782589852809906,4.568549633026123,-3.614842653274536,-1.2260075807571411,-0.5477745532989502,0.6782330274581909,-282.2112731933594,-133.0,133.0
1791344811.001573,11522.57780678,8.302000000000838,0.019999999999988916,0.0,0.025930427000275813,left_ankle_pitch_joint,0.666928231716156,6.4568400382995605,2.635429620742798,0.41156601905822754,0.41156601905822754,0.0,-25.00699234008789,-25.00699234008789,39.89999771118164
1791344811.001573,11522.577837912,8.302000000000838,0.019999999999988916,0.0,0.025930427000275813,right_ankle_pitch_joint,0.2845529615879059,-9.55488109588623,-12.209955215454102,-3.5966880321502686,-0.619318962097168,2.9773690700531006,-218.54214477539062,-39.899993896484375,39.89999771118164
1791344811.001573,11522.577846488,8.302000000000838,0.019999999999988916,0.0,0.025930427000275813,left_ankle_roll_joint,0.15772244334220886,-8.236797332763672,-0.8847111463546753,-0.23887202143669128,-0.23887202143669128,0.0,-11.440471649169922,-11.440471649169922,39.89999771118164
1791344811.001573,11522.577853387,8.302000000000838,0.019999999999988916,0.0,0.025930427000275813,right_ankle_roll_joint,-0.44069820642471313,-11.141556739807129,-2.7675960063934326,-0.7472509741783142,-0.7472509741783142,0.0,-1.6808300018310547,-1.6808300018310547,39.89999771118164
1791344811.001573,11522.577859762,8.302000000000838,0.019999999999988916,0.0,0.025930427000275813,left_hip_pitch_joint,-0.24883577227592468,9.122923851013184,1.0057170391082764,0.02154362201690674,0.02154362201690674,0.0,4.7459259033203125,4.7459259033203125,133.0
1791344811.001573,11522.577866383,8.302000000000838,0.019999999999988916,0.0,0.025930427000275813,right_hip_pitch_joint,-0.004888854920864105,1.756333827972412,-2.911658763885498,-1.0361478328704834,-0.5615342855453491,0.4746135473251343,-237.41497802734375,-133.0,133.0
1791344811.022086,11522.598320084,8.321000000000828,0.019999999999988916,0.0,0.028187718000481254,left_ankle_pitch_joint,0.7292211651802063,-0.07448414713144302,3.045264720916748,0.5222215056419373,0.5222215056419373,0.0,-12.308253288269043,-12.308253288269043,39.89999771118164
1791344811.022086,11522.598362802,8.321000000000828,0.019999999999988916,0.0,0.028187718000481254,right_ankle_pitch_joint,0.11638502776622772,-7.821378231048584,-8.84041976928711,-2.68691349029541,-0.744149386882782,1.9427640438079834,-156.46583557128906,-39.89999771118164,39.89999771118164
1791344811.022086,11522.598372149,8.321000000000828,0.019999999999988916,0.0,0.028187718000481254,left_ankle_roll_joint,0.0018634063890203834,-8.178690910339355,-1.6948126554489136,-0.4575994312763214,-0.4575994312763214,0.0,-15.299736022949219,-15.299736022949219,39.89999771118164
1791344811.022086,11522.59837967,8.321000000000828,0.019999999999988916,0.0,0.028187718000481254,right_ankle_roll_joint,-0.6168527603149414,-6.00623083114624,-2.160982608795166,-0.5834653377532959,-0.5834653377532959,0.0,11.012591361999512,11.012591361999512,39.89999771118164
1791344811.022086,11522.598386273,8.321000000000828,0.019999999999988916,0.0,0.028187718000481254,left_hip_pitch_joint,-0.10199151933193207,6.092611789703369,-0.04848484322428703,-0.26309090852737427,-0.26309090852737427,0.0,-71.9975357055664,-71.9975357055664,133.0
1791344811.022086,11522.598393251,8.321000000000828,0.019999999999988916,0.0,0.028187718000481254,right_hip_pitch_joint,-0.02308688499033451,-3.90321946144104,-2.065525531768799,-0.8076919317245483,-0.7340837717056274,0.0736081600189209,-149.19378662109375,-133.0,133.0
1791344811.042948,11522.619181944,8.338000000000818,0.019999999999988916,0.0,0.028187718000481254,left_ankle_pitch_joint,0.6895471215248108,-4.564227104187012,3.045264720916748,0.5222215056419373,0.5222215056419373,0.0,-3.1931967735290527,-3.1931967735290527,39.89999771118164
1791344811.042948,11522.619233782,8.338000000000818,0.019999999999988916,0.0,0.028187718000481254,right_ankle_pitch_joint,0.006171264220029116,-7.325737476348877,-8.84041976928711,-2.68691349029541,-0.8419721722602844,1.8449413776397705,-150.5964813232422,-39.900001525878906,39.89999771118164
1791344811.042948,11522.619249126,8.338000000000818,0.019999999999988916,0.0,0.028187718000481254,left_ankle_roll_joint,-0.12153331190347672,-8.265646934509277,-1.6948126554489136,-0.4575994312763214,-0.4575994312763214,0.0,-7.765497207641602,-7.765497207641602,39.89999771118164
1791344811.042948,11522.619259157,8.338000000000818,0.019999999999988916,0.0,0.028187718000481254,right_ankle_roll_joint,-0.6390402913093567,2.6618778705596924,-2.160982608795166,-0.5834653377532959,-0.5834653377532959,0.0,-0.6583197116851807,-0.6583197116851807,39.89999771118164
1791344811.042948,11522.619265235,8.338000000000818,0.019999999999988916,0.0,0.028187718000481254,left_hip_pitch_joint,-0.05333885923027992,0.7470030784606934,-0.04848484322428703,-0.26309090852737427,-0.26309090852737427,0.0,-50.62746810913086,-50.62746810913086,133.0
1791344811.042948,11522.619272094,8.338000000000818,0.019999999999988916,0.0,0.028187718000481254,right_hip_pitch_joint,-0.13354459404945374,-10.470685958862305,-2.065525531768799,-0.8076919317245483,-0.8076919317245483,0.0,-85.48831176757812,-85.48831176757812,133.0
1791344811.0630205,11522.639254295,8.35100000000081,0.019999999999988916,0.0,0.024348081000425736,left_ankle_pitch_joint,0.5989195704460144,-7.348724365234375,4.763802528381348,0.9862267374992371,0.9862267374992371,0.0,34.26151657104492,34.26151657104492,39.89999771118164
1791344811.0630205,11522.639297645,8.35100000000081,0.019999999999988916,0.0,0.024348081000425736,right_ankle_pitch_joint,-0.11562194675207138,-9.144837379455566,-3.9323458671569824,-1.3617334365844727,-1.0092427730560303,0.3524906635284424,-61.0494384765625,-39.899993896484375,39.89999771118164
1791344811.0630205,11522.639306518,8.35100000000081,0.019999999999988916,0.0,0.024348081000425736,left_ankle_roll_joint,-0.23365306854248047,-5.830989360809326,-2.1270623207092285,-0.574306845664978,-0.574306845664978,0.0,-11.692742347717285,-11.692742347717285,39.89999771118164
1791344811.0630205,11522.639313314,8.35100000000081,0.019999999999988916,0.0,0.024348081000425736,right_ankle_roll_joint,-0.5418590903282166,9.035938262939453,-2.1440610885620117,-0.5788965225219727,-0.5788965225219727,0.0,-15.776153564453125,-15.776153564453125,39.89999771118164
1791344811.0630205,11522.639320228,8.35100000000081,0.019999999999988916,0.0,0.024348081000425736,left_hip_pitch_joint,-0.0771469995379448,-4.156627655029297,-0.6167498826980591,-0.41652247309684753,-0.41652247309684753,0.0,-49.72283935546875,-49.72283935546875,133.0
1791344811.0630205,11522.639326997,8.35100000000081,0.019999999999988916,0.0,0.024348081000425736,right_hip_pitch_joint,-0.297466903924942,-7.628280162811279,-1.2493773698806763,-0.5873318910598755,-0.5873318910598755,0.0,-18.00061798095703,-18.00061798095703,133.0
1791344811.083971,11522.660204644,8.364000000000804,0.019999999999988916,0.0,0.0269827020001685,left_ankle_pitch_joint,0.5090780258178711,-6.540136337280273,6.831791400909424,1.544583797454834,1.0105745792388916,0.5340092182159424,71.9405517578125,39.89999771118164,39.89999771118164
1791344811.083971,11522.660236559,8.364000000000804,0.019999999999988916,0.0,0.0269827020001685,right_ankle_pitch_joint,-0.24779585003852844,-10.913884162902832,2.626502752304077,0.40915578603744507,0.14435699582099915,0.2647987902164459,55.787925720214844,39.89999771118164,39.89999771118164
1791344811.083971,11522.66024459,8.364000000000804,0.019999999999988916,0.0,0.0269827020001685,left_ankle_roll_joint,-0.30669108033180237,-5.450313091278076,-2.6702890396118164,-0.7209780812263489,-0.7209780812263489,0.0,-16.681751251220703,-16.681751251220703,39.89999771118164
1791344811.083971,11522.660251193,8.364000000000804,0.019999999999988916,0.0,0.0269827020001685,right_ankle_roll_joint,-0.41707924008369446,9.568429946899414,-2.1798300743103027,-0.5885541439056396,-0.5885541439056396,0.0,-24.64113998413086,-24.64113998413086,39.89999771118164
1791344811.083971,11522.660257778,8.364000000000804,0.019999999999988916,0.0,0.0269827020001685,left_hip_pitch_joint,-0.14912565052509308,-6.064939498901367,-0.8962766528129578,-0.491994708776474,-0.491994708776474,0.0,-39.04155349731445,-39.04155349731445,133.0
1791344811.083971,11522.660270197,8.364000000000804,0.019999999999988916,0.0,0.0269827020001685,right_hip_pitch_joint,-0.3640022277832031,-3.572901487350464,-0.5970355272293091,-0.4111995995044708,-0.4111995995044708,0.0,11.053986549377441,11.053986549377441,133.0
1791344811.1080198,11522.68425352,8.383000000000793,0.019999999999988916,0.0,0.027042242998504662,left_ankle_pitch_joint,0.4014781713485718,-5.445971488952637,7.468784809112549,1.7165720462799072,0.9303287863731384,0.7862432599067688,87.0745849609375,39.899993896484375,39.89999771118164
1791344811.1080198,11522.68431334,8.383000000000793,0.019999999999988916,0.0,0.027042242998504662,right_ankle_pitch_joint,-0.43529385328292847,-9.81156063079834,7.7362751960754395,1.7887945175170898,-0.015582889318466187,1.8043774366378784,148.16265869140625,39.89999771118164,39.89999771118164
1791344811.1080198,11522.684324127,8.383000000000793,0.019999999999988916,0.0,0.027042242998504662,left_ankle_roll_joint,-0.3998619318008423,-4.925683498382568,-3.4865105152130127,-0.9413578510284424,-0.9413578510284424,0.0,-25.101228713989258,-25.101228713989258,39.89999771118164
1791344811.1080198,11522.684334297,8.383000000000793,0.019999999999988916,0.0,0.027042242998504662,right_ankle_roll_joint,-0.2569673955440521,8.191991806030273,-2.156480312347412,-0.5822497010231018,-0.5822497010231018,0.0,-31.804927825927734,-31.804927825927734,39.89999771118164
1791344811.1080198,11522.684344057,8.383000000000793,0.019999999999988916,0.0,0.027042242998504662,left_hip_pitch_joint,-0.2550480365753174,-5.720620632171631,-1.2512271404266357,-0.5878313779830933,-0.5878313779830933,0.0,-38.88861083984375,-38.88861083984375,133.0
1791344811.1080198,11522.684353727,8.383000000000793,0.019999999999988916,0.0,0.027042242998504662,right_hip_pitch_joint,-0.4053420424461365,-1.8792585134506226,-0.093773752450943,-0.2753189206123352,-0.2753189206123352,0.0,39.880638122558594,39.880638122558594,133.0
1791344811.128674,11522.704907391,8.401000000000783,0.019999999999988916,0.0,0.028090489000533125,left_ankle_pitch_joint,0.30856335163116455,-4.1360673904418945,7.017566204071045,1.594743013381958,0.8701617121696472,0.7245813012123108,83.3748779296875,39.900001525878906,39.89999771118164
1791344811.128674,11522.704946572,8.401000000000783,0.019999999999988916,0.0,0.028090489000533125,right_ankle_pitch_joint,-0.6019814014434814,-7.749841213226318,11.779272079467773,2.880403518676758,-0.13072746992111206,3.0111310482025146,220.56785583496094,39.89999771118164,39.89999771118164
1791344811.128674,11522.70495467,8.401000000000783,0.019999999999988916,0.0,0.028090489000533125,left_ankle_roll_joint,-0.48802217841148376,-4.124666690826416,-4.226960182189941,-1.1412793397903442,-1.1412793397903442,0.0,-33.008426666259766,-33.008426666259766,39.89999771118164
1791344811.128674,11522.704961596,8.401000000000783,0.019999999999988916,0.0,0.028090489000533125,right_ankle_roll_joint,-0.1208912804722786,6.1721320152282715,-2.0190589427948,-0.5451459288597107,-0.5451459288597107,0.0,-34.713478088378906,-34.713478088378906,39.89999771118164
1791344811.128674,11522.704967593,8.401000000000783,0.019999999999988916,0.0,0.028090489000533125,left_hip_pitch_joint,-0.34779760241508484,-3.5223188400268555,-1.5207140445709229,-0.660592794418335,-0.660592794418335,0.0,-47.6810302734375,-47.6810302734375,133.0
1791344811.128674,11522.704974528,8.401000000000783,0.019999999999988916,0.0,0.028090489000533125,right_hip_pitch_joint,-0.4205203354358673,0.15741710364818573,0.3913803994655609,-0.1443272829055786,-0.1443272829055786,0.0,59.81796646118164,59.81796646118164,133.0
1791344811.1502156,11522.726449082,8.415000000000775,0.019999999999988916,0.0,0.028090489000533125,left_ankle_pitch_joint,0.26565486192703247,-2.55629825592041,7.017566204071045,1.594743013381958,0.8667473196983337,0.7279956936836243,83.57974243164062,39.899993896484375,39.89999771118164
1791344811.1502156,11522.726492076,8.415000000000775,0.019999999999988916,0.0,0.028090489000533125,right_ankle_pitch_joint,-0.6920756697654724,-6.2068610191345215,11.779272079467773,2.880403518676758,-0.18224722146987915,3.062650680541992,223.65904235839844,39.89999771118164,39.89999771118164
1791344811.1502156,11522.726507325,8.415000000000775,0.019999999999988916,0.0,0.028090489000533125,left_ankle_roll_joint,-0.5298554301261902,-2.304091691970825,-4.226960182189941,-1.1412793397903442,-1.1412793397903442,0.0,-33.22929763793945,-33.22929763793945,39.89999771118164
1791344811.1502156,11522.726513855,8.415000000000775,0.019999999999988916,0.0,0.028090489000533125,right_ankle_roll_joint,-0.05115277320146561,4.66742467880249,-2.0190589427948,-0.5451459288597107,-0.5451459288597107,0.0,-36.640724182128906,-36.640724182128906,39.89999771118164
1791344811.1502156,11522.726519856,8.415000000000775,0.019999999999988916,0.0,0.028090489000533125,left_hip_pitch_joint,-0.3872286379337311,-2.9392523765563965,-1.5207140445709229,-0.660592794418335,-0.660592794418335,0.0,-42.504600524902344,-42.504600524902344,133.0
1791344811.1502156,11522.726525917,8.415000000000775,0.019999999999988916,0.0,0.028090489000533125,right_hip_pitch_joint,-0.4033583104610443,2.3325440883636475,0.3913803994655609,-0.1443272829055786,-0.1443272829055786,0.0,42.99156188964844,42.99156188964844,133.0
1791344811.1709425,11522.747175926,8.429000000000768,0.019999999999988916,0.0,0.028933176999998977,left_ankle_pitch_joint,0.24243994057178497,-0.7012014389038086,5.9922566413879395,1.3179092407226562,0.8899098038673401,0.42799943685531616,65.5799560546875,39.89999771118164,39.89999771118164
1791344811.1709425,11522.747208096,8.429000000000768,0.019999999999988916,0.0,0.028933176999998977,right_ankle_pitch_joint,-0.772141695022583,-4.591382026672363,14.290800094604492,3.558516263961792,-0.2219262719154358,3.780442476272583,266.7265625,39.89999771118164,39.89999771118164
1791344811.1709425,11522.747216822,8.429000000000768,0.019999999999988916,0.0,0.028933176999998977,left_ankle_roll_joint,-0.542056679725647,0.46845948696136475,-4.800933837890625,-1.2962521314620972,-1.195345163345337,0.10090696811676025,-45.95441818237305,-39.89999771118164,39.89999771118164
1791344811.1709425,11522.747223802,8.429000000000768,0.019999999999988916,0.0,0.028933176999998977,right_ankle_roll_joint,0.005059699062258005,2.9657042026519775,-1.9460700750350952,-0.5254389643669128,-0.5254389643669128,0.0,-36.27847671508789,-36.27847671508789,39.89999771118164
1791344811.1709425,11522.747230085,8.429000000000768,0.019999999999988916,0.0,0.028933176999998977,left_hip_pitch_joint,-0.4341309070587158,-3.4579665660858154,-2.200589418411255,-0.8441591858863831,-0.8441591858863831,0.0,-69.45841979980469,-69.45841979980469,133.0
1791344811.1709425,11522.747236213,8.429000000000768,0.019999999999988916,0.0,0.028933176999998977,right_hip_pitch_joint,-0.3488609790802002,5.177582740783691,1.2534676790237427,0.08843627572059631,0.08843627572059631,0.0,65.13990020751953,65.13990020751953,133.0
1791344811.1916125,11522.767846543,8.44200000000076,0.019999999999988916,0.0,0.025946273000954534,left_ankle_pitch_joint,0.24257014691829681,0.5800609588623047,4.590597152709961,0.9394612908363342,0.922071635723114,0.017389655113220215,40.94337844848633,39.89999771118164,39.89999771118164
1791344811.1916125,11522.767891866,8.44200000000076,0.019999999999988916,0.0,0.025946273000954534,right_ankle_pitch_joint,-0.8199762105941772,-3.4898693561553955,15.567207336425781,3.9031460285186768,-0.24222302436828613,4.145369052886963,288.62213134765625,39.899993896484375,39.89999771118164
1791344811.1916125,11522.767900517,8.44200000000076,0.019999999999988916,0.0,0.025946273000954534,left_ankle_roll_joint,-0.5240170359611511,2.2785279750823975,-5.0301833152771,-1.358149528503418,-1.1320538520812988,0.22609567642211914,-53.46574401855469,-39.900001525878906,39.89999771118164
1791344811.1916125,11522.767907423,8.44200000000076,0.019999999999988916,0.0,0.025946273000954534,right_ankle_roll_joint,0.03261891379952431,1.740214228630066,-1.8733245134353638,-0.5057976245880127,-0.5057976245880127,0.0,-34.915313720703125,-34.915313720703125,39.89999771118164
1791344811.1916125,11522.767919477,8.44200000000076,0.019999999999988916,0.0,0.025946273000954534,left_hip_pitch_joint,-0.47965094447135925,-4.230132102966309,-2.8902599811553955,-1.0303702354431152,-1.0303702354431152,0.0,-95.7774429321289,-95.7774429321289,133.0
1791344811.1916125,11522.767927386,8.44200000000076,0.019999999999988916,0.0,0.025946273000954534,right_hip_pitch_joint,-0.27203962206840515,7.227083206176758,2.0342705249786377,0.29925304651260376,0.29925304651260376,0.0,82.32188415527344,82.32188415527344,133.0
1791344811.220114,11522.796347563,8.46200000000075,0.019999999999988916,0.0,0.02700949700010824,left_ankle_pitch_joint,0.27148038148880005,2.1023480892181396,2.9862422943115234,0.5062854290008545,0.5062854290008545,0.0,10.93478012084961,10.93478012084961,39.89999771118164
1791344811.220114,11522.79640149,8.46200000000075,0.019999999999988916,0.0,0.02700949700010824,right_ankle_pitch_joint,-0.8735477924346924,-1.9929149150848389,15.991193771362305,4.017622470855713,-0.25837069749832153,4.275993347167969,296.4595947265625,39.89999771118164,39.89999771118164
1791344811.220114,11522.796413033,8.46200000000075,0.019999999999988916,0.0,0.02700949700010824,left_ankle_roll_joint,-0.4646647870540619,3.071838855743408,-4.651060104370117,-1.2557862997055054,-1.0528688430786133,0.2029174566268921,-52.07504653930664,-39.89999771118164,39.89999771118164
1791344811.220114,11522.796421648,8.46200000000075,0.019999999999988916,0.0,0.02700949700010824,right_ankle_roll_joint,0.04919406771659851,0.05951926112174988,-1.1810451745986938,-0.31888219714164734,-0.31888219714164734,0.0,-22.17385482788086,-22.17385482788086,39.89999771118164
1791344811.220114,11522.796429329,8.46200000000075,0.019999999999988916,0.0,0.02700949700010824,left_hip_pitch_joint,-0.5899972915649414,-6.098760604858398,-3.387712001800537,-1.1646822690963745,-1.1646822690963745,0.0,-89.838134765625,-89.838134765625,133.0
1791344811.220114,11522.796437303,8.46200000000075,0.019999999999988916,0.0,0.02700949700010824,right_hip_pitch_joint,-0.09359335899353027,9.877355575561523,2.912367820739746,0.5363393425941467,0.5363393425941467,0.0,79.32106018066406,79.32106018066406,133.0
1791344811.2469037,11522.823137111,8.482000000000738,0.019999999999988916,0.0,0.028939515999809373,left_ankle_pitch_joint,0.31778857111930847,2.1895463466644287,2.751008987426758,0.44277244806289673,0.44277244806289673,0.0,4.214713096618652,4.214713096618652,39.89999771118164
1791344811.2469037,11522.823214618,8.482000000000738,0.019999999999988916,0.0,0.028939515999809373,right_ankle_pitch_joint,-0.9002600908279419,-0.6275599598884583,15.234354019165039,3.8132755756378174,-0.2509491443634033,4.064224720001221,283.75347900390625,39.89999771118164,39.89999771118164
1791344811.2469037,11522.823254845,8.482000000000738,0.019999999999988916,0.0,0.028939515999809373,left_ankle_roll_joint,-0.41796547174453735,1.3889312744140625,-3.693777084350586,-0.9973198771476746,-0.9973198771476746,0.0,-36.844661712646484,-36.844661712646484,39.89999771118164
1791344811.2469037,11522.823263433,8.482000000000738,0.019999999999988916,0.0,0.028939515999809373,right_ankle_roll_joint,0.03891676291823387,-0.9265636801719666,0.12422193586826324,0.03353992477059364,0.03353992477059364,0.0,1.0672352313995361,1.0672352313995361,39.89999771118164
1791344811.2469037,11522.823270292,8.482000000000738,0.019999999999988916,0.0,0.028939515999809373,left_hip_pitch_joint,-0.6988479495048523,-4.666280746459961,-3.6031410694122314,-1.2228481769561768,-1.2228481769561768,0.0,-87.28236389160156,-87.28236389160156,133.0
1791344811.2469037,11522.823276903,8.482000000000738,0.019999999999988916,0.0,0.028939515999809373,right_hip_pitch_joint,0.12968076765537262,10.61382007598877,3.764159917831421,0.7663232088088989,0.7663232088088989,0.0,76.37841796875,76.37841796875,133.0
1791344811.2672777,11522.843511792,8.501000000000728,0.019999999999988916,0.0,0.027986203000182286,left_ankle_pitch_joint,0.3557964563369751,2.0251998901367188,3.377199172973633,0.6118438243865967,0.6118438243865967,0.0,12.325042724609375,12.325042724609375,39.89999771118164
1791344811.2672777,11522.843572547,8.501000000000728,0.019999999999988916,0.0,0.027986203000182286,right_ankle_pitch_joint,-0.9002741575241089,0.5666611194610596,12.970720291137695,3.202094554901123,-0.22110766172409058,3.4232022762298584,245.29214477539062,39.89999771118164,39.89999771118164
1791344811.2672777,11522.84358224,8.501000000000728,0.019999999999988916,0.0,0.027986203000182286,left_ankle_roll_joint,-0.40551793575286865,0.09069743007421494,-2.3583555221557617,-0.6367560029029846,-0.6367560029029846,0.0,-14.010330200195312,-14.010330200195312,39.89999771118164
1791344811.2672777,11522.84358899,8.501000000000728,0.019999999999988916,0.0,0.027986203000182286,right_ankle_roll_joint,0.02242250367999077,-0.8826175332069397,1.8969684839248657,0.5121815204620361,0.5121815204620361,0.0,30.709468841552734,30.709468841552734,39.89999771118164
1791344811.2672777,11522.843595785,8.501000000000728,0.019999999999988916,0.0,0.027986203000182286,left_hip_pitch_joint,-0.789095938205719,-5.394742965698242,-3.2973294258117676,-1.1402790546417236,-1.1402790546417236,0.0,-44.89182662963867,-44.89182662963867,133.0
1791344811.2672777,11522.84360217,8.501000000000728,0.019999999999988916,0.0,0.027986203000182286,right_hip_pitch_joint,0.33570346236228943,11.485650062561035,3.5192978382110596,0.700210452079773,0.700210452079773,0.0,11.277633666992188,11.277633666992188,133.0
